Date,"(37.875,-119.125)","(38.125,-119.125)",Combined  (mm/month),Inches
1/1/1980,4.115494153,4.757220813,4.436357483,0.174659743
2/1/1980,7.690383836,9.670380182,8.680382009,0.341747323
3/1/1980,15.71786154,15.14629846,15.43208,0.607562205
4/1/1980,29.6739704,40.2245764,34.9492734,1.375955646
5/1/1980,67.9864864,71.3436804,69.6650834,2.742719819
6/1/1980,96.24818441,78.39967338,87.3239289,3.437949956
7/1/1980,93.08129298,73.64458474,83.36293886,3.282005467
8/1/1980,70.5243239,56.7254607,63.6248923,2.50491702
9/1/1980,48.86862407,44.00472058,46.43667233,1.828215446
10/1/1980,29.63432262,27.59948934,28.61690598,1.126649842
11/1/1980,10.95051844,13.29143988,12.12097916,0.477203904
12/1/1980,7.508849048,6.959275907,7.234062478,0.284805609
1/1/1981,5.425594037,5.370059864,5.397826951,0.212512872
2/1/1981,4.787302522,4.809791384,4.798546953,0.188919171
3/1/1981,14.25721352,14.05236182,14.15478767,0.557275105
4/1/1981,40.50992483,46.33540059,43.42266271,1.70955365
5/1/1981,59.4252441,58.33868249,58.8819633,2.318187531
6/1/1981,78.29112845,62.14215069,70.21663957,2.764434629
7/1/1981,68.31056191,53.32413907,60.81735049,2.394383878
8/1/1981,55.17714636,46.40113135,50.78913886,1.999572396
9/1/1981,39.35856129,34.25261399,36.80558764,1.449038883
10/1/1981,37.49580067,34.8647208,36.18026074,1.424419714
11/1/1981,19.61526237,20.39696712,20.00611475,0.787642313
12/1/1981,9.205268801,7.383037857,8.294153329,0.32654147
1/1/1982,3.474122477,3.250110318,3.362116398,0.132366787
2/1/1982,3.496326319,2.772056794,3.134191557,0.123393368
3/1/1982,10.38704847,18.76238247,14.57471547,0.573807696
4/1/1982,35.96669112,43.01542883,39.49105998,1.554766141
5/1/1982,73.13942368,78.72270977,75.93106673,2.989412076
6/1/1982,93.75836734,82.94242646,88.3503969,3.478362083
7/1/1982,102.9014338,85.32729622,94.11436501,3.705289961
8/1/1982,87.0068482,72.79478204,79.90081512,3.145701383
9/1/1982,60.55329737,53.4323802,56.99283879,2.243812551
10/1/1982,48.25435627,43.81484122,46.03459875,1.812385777
11/1/1982,24.02293625,25.939488,24.98121213,0.983512288
12/1/1982,8.241136365,11.51035736,9.875746863,0.388808932
1/1/1983,3.303710974,2.695975514,2.999843244,0.118104065
2/1/1983,0.894643438,4.145859907,2.520251673,0.099222507
3/1/1983,5.830708511,14.26495941,10.04783396,0.395584014
4/1/1983,34.86054408,42.06382683,38.46218546,1.51425927
5/1/1983,72.94587633,78.45257545,75.69922589,2.980284484
6/1/1983,101.828128,82.23884618,92.03348709,3.623365633
7/1/1983,97.11315962,74.73363603,85.92339783,3.382810938
8/1/1983,88.06031545,74.62799349,81.34415447,3.202525767
9/1/1983,62.10100202,52.91497761,57.50798982,2.264094087
10/1/1983,36.32051766,34.06971948,35.19511857,1.385634589
11/1/1983,21.0877726,23.22099979,22.1543862,0.872219929
12/1/1983,4.969220016,6.805430689,5.887325353,0.231784463
1/1/1984,7.249477869,7.842274342,7.545876106,0.297081736
2/1/1984,14.26040653,8.993132438,11.62676948,0.45774683
3/1/1984,17.34784405,16.51684545,16.93234475,0.666627746
4/1/1984,33.95789387,43.41508,38.68648694,1.523090037
5/1/1984,72.06303078,72.32656824,72.19479951,2.842314941
6/1/1984,83.34919204,66.0824668,74.71582942,2.941568087
7/1/1984,88.73924557,72.50876136,80.62400347,3.174173365
8/1/1984,75.75894473,60.52697647,68.1429606,2.682793724
9/1/1984,49.14686771,41.63904786,45.39295779,1.787124322
10/1/1984,37.04660586,33.09287251,35.06973919,1.380698393
11/1/1984,20.32222046,21.47580234,20.8990114,0.822795724
12/1/1984,5.138280889,10.7503852,7.944333045,0.312769018
1/1/1985,3.796816535,5.694637291,4.745726913,0.186839642
2/1/1985,7.124804221,3.931291326,5.528047774,0.217639676
3/1/1985,19.19474281,15.23901438,17.2168786,0.677829866
4/1/1985,32.94399459,38.05208058,35.49803759,1.397560535
5/1/1985,51.83387535,50.12314981,50.97851258,2.007028054
6/1/1985,74.25450059,58.05813713,66.15631886,2.604579483
7/1/1985,71.27232999,59.15373792,65.21303396,2.567442282
8/1/1985,55.44400595,45.55724315,50.50062455,1.988213565
9/1/1985,56.91950489,50.87133299,53.89541894,2.121866887
10/1/1985,41.84595546,39.17982688,40.51289117,1.594995715
11/1/1985,12.58482455,15.08473795,13.83478125,0.544676427
12/1/1985,4.941020371,8.716055661,6.828538016,0.268840079
1/1/1986,6.080788018,5.327944945,5.704366482,0.224581358
2/1/1986,10.98970737,7.601668278,9.295687824,0.365971962
3/1/1986,12.49814077,15.44633825,13.97223951,0.55008817
4/1/1986,35.79125271,47.23861495,41.51493383,1.634446214
5/1/1986,71.45983776,76.80073323,74.1302855,2.918515177
6/1/1986,88.31834348,75.90363937,82.11099143,3.232716198
7/1/1986,77.80271759,64.34730657,71.07501208,2.798228822
8/1/1986,66.19229274,56.4662233,61.32925802,2.414537717
9/1/1986,47.37522252,40.67686936,44.02604594,1.733308895
10/1/1986,26.63240581,25.63282739,26.1326166,1.028843173
11/1/1986,5.57994388,8.45709119,7.018517535,0.276319588
12/1/1986,0.342962849,1.495543759,0.919253304,0.036191075
1/1/1987,3.770238933,3.705436502,3.737837718,0.147158965
2/1/1987,9.161559209,5.153929657,7.157744433,0.281800962
3/1/1987,16.24102696,11.72249049,13.98175873,0.550462942
4/1/1987,25.47279377,31.31574996,28.39427187,1.117884719
5/1/1987,47.57676629,53.79967329,50.68821979,1.995599204
6/1/1987,69.67118456,60.69704551,65.18411504,2.566303742
7/1/1987,63.4959323,53.72856801,58.61225016,2.307568904
8/1/1987,52.1870459,43.70452144,47.94578367,1.887629278
9/1/1987,37.73605318,32.36974279,35.05289799,1.380035354
10/1/1987,31.90706011,31.03101999,31.46904005,1.238938585
11/1/1987,15.70121629,16.92601678,16.31361654,0.642268368
12/1/1987,6.591808215,8.659755787,7.625782001,0.300227638
1/1/1988,3.839714505,5.77431607,4.807015288,0.18925257
2/1/1988,9.120102443,4.928298827,7.024200635,0.276543332
3/1/1988,11.17508438,9.996142446,10.58561341,0.416756434
4/1/1988,27.86880977,31.936836,29.90282289,1.177276492
5/1/1988,54.03679989,53.11135176,53.57407583,2.109215584
6/1/1988,73.35267033,61.08447666,67.2185735,2.646400531
7/1/1988,72.10269901,56.40947454,64.25608678,2.529767196
8/1/1988,63.02643921,55.19325047,59.10984484,2.327159246
9/1/1988,42.52179953,37.41205417,39.96692685,1.573501057
10/1/1988,20.93149971,20.45816964,20.69483468,0.814757271
11/1/1988,15.4985463,16.4203293,15.9594378,0.628324323
12/1/1988,9.124949248,11.86916201,10.49705563,0.413269907
1/1/1989,4.153629914,4.718025609,4.435827762,0.174638888
2/1/1989,5.845726465,4.893933012,5.369829739,0.21141062
3/1/1989,18.70128009,14.56378763,16.63253386,0.654824168
4/1/1989,34.44070495,36.88982422,35.66526459,1.404144275
5/1/1989,65.11783993,63.41019146,64.2640157,2.530079358
6/1/1989,82.88832933,68.75442254,75.82137594,2.985093541
7/1/1989,74.79223429,59.34499559,67.06861494,2.640496651
8/1/1989,66.18908891,57.64431527,61.91670209,2.437665437
9/1/1989,57.90252751,51.60034712,54.75143732,2.155568398
10/1/1989,38.38160928,35.97799018,37.17979973,1.463771643
11/1/1989,18.38348242,18.81679606,18.60013924,0.732288946
12/1/1989,1.545753141,2.449810274,1.997781708,0.078652823
1/1/1990,4.839640153,7.091626712,5.965633433,0.234867458
2/1/1990,5.430237042,5.725818763,5.578027903,0.219607398
3/1/1990,17.38167343,10.01883654,13.70025499,0.539380118
4/1/1990,27.26531483,32.66982797,29.9675714,1.179825646
5/1/1990,54.04385831,54.54588594,54.29487213,2.137593391
6/1/1990,77.41817686,59.38819381,68.40318534,2.693038793
7/1/1990,77.38628887,61.85038594,69.61833741,2.740879425
8/1/1990,60.54091296,49.34944108,54.94517702,2.163195946
9/1/1990,43.57926695,38.83263617,41.20595156,1.622281557
10/1/1990,26.49187249,25.07714547,25.78450898,1.015138149
11/1/1990,7.434522915,11.67375581,9.554139363,0.376147219
12/1/1990,5.548048198,7.364468606,6.456258402,0.254183402
1/1/1991,1.529874472,0.546710765,1.038292619,0.040877662
2/1/1991,-1.085655338,-3.900232483,-2.492943911,-0.098147398
3/1/1991,5.304713531,8.622744771,6.963729151,0.274162565
4/1/1991,34.2828034,36.35652487,35.31966414,1.390537958
5/1/1991,60.92017529,56.79059426,58.85538478,2.317141133
6/1/1991,83.15131485,64.46691967,73.80911726,2.905870758
7/1/1991,79.47309728,62.81671693,71.14490711,2.800980595
8/1/1991,61.45437977,51.61589947,56.53513962,2.225792898
9/1/1991,46.07747856,39.5791514,42.82831498,1.686154133
10/1/1991,28.57095862,28.86154331,28.71625097,1.130561062
11/1/1991,17.77378981,19.85427072,18.81403027,0.740709853
12/1/1991,10.09677163,11.90603985,11.00140574,0.43312621
1/1/1992,7.346193088,6.037134962,6.691664025,0.26345134
2/1/1992,9.110497753,6.31010131,7.710299532,0.3035551
3/1/1992,12.18068705,10.51145904,11.34607305,0.446695789
4/1/1992,36.82587543,39.24770524,38.03679034,1.497511431
5/1/1992,59.26186424,56.49449424,57.87817924,2.278668474
6/1/1992,71.74466494,58.0317548,64.88820987,2.554653932
7/1/1992,82.10876847,68.34033414,75.22455131,2.961596508
8/1/1992,71.00153355,59.2212935,65.11141353,2.563441477
9/1/1992,47.42757385,41.24555612,44.33656499,1.745534055
10/1/1992,29.59997447,26.51355555,28.05676501,1.104597048
11/1/1992,11.25104921,13.23665942,12.24385432,0.482041508
12/1/1992,6.9488783,7.83117812,7.39002821,0.290945993
1/1/1993,1.998985289,1.158810353,1.578897821,0.062161332
2/1/1993,0.902403242,1.07510594,0.988754591,0.038927346
3/1/1993,2.387986354,10.77085389,6.579420122,0.259032288
4/1/1993,40.45820804,47.3043058,43.88125692,1.72760854
5/1/1993,75.15246161,78.24657999,76.6995208,3.019666173
6/1/1993,105.9706907,88.48601239,97.22835155,3.827887856
7/1/1993,96.34045505,79.03580641,87.68813073,3.452288611
8/1/1993,70.47489102,56.53545324,63.50517213,2.500203627
9/1/1993,44.59684358,37.33806794,40.96745576,1.612891959
10/1/1993,31.72525341,30.76308726,31.24417034,1.230085446
11/1/1993,8.724407093,12.36719355,10.54580032,0.415188989
12/1/1993,9.37199052,10.33342615,9.852708335,0.387901903
1/1/1994,8.586543012,7.419965531,8.003254272,0.315088751
2/1/1994,6.66166934,7.249677455,6.955673398,0.273845409
3/1/1994,16.06187083,10.75124676,13.4065588,0.527817275
4/1/1994,26.76556451,31.4454277,29.10549611,1.145885673
5/1/1994,61.10652587,63.41630133,62.2614136,2.451236756
6/1/1994,77.44589714,63.23134656,70.33862185,2.769237081
7/1/1994,65.81567339,53.45090297,59.63328818,2.347767251
8/1/1994,50.68766626,42.03879036,46.36322831,1.825323949
9/1/1994,43.91263862,37.3930966,40.65286761,1.600506599
10/1/1994,38.59247619,35.39554235,36.99400927,1.456457058
11/1/1994,16.16522354,19.53259299,17.84890827,0.702712924
12/1/1994,3.12032465,3.993080991,3.556702821,0.14002767
1/1/1995,3.009715639,2.498317931,2.754016785,0.108425858
2/1/1995,1.564358878,7.552387827,4.558373353,0.179463518
3/1/1995,15.20273943,16.08254019,15.64263981,0.615851961
4/1/1995,30.21474373,40.34120993,35.27797683,1.388896726
5/1/1995,69.96476443,76.9844575,73.47461097,2.892701219
6/1/1995,111.1424532,98.75009335,104.9462733,4.131743042
7/1/1995,111.0726263,96.19569593,103.6341611,4.080085083
8/1/1995,80.27532488,66.83106706,73.55319597,2.895795117
9/1/1995,49.06771156,41.22894381,45.14832769,1.777493216
10/1/1995,23.40590787,21.79233036,22.59911912,0.889729099
11/1/1995,4.549984464,7.636383675,6.09318407,0.239889137
12/1/1995,5.56973269,7.823340497,6.696536594,0.263643173
1/1/1996,4.222869389,8.079316275,6.151092832,0.242169009
2/1/1996,3.860242887,6.05634306,4.958292974,0.195208385
3/1/1996,16.22333627,17.80906852,17.0162024,0.669929228
4/1/1996,48.19631331,55.45129835,51.82380583,2.040307316
5/1/1996,78.69923207,78.77787631,78.73855419,3.099943078
6/1/1996,97.09868729,77.24156524,87.17012627,3.431894735
7/1/1996,89.12854516,74.17407622,81.65131069,3.214618531
8/1/1996,69.63081142,56.97328558,63.3020485,2.492206634
9/1/1996,43.86345619,36.70791464,40.28568542,1.586050607
10/1/1996,28.76227286,26.56784684,27.66505985,1.089175585
11/1/1996,21.89807518,22.34582395,22.12194957,0.870942896
12/1/1996,6.628436405,8.562104807,7.595270606,0.299026402
1/1/1997,3.520125471,3.201967054,3.361046263,0.132324656
2/1/1997,7.607169831,14.02512568,10.81614776,0.425832589
3/1/1997,16.18112725,16.0996681,16.14039768,0.635448727
4/1/1997,32.27115535,43.63080184,37.9509786,1.494133016
5/1/1997,62.7426517,65.73499682,64.23882426,2.529087569
6/1/1997,81.75621009,71.38680954,76.57150982,3.014626371
7/1/1997,79.57017399,64.66289939,72.11653669,2.839233728
8/1/1997,68.00625308,54.25633897,61.13129603,2.406743938
9/1/1997,46.75485402,39.3732686,43.06406131,1.695435485
10/1/1997,30.78146786,28.98836249,29.88491518,1.176571464
11/1/1997,15.2647829,19.13313209,17.1989575,0.677124311
12/1/1997,9.177672823,11.09546623,10.13656953,0.39907754
1/1/1998,3.23227039,6.275480999,4.753875695,0.18716046
2/1/1998,0.527700161,2.355789154,1.441744658,0.056761601
3/1/1998,4.494357655,13.96554652,9.229952088,0.36338394
4/1/1998,32.59644282,41.58220295,37.08932289,1.460209562
5/1/1998,61.71454625,69.55409672,65.63432149,2.584028405
6/1/1998,106.548908,92.649947,99.5994275,3.921237303
7/1/1998,104.9901024,87.41423285,96.20216763,3.787486914
8/1/1998,79.86997657,67.09358821,73.48178239,2.892983559
9/1/1998,62.86771406,56.69233815,59.78002611,2.353544335
10/1/1998,35.85761605,35.87905485,35.86833545,1.412139191
11/1/1998,17.84652187,19.26193999,18.55423093,0.730481533
12/1/1998,10.82275962,10.30705573,10.56490768,0.415941247
1/1/1999,4.939265607,8.059211373,6.49923849,0.255875531
2/1/1999,5.739728209,8.512161824,7.125945017,0.280549016
3/1/1999,17.85784017,13.1093785,15.48360934,0.609590919
4/1/1999,37.39698283,45.82704894,41.61201589,1.638268342
5/1/1999,64.74555795,66.72029957,65.73292876,2.587910581
6/1/1999,89.55408356,69.22252736,79.38830546,3.125523837
7/1/1999,80.55710973,60.77702197,70.66706585,2.782167947
8/1/1999,67.55997095,53.7522986,60.65613478,2.388036802
9/1/1999,48.7564335,40.59322748,44.67483049,1.758851594
10/1/1999,28.70717337,26.93709407,27.82213372,1.095359595
11/1/1999,15.81894721,16.02901858,15.9239829,0.62692846
12/1/1999,1.273039539,1.678072217,1.475555878,0.058092751
1/1/2000,1.206318635,2.053704576,1.630011606,0.064173685
2/1/2000,2.766618341,2.855988661,2.811303501,0.11068124
3/1/2000,8.85204393,12.43725854,10.64465124,0.419080757
4/1/2000,41.18948789,44.11616192,42.65282491,1.679245075
5/1/2000,71.10775858,63.71193549,67.40984704,2.653930986
6/1/2000,86.63936269,66.52046224,76.57991247,3.014957184
7/1/2000,74.7144943,56.84588211,65.78018821,2.589771189
8/1/2000,65.27226031,54.68182369,59.977042,2.361300866
9/1/2000,50.54324154,44.27025384,47.40674769,1.866407389
10/1/2000,35.57884767,32.134537,33.85669234,1.332940643
11/1/2000,14.00169277,16.0310562,15.01637449,0.591195846
12/1/2000,2.926423451,6.211099446,4.568761449,0.179872498
1/1/2001,1.805968354,1.943895972,1.874932163,0.073816227
2/1/2001,-0.450091131,-0.349986131,-0.400038631,-0.015749552
3/1/2001,10.54994621,11.55664162,11.05329392,0.435169052
4/1/2001,37.76865083,44.06564779,40.91714931,1.61091139
5/1/2001,71.52380407,63.73349305,67.62864856,2.662545219
6/1/2001,77.50259772,56.42751572,66.96505672,2.636419556
7/1/2001,78.08025079,60.98778717,69.53401898,2.737559802
8/1/2001,64.07367713,48.85731975,56.46549844,2.22305112
9/1/2001,45.43841673,36.85755551,41.14798612,1.619999454
10/1/2001,25.83517752,23.7187169,24.77694721,0.975470363
11/1/2001,15.12132817,16.57626252,15.84879535,0.623968321
12/1/2001,3.518621495,5.651874132,4.585247814,0.180521567
1/1/2002,2.911091696,3.275178723,3.09313521,0.121776977
2/1/2002,4.535546174,4.358213966,4.44688007,0.175074019
3/1/2002,11.84161784,19.99400468,15.91781126,0.626685483
4/1/2002,32.7880651,36.30680162,34.54743336,1.360135172
5/1/2002,66.20637589,60.96784282,63.58710936,2.503429502
6/1/2002,82.88869305,60.52894492,71.70881899,2.82318185
7/1/2002,73.98305107,56.57760597,65.28032852,2.570091674
8/1/2002,55.30846015,46.02669887,50.66757951,1.994786595
9/1/2002,42.56612711,35.79846621,39.18229666,1.542610105
10/1/2002,24.68528692,23.32021146,24.00274919,0.944990126
11/1/2002,16.1718399,16.90217493,16.53700742,0.651063284
12/1/2002,7.115312369,10.07025918,8.592785775,0.338298653
1/1/2003,3.421983767,6.65867369,5.040328729,0.198438139
2/1/2003,4.752996195,5.781083882,5.267040039,0.207363781
3/1/2003,24.06119848,16.92076265,20.49098057,0.806731518
4/1/2003,36.66970797,40.86373396,38.76672097,1.526248857
5/1/2003,76.74046043,71.25507144,73.99776594,2.913297871
6/1/2003,90.06749569,68.30422904,79.18586237,3.117553636
7/1/2003,81.51987301,65.89810229,73.70898765,2.901928648
8/1/2003,75.11535501,64.0417885,69.57857176,2.739313849
9/1/2003,50.20235709,44.41877756,47.31056733,1.862620761
10/1/2003,23.80653646,23.66710179,23.73681913,0.934520438
11/1/2003,12.30372145,14.79433136,13.54902641,0.533426236
12/1/2003,7.398446701,9.722715561,8.560581131,0.337030753
1/1/2004,2.079908127,3.661834465,2.870871296,0.113026429
2/1/2004,4.317565383,3.396428884,3.856997134,0.151850281
3/1/2004,19.00397968,16.39540403,17.69969186,0.696838262
4/1/2004,27.84991253,33.82494902,30.83743078,1.214072078
5/1/2004,55.45240568,55.64394811,55.5481769,2.186936098
6/1/2004,74.94163677,59.33531715,67.13847696,2.643247124
7/1/2004,70.91906361,56.38385595,63.65145978,2.505962983
8/1/2004,63.92194856,53.27429264,58.5981206,2.307012622
9/1/2004,42.71291515,37.09935595,39.90613555,1.571107699
10/1/2004,32.72498742,30.55642366,31.64070554,1.245697069
11/1/2004,18.3098785,22.68075481,20.49531666,0.806902231
12/1/2004,7.068886071,9.209851158,8.139368615,0.320447583
1/1/2005,1.46435484,2.655629537,2.059992189,0.081102055
2/1/2005,2.021148898,2.160416431,2.090782665,0.082314278
3/1/2005,9.453320714,18.93712097,14.19522084,0.558866962
4/1/2005,32.02343739,46.2820881,39.15276275,1.541447352
5/1/2005,84.64818681,86.3096349,85.47891086,3.365311451
6/1/2005,102.6330607,87.85240464,95.24273267,3.749713885
7/1/2005,105.7221965,86.06737704,95.89478677,3.775385306
8/1/2005,80.19189116,64.70669029,72.44929073,2.852334281
9/1/2005,52.21658455,42.94826518,47.58242487,1.873323814
10/1/2005,31.49403152,28.2580403,29.87603591,1.176221886
11/1/2005,12.0105979,14.07282438,13.04171114,0.513453194
12/1/2005,9.975708132,9.687999703,9.831853918,0.387080863
1/1/2006,2.9612593,3.747307868,3.354283584,0.132058409
2/1/2006,9.153911681,9.32900642,9.241459051,0.36383697
3/1/2006,12.29037841,14.3539845,13.32218146,0.524495333
4/1/2006,34.37866966,42.77997517,38.57932242,1.518870961
5/1/2006,78.31144371,81.06118268,79.6863132,3.137256425
6/1/2006,107.8252254,86.35049268,97.08785904,3.822356655
7/1/2006,101.6136544,80.30128829,90.95747135,3.581002809
8/1/2006,75.69758266,59.33502796,67.51630531,2.658122256
9/1/2006,47.72859072,39.63593284,43.68226178,1.719774086
10/1/2006,32.54359143,31.12837126,31.83598135,1.253385092
11/1/2006,12.01531164,14.83551411,13.42541288,0.528559562
12/1/2006,3.835398944,6.706963551,5.271181248,0.207526821
1/1/2007,4.147887012,6.085087038,5.116487025,0.201436497
2/1/2007,6.76946639,2.209689289,4.48957784,0.176755033
3/1/2007,12.61309195,8.883666031,10.74837899,0.423164527
4/1/2007,20.62667006,30.43687989,25.53177498,1.005187991
5/1/2007,44.73417078,48.60145745,46.66781412,1.837315516
6/1/2007,57.69603254,46.12780213,51.91191734,2.043776273
7/1/2007,57.44520624,45.220367,51.33278662,2.020975851
8/1/2007,55.17372605,47.36511953,51.26942279,2.018481212
9/1/2007,48.07266163,43.97718666,46.02492415,1.812004888
10/1/2007,29.82307582,30.04008015,29.93157799,1.178408582
11/1/2007,8.971230455,13.28418567,11.12770806,0.438098743
12/1/2007,4.936390644,6.946329624,5.941360134,0.233911816
1/1/2008,3.923960679,3.676945536,3.800453108,0.149624138
2/1/2008,-0.468199315,1.557763666,0.544782176,0.021448117
3/1/2008,13.40880274,13.84502321,13.62691298,0.536492637
4/1/2008,32.20569898,42.4673228,37.33651089,1.469941374
5/1/2008,60.86089167,64.61273143,62.73681155,2.469953211
6/1/2008,89.6330513,76.24142564,82.93723847,3.265245609
7/1/2008,74.05736909,60.38235925,67.21986417,2.646451345
8/1/2008,56.40988568,46.5828492,51.49636744,2.027416041
9/1/2008,39.11875349,34.09445758,36.60660554,1.441204942
10/1/2008,29.7612372,28.06378541,28.91251131,1.138287847
11/1/2008,16.49591519,17.73067263,17.11329391,0.673751729
12/1/2008,4.929531599,6.792331755,5.860931677,0.230745342
1/1/2009,6.626168895,5.567846926,6.097007911,0.240039682
2/1/2009,4.671685388,2.747208523,3.709446956,0.146041219
3/1/2009,17.38244497,12.75848692,15.07046595,0.593325431
4/1/2009,33.49325677,40.02612616,36.75969147,1.447231947
5/1/2009,69.50352999,65.48752768,67.49552884,2.657304285
6/1/2009,87.84592292,69.27888777,78.56240535,3.093008084
7/1/2009,88.16275865,69.2101501,78.68645438,3.097891905
8/1/2009,68.19354539,57.35541665,62.77448102,2.471436261
9/1/2009,44.35399371,39.52395994,41.93897683,1.65114082
10/1/2009,37.36111439,35.26444462,36.31277951,1.429636988
11/1/2009,16.29902565,18.00111246,17.15006906,0.675199569
12/1/2009,4.28580909,6.594894065,5.440351578,0.21418707
1/1/2010,3.39555117,3.885654968,3.640603069,0.143330829
2/1/2010,2.686371115,4.79695498,3.741663048,0.147309569
3/1/2010,15.50496062,18.83630549,17.17063306,0.676009175
4/1/2010,38.9560113,45.49077526,42.22339328,1.662338318
5/1/2010,64.06616851,68.87939142,66.47277997,2.617038581
6/1/2010,101.4224843,80.00552344,90.71400387,3.571417475
7/1/2010,97.73326974,77.41708886,87.5751793,3.447841705
8/1/2010,68.21047331,55.46960783,61.84004057,2.434647267
9/1/2010,43.93414993,37.60701161,40.77058077,1.605140975
10/1/2010,43.31262261,42.46246564,42.88754413,1.688485989
11/1/2010,19.42343102,22.44891311,20.93617207,0.824258743
12/1/2010,6.527087294,8.923772878,7.725430086,0.304150791
1/1/2011,1.20562361,3.459513358,2.332568484,0.091833405
2/1/2011,2.467629245,6.954162758,4.710896002,0.185468347
3/1/2011,3.133085677,11.65622682,7.394656249,0.291128199
4/1/2011,30.31925357,41.17038606,35.74481982,1.407276371
5/1/2011,67.02385155,74.50909906,70.76647531,2.786081705
6/1/2011,108.9867357,94.13565677,101.5611962,3.998472293
7/1/2011,105.5223186,84.90592052,95.21411956,3.748587384
8/1/2011,79.89985311,64.35489012,72.12737162,2.8396603
9/1/2011,53.53520311,44.56392996,49.04956654,1.931085297
10/1/2011,40.93925992,38.70120105,39.82023049,1.56772561
11/1/2011,14.64077686,16.23655139,15.43866413,0.607821422
12/1/2011,0.951293903,2.715610318,1.833452111,0.072183154
1/1/2012,4.936781753,6.870620232,5.903700993,0.232429173
2/1/2012,9.243074852,5.778297732,7.510686292,0.295696311
3/1/2012,13.08440677,12.35322004,12.71881341,0.500740685
4/1/2012,31.97677427,35.77258301,33.87467864,1.333648765
5/1/2012,49.1842793,48.86170579,49.02299255,1.930039077
6/1/2012,60.59115038,47.85652105,54.22383572,2.134796682
7/1/2012,55.02459208,44.41852409,49.72155809,1.957541657
8/1/2012,58.15382191,54.18096596,56.16739394,2.211314722
9/1/2012,38.32279445,33.80400246,36.06339846,1.419818837
10/1/2012,30.41654366,28.56811425,29.49232896,1.161115313
11/1/2012,11.21612972,15.68110261,13.44861617,0.529473077
12/1/2012,10.69180694,12.80477926,11.7482931,0.462531224
1/1/2013,5.403459138,6.265243591,5.834351365,0.229698873
2/1/2013,10.49568809,8.745291444,9.620489767,0.37875944
3/1/2013,13.61421622,13.87482952,13.74452287,0.541122948
4/1/2013,31.15450826,37.82055201,34.48753014,1.357776777
5/1/2013,52.97212587,54.02005483,53.49609035,2.106145289
6/1/2013,67.18391595,52.27362966,59.72877281,2.351526488
7/1/2013,66.77614134,55.79146625,61.2838038,2.412748181
8/1/2013,57.36261226,50.18473184,53.77367205,2.117073703
9/1/2013,45.7302278,40.90887653,43.31955217,1.70549418
10/1/2013,29.53253079,29.30499604,29.41876342,1.158219032
11/1/2013,10.85919034,14.03660175,12.44789605,0.490074647
12/1/2013,3.443631338,5.783474437,4.613552888,0.18163594
1/1/2014,2.494483432,1.874142341,2.184312887,0.08599657
2/1/2014,11.24422931,6.740021405,8.992125358,0.354020683
3/1/2014,13.90517278,10.88970959,12.39744119,0.488088236
4/1/2014,29.93975681,36.44484223,33.19229952,1.306783446
5/1/2014,49.34754493,54.02407705,51.68581099,2.034874448
6/1/2014,60.66310476,49.8927614,55.27793308,2.176296578
7/1/2014,63.05785623,53.00982058,58.03383841,2.284796788
8/1/2014,59.88416468,53.43729604,56.66073036,2.230737416
9/1/2014,43.67137234,39.12109896,41.39623565,1.629773057
10/1/2014,29.477305,28.44756356,28.96243428,1.140253318
11/1/2014,13.97509766,17.57051467,15.77280617,0.620976621
12/1/2014,11.18684447,10.74531865,10.96608156,0.431735494
1/1/2015,6.68419396,2.654038624,4.669116292,0.183823476
2/1/2015,9.825317639,5.238754502,7.532036071,0.296536853
3/1/2015,4.537496548,2.954029284,3.745762916,0.147470981
4/1/2015,18.77477775,22.7901294,20.78245358,0.818206834
5/1/2015,52.29740332,64.97556007,58.6364817,2.308522901
6/1/2015,75.41196953,72.41079304,73.91138129,2.909896901
7/1/2015,76.19298051,72.59589928,74.3944399,2.928914956
8/1/2015,60.67687466,56.57923435,58.62805451,2.308191122
9/1/2015,41.78578589,37.32349214,39.55463902,1.557269253
10/1/2015,34.18757524,33.44250878,33.81504201,1.331300867
11/1/2015,20.06590615,19.12339454,19.59465035,0.771442927
12/1/2015,8.610721004,10.82004871,9.715384857,0.382495467
1/1/2016,4.189328531,8.948328015,6.568828273,0.258615286
2/1/2016,1.252822453,9.361033986,5.30692822,0.208934182
3/1/2016,24.83563453,16.5802555,20.70794502,0.815273426
4/1/2016,39.29465411,43.17501396,41.23483404,1.623418663
5/1/2016,68.79956288,70.84288247,69.82122268,2.748867034
6/1/2016,109.2811813,79.50652268,94.39385199,3.716293385
7/1/2016,92.42554342,62.5391091,77.48232626,3.050485286
8/1/2016,67.25515559,46.92011098,57.08763329,2.247544618
9/1/2016,45.83477096,34.42133009,40.12805053,1.579844509
10/1/2016,36.47435006,30.2291797,33.35176488,1.313061609
11/1/2016,20.03517992,18.41058511,19.22288252,0.756806398
12/1/2016,8.985953406,9.206579882,9.096266644,0.358120734
1/1/2017,9.690837206,10.84969973,10.27026847,0.404341278
2/1/2017,7.341060907,15.98744422,11.66425256,0.459222542
3/1/2017,0.184855757,16.96357027,8.574213014,0.337567441
4/1/2017,36.80813859,51.39816385,44.10315122,1.736344536
5/1/2017,85.83871855,84.82726446,85.33299151,3.359566595
6/1/2017,112.4364795,92.60389182,102.5201857,4.036227782
7/1/2017,99.25559924,80.04322334,89.64941129,3.529504381
8/1/2017,80.91030132,63.85704625,72.38367379,2.849750936
9/1/2017,57.22022122,43.8140052,50.51711321,1.988862725
10/1/2017,31.98041883,26.36911168,29.17476526,1.148612805
11/1/2017,15.15968303,14.8842531,15.02196807,0.591416066
12/1/2017,6.046737851,5.317093,5.681915426,0.223697458
