Date,"(38.0,-119.375)","(38.0,-118.75)",Inches/Month,,,,
1/1/1980,8.36E-06,5.94E-06,0.753959055,20.92529764,,,"((AVERAGE(B3:C3))*60*60*24*DAY(EOMONTH(A3,0)))/25.4"
2/1/1980,1.38E-05,1.00E-05,1.173883465,,,,
3/1/1980,1.88E-05,1.66E-05,1.866444094,,,,
4/1/1980,1.68E-05,2.76E-05,2.265448819,,,,
5/1/1980,2.80E-05,2.91E-05,3.01056378,,,,
6/1/1980,4.08E-05,3.50E-05,3.867590551,,,,
7/1/1980,3.80E-05,2.63E-05,3.390179528,,,,
8/1/1980,1.91E-05,1.58E-05,1.84008189,,,,
9/1/1980,1.10E-05,1.00E-05,1.071496063,,,,
10/1/1980,6.91E-06,5.36E-06,0.646928504,,,,
11/1/1980,6.06E-06,3.83E-06,0.504623622,,,,
12/1/1980,6.75E-06,3.38E-06,0.534098268,,,,
1/1/1981,6.13E-06,3.49E-06,0.507208819,30.32957362,,,
2/1/1981,1.21E-05,7.57E-06,0.936725669,,,,
3/1/1981,1.72E-05,1.27E-05,1.576459843,,,,
4/1/1981,2.70E-05,2.16E-05,2.479748031,,,,
5/1/1981,2.65E-05,1.99E-05,2.446412598,,,,
6/1/1981,2.79E-05,2.10E-05,2.495055118,,,,
7/1/1981,1.63E-05,1.29E-05,1.539552756,,,,
8/1/1981,8.07E-06,4.29E-06,0.651673701,,,,
9/1/1981,5.07E-06,3.97E-06,0.461253543,,,,
10/1/1981,9.04E-06,6.00E-06,0.792975118,,,,
11/1/1981,9.41E-06,6.31E-06,0.802091339,,,,
12/1/1981,7.82E-06,4.99E-06,0.675399685,,,,
1/1/1982,7.79E-06,5.19E-06,0.684362835,44.60662844,,,
2/1/1982,1.17E-05,1.03E-05,1.047685039,,,,
3/1/1982,1.72E-05,1.63E-05,1.766267717,,,,
4/1/1982,1.74E-05,2.57E-05,2.19911811,,,,
5/1/1982,3.65E-05,3.31E-05,3.669618898,,,,
6/1/1982,3.43E-05,2.74E-05,3.14815748,,,,
7/1/1982,3.73E-05,2.68E-05,3.379634646,,,,
8/1/1982,2.52E-05,1.98E-05,2.372598425,,,,
9/1/1982,1.52E-05,1.34E-05,1.459275591,,,,
10/1/1982,1.36E-05,9.52E-06,1.218988346,,,,
11/1/1982,1.10E-05,6.82E-06,0.909240945,,,,
12/1/1982,1.02E-05,5.44E-06,0.824609764,,,,
1/1/1983,9.10E-06,5.33E-06,0.760813228,45.97017809,,,
2/1/1983,9.82E-06,9.27E-06,0.909104882,,,,
3/1/1983,1.50E-05,1.68E-05,1.67663622,,,,
4/1/1983,2.01E-05,2.23E-05,2.163401575,,,,
5/1/1983,2.61E-05,3.79E-05,3.374362205,,,,
6/1/1983,4.29E-05,4.06E-05,4.260472441,,,,
7/1/1983,3.85E-05,3.03E-05,3.62743937,,,,
8/1/1983,2.50E-05,2.14E-05,2.446412598,,,,
9/1/1983,1.66E-05,1.50E-05,1.612346457,,,,
10/1/1983,1.08E-05,8.79E-06,1.032871181,,,,
11/1/1983,1.10E-05,6.37E-06,0.886280315,,,,
12/1/1983,5.99E-06,5.38E-06,0.599476535,,,,
1/1/1984,8.99E-06,6.21E-06,0.801411024,41.42833421,,,
2/1/1984,1.30E-05,1.22E-05,1.242935433,,,,
3/1/1984,1.67E-05,1.90E-05,1.882261417,,,,
4/1/1984,2.78E-05,2.36E-05,2.622614173,,,,
5/1/1984,3.81E-05,2.79E-05,3.479811024,,,,
6/1/1984,3.45E-05,2.12E-05,2.842015748,,,,
7/1/1984,2.96E-05,2.11E-05,2.673127559,,,,
8/1/1984,1.85E-05,1.87E-05,1.961348031,,,,
9/1/1984,1.02E-05,1.16E-05,1.112314961,,,,
10/1/1984,9.23E-06,6.99E-06,0.855189921,,,,
11/1/1984,1.15E-05,6.58E-06,0.922507087,,,,
12/1/1984,8.50E-06,4.23E-06,0.671181732,,,,
1/1/1985,9.20E-06,4.49E-06,0.721797165,32.28906397,,,
2/1/1985,1.20E-05,8.93E-06,0.996729449,,,,
3/1/1985,1.84E-05,1.33E-05,1.67136378,,,,
4/1/1985,2.77E-05,2.06E-05,2.464440945,,,,
5/1/1985,2.44E-05,1.86E-05,2.267149606,,,,
6/1/1985,2.63E-05,1.98E-05,2.352188976,,,,
7/1/1985,1.72E-05,1.53E-05,1.713543307,,,,
8/1/1985,8.91E-06,5.87E-06,0.779266772,,,,
9/1/1985,1.20E-05,1.00E-05,1.122519685,,,,
10/1/1985,1.05E-05,8.12E-06,0.981728504,,,,
11/1/1985,8.76E-06,5.58E-06,0.73167874,,,,
12/1/1985,6.72E-06,3.80E-06,0.554660787,,,,
1/1/1986,7.74E-06,6.18E-06,0.73392378,38.65857568,,,
2/1/1986,1.26E-05,1.11E-05,1.12864252,,,,
3/1/1986,1.20E-05,2.00E-05,1.687181102,,,,
4/1/1986,2.63E-05,2.92E-05,2.831811024,,,,
5/1/1986,3.72E-05,3.55E-05,3.833064567,,,,
6/1/1986,3.75E-05,2.93E-05,3.408377953,,,,
7/1/1986,2.40E-05,1.93E-05,2.282966929,,,,
8/1/1986,1.56E-05,1.62E-05,1.67663622,,,,
9/1/1986,8.98E-06,7.46E-06,0.838828346,,,,
10/1/1986,6.44E-06,4.64E-06,0.584186457,,,,
11/1/1986,3.30E-06,1.86E-06,0.26328189,,,,
12/1/1986,4.21E-06,2.32E-06,0.344290394,,,,
1/1/1987,8.92E-06,4.12E-06,0.687526299,25.61830949,,,
2/1/1987,1.30E-05,6.17E-06,0.912914646,,,,
3/1/1987,1.70E-05,1.01E-05,1.428831496,,,,
4/1/1987,2.03E-05,1.49E-05,1.796031496,,,,
5/1/1987,1.89E-05,1.52E-05,1.797902362,,,,
6/1/1987,2.24E-05,2.00E-05,2.163401575,,,,
7/1/1987,1.38E-05,1.48E-05,1.50791811,,,,
8/1/1987,7.35E-06,4.60E-06,0.630056693,,,,
9/1/1987,4.18E-06,2.36E-06,0.333694488,,,,
10/1/1987,4.76E-06,4.26E-06,0.475574173,,,,
11/1/1987,7.93E-06,5.34E-06,0.677083465,,,,
12/1/1987,7.00E-06,3.71E-06,0.564678425,,,,
1/1/1988,8.57E-06,5.18E-06,0.72496063,27.55042528,,,
2/1/1988,1.22E-05,8.29E-06,1.010624882,,,,
3/1/1988,1.79E-05,1.25E-05,1.602822047,,,,
4/1/1988,1.96E-05,1.46E-05,1.745007874,,,,
5/1/1988,2.30E-05,1.82E-05,2.172245669,,,,
6/1/1988,2.11E-05,1.85E-05,2.020535433,,,,
7/1/1988,1.73E-05,1.59E-05,1.750450394,,,,
8/1/1988,9.92E-06,8.35E-06,0.963274961,,,,
9/1/1988,6.59E-06,5.10E-06,0.596466142,,,,
10/1/1988,2.49E-06,1.88E-06,0.230405669,,,,
11/1/1988,8.79E-06,3.82E-06,0.643407874,,,,
12/1/1988,6.48E-06,3.74E-06,0.538843465,,,,
1/1/1989,9.84E-06,4.50E-06,0.756068031,33.21708703,,,
2/1/1989,1.23E-05,7.93E-06,0.963394016,,,,
3/1/1989,1.82E-05,1.43E-05,1.713543307,,,,
4/1/1989,2.74E-05,1.83E-05,2.331779528,,,,
5/1/1989,2.63E-05,1.91E-05,2.393688189,,,,
6/1/1989,2.78E-05,2.05E-05,2.464440945,,,,
7/1/1989,1.90E-05,1.66E-05,1.876988976,,,,
8/1/1989,1.19E-05,1.37E-05,1.349744882,,,,
9/1/1989,1.06E-05,8.73E-06,0.986286614,,,,
10/1/1989,9.72E-06,7.43E-06,0.904223622,,,,
11/1/1989,7.58E-06,4.64E-06,0.623508661,,,,
12/1/1989,6.18E-06,2.72E-06,0.469247244,,,,
1/1/1990,9.88E-06,4.80E-06,0.773994331,28.9935019,,,
2/1/1990,1.11E-05,7.02E-06,0.862911496,,,,
3/1/1990,1.85E-05,1.19E-05,1.602822047,,,,
4/1/1990,2.25E-05,1.55E-05,1.938897638,,,,
5/1/1990,2.31E-05,1.70E-05,2.114248819,,,,
6/1/1990,2.65E-05,1.93E-05,2.33688189,,,,
7/1/1990,1.99E-05,1.71E-05,1.95080315,,,,
8/1/1990,1.17E-05,9.00E-06,1.091395276,,,,
9/1/1990,7.71E-06,5.10E-06,0.653612598,,,,
10/1/1990,5.00E-06,4.94E-06,0.52408063,,,,
11/1/1990,5.23E-06,2.50E-06,0.394412598,,,,
12/1/1990,5.89E-06,2.97E-06,0.467138268,,,,
1/1/1991,4.37E-06,2.60E-06,0.367489134,30.81421541,,,
2/1/1991,6.04E-06,4.28E-06,0.491459528,,,,
3/1/1991,1.62E-05,1.19E-05,1.481555906,,,,
4/1/1991,2.28E-05,1.87E-05,2.117480315,,,,
5/1/1991,2.79E-05,2.01E-05,2.530771654,,,,
6/1/1991,3.25E-05,2.07E-05,2.714456693,,,,
7/1/1991,2.58E-05,1.82E-05,2.319874016,,,,
8/1/1991,1.27E-05,8.43E-06,1.114066772,,,,
9/1/1991,8.21E-06,6.85E-06,0.768415748,,,,
10/1/1991,6.61E-06,3.50E-06,0.53304378,,,,
11/1/1991,8.42E-06,5.18E-06,0.69392126,,,,
12/1/1991,6.75E-06,3.08E-06,0.518280945,,,,
1/1/1992,8.04E-06,4.30E-06,0.650619213,36.23151071,,,
2/1/1992,1.10E-05,8.24E-06,0.948971339,,,,
3/1/1992,1.53E-05,1.52E-05,1.608094488,,,,
4/1/1992,3.03E-05,2.80E-05,2.974677165,,,,
5/1/1992,3.06E-05,2.52E-05,2.942022047,,,,
6/1/1992,2.60E-05,2.09E-05,2.393007874,,,,
7/1/1992,2.65E-05,2.04E-05,2.472774803,,,,
8/1/1992,1.82E-05,1.60E-05,1.803174803,,,,
9/1/1992,9.44E-06,8.07E-06,0.893423622,,,,
10/1/1992,5.90E-06,3.94E-06,0.518808189,,,,
11/1/1992,6.08E-06,3.95E-06,0.511766929,,,,
12/1/1992,9.05E-06,4.49E-06,0.713888504,,,,
1/1/1993,7.50E-06,5.38E-06,0.679090394,40.34711233,,,
2/1/1993,1.10E-05,7.92E-06,0.901009134,,,,
3/1/1993,1.06E-05,1.53E-05,1.365562205,,,,
4/1/1993,2.67E-05,3.10E-05,2.944062992,,,,
5/1/1993,3.73E-05,3.85E-05,3.996510236,,,,
6/1/1993,4.22E-05,3.20E-05,3.785952756,,,,
7/1/1993,3.26E-05,2.33E-05,2.947294488,,,,
8/1/1993,1.56E-05,1.33E-05,1.523735433,,,,
9/1/1993,7.42E-06,4.76E-06,0.621467717,,,,
10/1/1993,6.77E-06,4.85E-06,0.612657638,,,,
11/1/1993,6.03E-06,3.62E-06,0.492377953,,,,
12/1/1993,8.23E-06,3.49E-06,0.617930079,,,,
1/1/1994,7.58E-06,3.71E-06,0.595258583,29.16618971,,,
2/1/1994,1.23E-05,6.58E-06,0.899104252,,,,
3/1/1994,1.76E-05,1.32E-05,1.623911811,,,,
4/1/1994,2.13E-05,1.56E-05,1.882771654,,,,
5/1/1994,2.50E-05,1.99E-05,2.367325984,,,,
6/1/1994,2.75E-05,2.25E-05,2.551181102,,,,
7/1/1994,1.54E-05,1.42E-05,1.56064252,,,,
8/1/1994,7.10E-06,3.50E-06,0.55887874,,,,
9/1/1994,5.08E-06,3.39E-06,0.432170079,,,,
10/1/1994,8.71E-06,8.06E-06,0.884188346,,,,
11/1/1994,1.08E-05,6.44E-06,0.879647244,,,,
12/1/1994,5.65E-06,4.63E-06,0.542006929,,,,
1/1/1995,7.87E-06,4.63E-06,0.659055118,44.13249495,,,
2/1/1995,8.64E-06,1.16E-05,0.963870236,,,,
3/1/1995,1.62E-05,1.92E-05,1.866444094,,,,
4/1/1995,1.84E-05,2.93E-05,2.433826772,,,,
5/1/1995,2.96E-05,3.10E-05,3.195099213,,,,
6/1/1995,4.14E-05,4.00E-05,4.153322835,,,,
7/1/1995,4.38E-05,3.76E-05,4.291766929,,,,
8/1/1995,2.46E-05,2.14E-05,2.425322835,,,,
9/1/1995,1.10E-05,1.21E-05,1.178645669,,,,
10/1/1995,4.33E-06,3.98E-06,0.438139843,,,,
11/1/1995,2.52E-06,1.75E-06,0.217870866,,,,
12/1/1995,7.76E-06,3.91E-06,0.615293858,,,,
1/1/1996,8.19E-06,5.79E-06,0.737087244,41.51914312,,,
2/1/1996,9.25E-06,9.45E-06,0.922337008,,,,
3/1/1996,1.61E-05,1.91E-05,1.855899213,,,,
4/1/1996,3.28E-05,3.04E-05,3.224692913,,,,
5/1/1996,3.73E-05,3.20E-05,3.653801575,,,,
6/1/1996,4.28E-05,2.85E-05,3.637984252,,,,
7/1/1996,3.18E-05,2.20E-05,2.836573228,,,,
8/1/1996,1.77E-05,1.41E-05,1.67663622,,,,
9/1/1996,7.97E-06,4.62E-06,0.642387402,,,,
10/1/1996,6.92E-06,3.32E-06,0.539897953,,,,
11/1/1996,8.36E-06,5.61E-06,0.7128,,,,
12/1/1996,7.95E-06,4.84E-06,0.674345197,,,,
1/1/1997,6.29E-06,6.71E-06,0.685417323,39.64434908,,,
2/1/1997,1.53E-05,1.32E-05,1.357228346,,,,
3/1/1997,1.70E-05,2.39E-05,2.156428346,,,,
4/1/1997,2.72E-05,2.74E-05,2.785889764,,,,
5/1/1997,3.26E-05,2.95E-05,3.274185827,,,,
6/1/1997,3.40E-05,2.85E-05,3.188976378,,,,
7/1/1997,2.57E-05,2.11E-05,2.467502362,,,,
8/1/1997,1.52E-05,1.58E-05,1.634456693,,,,
9/1/1997,8.08E-06,8.26E-06,0.833725984,,,,
10/1/1997,6.25E-06,4.26E-06,0.554133543,,,,
11/1/1997,6.55E-06,3.82E-06,0.529114961,,,,
12/1/1997,8.36E-06,3.61E-06,0.631111181,,,,
1/1/1998,7.58E-06,4.81E-06,0.653255433,42.86879107,,,
2/1/1998,1.20E-05,7.34E-06,0.921010394,,,,
3/1/1998,1.23E-05,1.50E-05,1.439376378,,,,
4/1/1998,2.07E-05,2.41E-05,2.285858268,,,,
5/1/1998,2.86E-05,2.86E-05,3.01583622,,,,
6/1/1998,4.01E-05,3.37E-05,3.765543307,,,,
7/1/1998,4.32E-05,2.98E-05,3.84888189,,,,
8/1/1998,2.45E-05,1.95E-05,2.319874016,,,,
9/1/1998,1.42E-05,1.17E-05,1.321511811,,,,
10/1/1998,8.75E-06,6.97E-06,0.828827717,,,,
11/1/1998,8.55E-06,5.39E-06,0.711269291,,,,
12/1/1998,8.74E-06,3.83E-06,0.662745827,,,,
1/1/1999,8.03E-06,4.56E-06,0.663800315,34.12158448,,,
2/1/1999,1.23E-05,9.38E-06,1.032445984,,,,
3/1/1999,1.72E-05,1.60E-05,1.750450394,,,,
4/1/1999,2.69E-05,1.90E-05,2.341984252,,,,
5/1/1999,3.30E-05,2.32E-05,2.963111811,,,,
6/1/1999,3.52E-05,2.20E-05,2.918551181,,,,
7/1/1999,2.54E-05,1.65E-05,2.209152756,,,,
8/1/1999,1.33E-05,8.34E-06,1.14095622,,,,
9/1/1999,8.63E-06,7.46E-06,0.820970079,,,,
10/1/1999,4.90E-06,3.81E-06,0.459229606,,,,
11/1/1999,7.93E-06,4.47E-06,0.632692913,,,,
12/1/1999,4.33E-06,2.36E-06,0.352726299,,,,
1/1/2000,6.70E-06,3.30E-06,0.527244094,33.09783726,,,
2/1/2000,1.11E-05,7.47E-06,0.915925039,,,,
3/1/2000,1.55E-05,1.38E-05,1.544825197,,,,
4/1/2000,2.99E-05,1.98E-05,2.535874016,,,,
5/1/2000,3.57E-05,2.06E-05,2.968384252,,,,
6/1/2000,3.59E-05,1.96E-05,2.831811024,,,,
7/1/2000,2.21E-05,1.11E-05,1.750450394,,,,
8/1/2000,1.36E-05,7.97E-06,1.137265512,,,,
9/1/2000,1.04E-05,8.25E-06,0.951590551,,,,
10/1/2000,7.96E-06,5.49E-06,0.709143307,,,,
11/1/2000,6.72E-06,3.91E-06,0.542381102,,,,
12/1/2000,4.78E-06,2.82E-06,0.400705512,,,,
1/1/2001,8.24E-06,3.91E-06,0.640601575,30.63380926,,,
2/1/2001,1.13E-05,6.69E-06,0.85672063,,,,
3/1/2001,1.64E-05,1.32E-05,1.56064252,,,,
4/1/2001,2.63E-05,1.98E-05,2.352188976,,,,
5/1/2001,3.46E-05,2.39E-05,3.084377953,,,,
6/1/2001,2.56E-05,1.92E-05,2.285858268,,,,
7/1/2001,1.70E-05,1.41E-05,1.639729134,,,,
8/1/2001,1.07E-05,7.60E-06,0.964856693,,,,
9/1/2001,6.17E-06,4.13E-06,0.525543307,,,,
10/1/2001,4.31E-06,2.23E-06,0.344817638,,,,
11/1/2001,7.84E-06,5.42E-06,0.676573228,,,,
12/1/2001,7.05E-06,4.37E-06,0.602112756,,,,
1/1/2002,8.12E-06,5.80E-06,0.73392378,31.39712615,,,
2/1/2002,1.20E-05,8.95E-06,0.99768189,,,,
3/1/2002,1.82E-05,1.42E-05,1.708270866,,,,
4/1/2002,2.51E-05,1.86E-05,2.229732283,,,,
5/1/2002,3.35E-05,2.02E-05,2.831300787,,,,
6/1/2002,3.25E-05,1.92E-05,2.63792126,,,,
7/1/2002,2.10E-05,1.29E-05,1.78735748,,,,
8/1/2002,1.01E-05,4.28E-06,0.758177008,,,,
9/1/2002,6.41E-06,3.22E-06,0.49135748,,,,
10/1/2002,4.04E-06,2.75E-06,0.35799874,,,,
11/1/2002,8.16E-06,5.44E-06,0.69392126,,,,
12/1/2002,8.47E-06,4.49E-06,0.683308346,,,,
1/1/2003,6.68E-06,5.62E-06,0.648510236,36.58899063,,,
2/1/2003,1.40E-05,9.65E-06,1.126261417,,,,
3/1/2003,2.11E-05,1.67E-05,1.992982677,,,,
4/1/2003,2.49E-05,1.94E-05,2.260346457,,,,
5/1/2003,3.65E-05,2.66E-05,3.326910236,,,,
6/1/2003,3.77E-05,2.32E-05,3.107338583,,,,
7/1/2003,2.48E-05,1.74E-05,2.224970079,,,,
8/1/2003,1.73E-05,1.26E-05,1.576459843,,,,
9/1/2003,9.47E-06,6.18E-06,0.798519685,,,,
10/1/2003,4.06E-06,1.80E-06,0.308965039,,,,
11/1/2003,7.69E-06,3.92E-06,0.592384252,,,,
12/1/2003,7.23E-06,4.21E-06,0.603167244,,,,
1/1/2004,7.32E-06,4.43E-06,0.619511811,32.67837655,,,
2/1/2004,1.31E-05,8.47E-06,1.063893543,,,,
3/1/2004,1.80E-05,1.86E-05,1.929713386,,,,
4/1/2004,2.61E-05,1.89E-05,2.296062992,,,,
5/1/2004,2.98E-05,1.96E-05,2.604585827,,,,
6/1/2004,2.92E-05,1.85E-05,2.433826772,,,,
7/1/2004,1.94E-05,1.21E-05,1.660818898,,,,
8/1/2004,1.27E-05,6.76E-06,1.026017008,,,,
9/1/2004,7.69E-06,3.56E-06,0.574015748,,,,
10/1/2004,8.65E-06,4.92E-06,0.715470236,,,,
11/1/2004,1.13E-05,6.09E-06,0.887300787,,,,
12/1/2004,9.63E-06,5.46E-06,0.795611339,,,,
1/1/2005,7.60E-06,3.92E-06,0.607385197,45.05102966,,,
2/1/2005,1.15E-05,8.10E-06,0.933392126,,,,
3/1/2005,1.71E-05,1.88E-05,1.892806299,,,,
4/1/2005,2.18E-05,2.89E-05,2.586897638,,,,
5/1/2005,3.65E-05,3.76E-05,3.90687874,,,,
6/1/2005,4.27E-05,3.84E-05,4.138015748,,,,
7/1/2005,4.34E-05,3.04E-05,3.891061417,,,,
8/1/2005,2.16E-05,1.76E-05,2.06679685,,,,
9/1/2005,1.17E-05,9.69E-06,1.091395276,,,,
10/1/2005,6.44E-06,4.35E-06,0.568896378,,,,
11/1/2005,5.19E-06,3.98E-06,0.467886614,,,,
12/1/2005,9.88E-06,4.38E-06,0.751850079,,,,
1/1/2006,8.54E-06,6.06E-06,0.769776378,42.89026736,,,
2/1/2006,1.50E-05,1.10E-05,1.238173228,,,,
3/1/2006,1.58E-05,1.57E-05,1.660818898,,,,
4/1/2006,1.63E-05,2.71E-05,2.214425197,,,,
5/1/2006,3.86E-05,3.77E-05,4.022872441,,,,
6/1/2006,4.50E-05,3.54E-05,4.102299213,,,,
7/1/2006,3.59E-05,2.61E-05,3.268913386,,,,
8/1/2006,2.07E-05,1.60E-05,1.934985827,,,,
9/1/2006,1.13E-05,6.25E-06,0.895464567,,,,
10/1/2006,7.59E-06,5.84E-06,0.708088819,,,,
11/1/2006,5.04E-06,3.74E-06,0.447987402,,,,
12/1/2006,6.48E-06,2.97E-06,0.498245669,,,,
1/1/2007,6.31E-06,3.21E-06,0.501936378,24.57400579,,,
2/1/2007,1.05E-05,6.29E-06,0.799574173,,,,
3/1/2007,1.93E-05,1.15E-05,1.623911811,,,,
4/1/2007,1.87E-05,1.34E-05,1.637858268,,,,
5/1/2007,2.39E-05,1.70E-05,2.156428346,,,,
6/1/2007,1.87E-05,1.41E-05,1.673574803,,,,
7/1/2007,1.39E-05,8.29E-06,1.169954646,,,,
8/1/2007,9.14E-06,5.56E-06,0.775048819,,,,
9/1/2007,6.60E-06,6.28E-06,0.657184252,,,,
10/1/2007,5.44E-06,4.62E-06,0.530407559,,,,
11/1/2007,3.83E-06,3.10E-06,0.353593701,,,,
12/1/2007,7.32E-06,3.58E-06,0.574696063,,,,
1/1/2008,1.08E-05,5.83E-06,0.876806929,32.74902106,,,
2/1/2008,9.15E-06,7.00E-06,0.79656378,,,,
3/1/2008,1.70E-05,1.86E-05,1.876988976,,,,
4/1/2008,2.80E-05,2.49E-05,2.699149606,,,,
5/1/2008,2.93E-05,2.24E-05,2.725851969,,,,
6/1/2008,3.21E-05,2.49E-05,2.908346457,,,,
7/1/2008,1.93E-05,1.79E-05,1.961348031,,,,
8/1/2008,8.82E-06,5.79E-06,0.770303622,,,,
9/1/2008,4.44E-06,2.07E-06,0.33216378,,,,
10/1/2008,5.32E-06,4.23E-06,0.50351811,,,,
11/1/2008,8.21E-06,5.34E-06,0.691370079,,,,
12/1/2008,5.61E-06,3.87E-06,0.499827402,,,,
1/1/2009,9.87E-06,4.36E-06,0.750268346,35.0266859,,,
2/1/2009,1.16E-05,7.59E-06,0.913867087,,,,
3/1/2009,1.79E-05,1.64E-05,1.808447244,,,,
4/1/2009,2.59E-05,2.17E-05,2.428724409,,,,
5/1/2009,3.47E-05,2.43E-05,3.110740157,,,,
6/1/2009,2.82E-05,1.99E-05,2.45423622,,,,
7/1/2009,2.69E-05,2.01E-05,2.478047244,,,,
8/1/2009,1.34E-05,1.07E-05,1.270658268,,,,
9/1/2009,6.60E-06,4.07E-06,0.544422047,,,,
10/1/2009,8.06E-06,6.30E-06,0.75712252,,,,
11/1/2009,8.37E-06,5.12E-06,0.688308661,,,,
12/1/2009,7.30E-06,3.98E-06,0.594731339,,,,
1/1/2010,7.99E-06,4.83E-06,0.675926929,38.70107568,,,
2/1/2010,1.01E-05,8.04E-06,0.863863937,,,,
3/1/2010,1.73E-05,1.77E-05,1.845354331,,,,
4/1/2010,2.38E-05,2.43E-05,2.45423622,,,,
5/1/2010,2.99E-05,2.66E-05,2.978929134,,,,
6/1/2010,3.91E-05,2.71E-05,3.37776378,,,,
7/1/2010,3.43E-05,2.21E-05,2.973656693,,,,
8/1/2010,1.54E-05,1.08E-05,1.381379528,,,,
9/1/2010,6.67E-06,3.56E-06,0.521971654,,,,
10/1/2010,1.09E-05,8.54E-06,1.02496252,,,,
11/1/2010,1.08E-05,6.52E-06,0.883729134,,,,
12/1/2010,8.19E-06,4.77E-06,0.683308346,,,,
1/1/2011,7.11E-06,5.12E-06,0.644819528,43.38799983,,,
2/1/2011,1.39E-05,1.15E-05,1.2096,,,,
3/1/2011,1.31E-05,1.53E-05,1.497373228,,,,
4/1/2011,1.96E-05,3.00E-05,2.530771654,,,,
5/1/2011,3.21E-05,3.41E-05,3.490355906,,,,
6/1/2011,4.21E-05,3.68E-05,4.02576378,,,,
7/1/2011,3.89E-05,2.91E-05,3.585259843,,,,
8/1/2011,2.21E-05,1.90E-05,2.166973228,,,,
9/1/2011,1.11E-05,1.01E-05,1.081700787,,,,
10/1/2011,9.91E-06,7.92E-06,0.94007622,,,,
11/1/2011,6.76E-06,4.32E-06,0.565341732,,,,
12/1/2011,3.01E-06,1.95E-06,0.261513071,,,,
1/1/2012,5.73E-06,3.75E-06,0.499827402,25.41510821,,,
2/1/2012,1.15E-05,5.87E-06,0.856737638,,,,
3/1/2012,1.48E-05,1.12E-05,1.370834646,,,,
4/1/2012,2.39E-05,1.60E-05,2.03584252,,,,
5/1/2012,2.57E-05,1.76E-05,2.282966929,,,,
6/1/2012,2.01E-05,1.56E-05,1.821543307,,,,
7/1/2012,1.15E-05,6.68E-06,0.958529764,,,,
8/1/2012,9.56E-06,9.18E-06,0.988055433,,,,
9/1/2012,3.32E-06,3.12E-06,0.328592126,,,,
10/1/2012,4.28E-06,4.44E-06,0.45975685,,,,
11/1/2012,6.56E-06,4.45E-06,0.561770079,,,,
12/1/2012,9.38E-06,5.00E-06,0.758177008,,,,
1/1/2013,8.32E-06,4.54E-06,0.678035906,27.45593559,,,
2/1/2013,1.39E-05,9.10E-06,1.095307087,,,,
3/1/2013,1.86E-05,1.42E-05,1.72936063,,,,
4/1/2013,2.61E-05,1.76E-05,2.229732283,,,,
5/1/2013,2.40E-05,1.69E-05,2.156428346,,,,
6/1/2013,2.09E-05,1.62E-05,1.892976378,,,,
7/1/2013,1.45E-05,1.08E-05,1.333927559,,,,
8/1/2013,8.14E-06,7.61E-06,0.830409449,,,,
9/1/2013,5.60E-06,5.53E-06,0.567892913,,,,
10/1/2013,5.31E-06,4.31E-06,0.507208819,,,,
11/1/2013,4.26E-06,3.02E-06,0.371451969,,,,
12/1/2013,6.09E-06,3.38E-06,0.499300157,,,,
1/1/2014,3.66E-06,2.81E-06,0.341126929,24.35063501,,,
2/1/2014,1.07E-05,6.64E-06,0.825766299,,,,
3/1/2014,1.64E-05,1.14E-05,1.465738583,,,,
4/1/2014,2.23E-05,1.50E-05,1.903181102,,,,
5/1/2014,2.15E-05,1.67E-05,2.014072441,,,,
6/1/2014,1.82E-05,1.63E-05,1.760314961,,,,
7/1/2014,1.33E-05,1.05E-05,1.254840945,,,,
8/1/2014,8.46E-06,6.71E-06,0.799829291,,,,
9/1/2014,5.44E-06,3.42E-06,0.452069291,,,,
10/1/2014,4.58E-06,3.65E-06,0.43392189,,,,
11/1/2014,6.30E-06,4.20E-06,0.535748031,,,,
12/1/2014,7.03E-06,3.41E-06,0.550442835,,,,
1/1/2015,5.52E-06,2.82E-06,0.439721575,26.4096566,,,
2/1/2015,1.10E-05,6.99E-06,0.85672063,,,,
3/1/2015,1.21E-05,8.55E-06,1.088759055,,,,
4/1/2015,1.41E-05,1.04E-05,1.25007874,,,,
5/1/2015,1.94E-05,1.45E-05,1.78735748,,,,
6/1/2015,2.38E-05,2.06E-05,2.265448819,,,,
7/1/2015,1.83E-05,1.67E-05,1.845354331,,,,
8/1/2015,1.16E-05,1.30E-05,1.297020472,,,,
9/1/2015,5.70E-06,4.44E-06,0.517379528,,,,
10/1/2015,6.68E-06,5.81E-06,0.658527874,,,,
11/1/2015,8.99E-06,5.19E-06,0.723514961,,,,
12/1/2015,8.43E-06,4.27E-06,1/0/1900,,,,
1/1/2016,8.28E-06,4.30E-06,0.663273071,35.91393513,,,
2/1/2016,1.04E-05,1.04E-05,1.025914961,,,,
3/1/2016,2.02E-05,1.68E-05,1.95080315,,,,
4/1/2016,2.71E-05,2.02E-05,2.413417323,,,,
5/1/2016,2.97E-05,2.17E-05,2.710034646,,,,
6/1/2016,3.89E-05,2.62E-05,3.321637795,,,,
7/1/2016,2.53E-05,1.99E-05,2.383143307,,,,
8/1/2016,1.09E-05,7.50E-06,0.970129134,,,,
9/1/2016,5.05E-06,2.73E-06,0.39696378,,,,
10/1/2016,8.63E-06,6.28E-06,0.786120945,,,,
11/1/2016,1.18E-05,6.88E-06,0.95312126,,,,
12/1/2016,8.24E-06,4.54E-06,0.673817953,,,,
1/1/2017,1.33E-05,6.79E-06,1.059233386,45.55839018,,,
2/1/2017,1.76E-05,1.15E-05,1.385801575,,,,
3/1/2017,1.45E-05,2.12E-05,1.882261417,,,,
4/1/2017,2.79E-05,3.42E-05,3.168566929,,,,
5/1/2017,3.68E-05,3.99E-05,4.043962205,,,,
6/1/2017,4.32E-05,4.12E-05,4.306393701,,,,
7/1/2017,2.88E-05,2.65E-05,2.915659843,,,,
8/1/2017,1.52E-05,1.70E-05,1.697725984,,,,
9/1/2017,8.66E-06,9.18E-06,0.910261417,,,,
10/1/2017,6.55E-06,4.32E-06,0.573114331,,,,
11/1/2017,6.75E-06,4.65E-06,0.581669291,,,,
12/1/2017,7.07E-06,3.62E-06,0.563623937,,,,
1/1/2018,7.25E-06,4.27E-06,0.607385197,33.35224031,,,
2/1/2018,9.08E-06,5.90E-06,0.713378268,,,,
3/1/2018,1.67E-05,1.21E-05,1.518462992,,,,
4/1/2018,2.73E-05,2.38E-05,2.607307087,,,,
5/1/2018,3.10E-05,2.22E-05,2.804938583,,,,
6/1/2018,3.55E-05,2.34E-05,3.005291339,,,,
7/1/2018,2.19E-05,1.73E-05,2.06679685,,,,
8/1/2018,1.37E-05,1.40E-05,1.460466142,,,,
9/1/2018,5.89E-06,3.68E-06,0.488296063,,,,
10/1/2018,5.70E-06,4.71E-06,0.548861102,,,,
11/1/2018,4.51E-06,2.43E-06,0.354103937,,,,
12/1/2018,1.03E-05,4.08E-06,0.758177008,,,,
1/1/2019,1.06E-05,4.75E-06,0.809319685,40.6319999,,,
2/1/2019,2.03E-05,1.06E-05,1.47152126,,,,
3/1/2019,2.02E-05,1.64E-05,1.929713386,,,,
4/1/2019,2.62E-05,2.92E-05,2.826708661,,,,
5/1/2019,2.93E-05,2.65E-05,2.942022047,,,,
6/1/2019,4.28E-05,3.15E-05,3.791055118,,,,
7/1/2019,3.41E-05,2.40E-05,3.063288189,,,,
8/1/2019,1.91E-05,1.44E-05,1.766267717,,,,
9/1/2019,7.98E-06,5.65E-06,0.695451969,,,,
10/1/2019,3.62E-06,2.29E-06,0.31160126,,,,
11/1/2019,2.85E-06,1.67E-06,0.230626772,,,,
12/1/2019,1.09E-05,3.24E-06,0.74552315,,,,
1/1/2020,8.28E-06,4.24E-06,0.660109606,25.59153633,,,
2/1/2020,9.27E-06,6.05E-06,0.755625827,,,,
3/1/2020,1.51E-05,8.94E-06,1.267494803,,,,
4/1/2020,2.43E-05,1.68E-05,2.097070866,,,,
5/1/2020,2.59E-05,1.92E-05,2.377870866,,,,
6/1/2020,2.16E-05,1.72E-05,1.979716535,,,,
7/1/2020,1.66E-05,1.29E-05,1.555370079,,,,
8/1/2020,8.41E-06,5.91E-06,0.755013543,,,,
9/1/2020,7.99E-07,1.03E-06,0.093322205,,,,
10/1/2020,5.01E-06,3.33E-06,0.439721575,,,,
11/1/2020,5.75E-06,3.16E-06,0.454620472,,,,
12/1/2020,7.28E-06,3.67E-06,0.577332283,,,,
1/1/2021,1.35E-05,7.73E-06,1.119339213,32.78337532,,,
2/1/2021,1.73E-05,1.13E-05,1.361990551,,,,
3/1/2021,2.29E-05,1.57E-05,2.035162205,,,,
4/1/2021,2.09E-05,1.61E-05,1.887874016,,,,
5/1/2021,7.22E-06,5.38E-06,0.664327559,,,,
6/1/2021,9.21E-06,6.05E-06,0.778620472,,,,
7/1/2021,1.19E-05,5.38E-06,0.911077795,,,,
8/1/2021,8.85E-06,6.15E-06,0.790866142,,,,
9/1/2021,1.35E-05,9.40E-06,1.168440945,,,,
10/1/2021,1.85E-05,1.40E-05,1.713543307,,,,
11/1/2021,2.30E-05,1.78E-05,2.08176378,,,,
12/1/2021,2.28E-05,1.67E-05,2.082614173,,,,
1/1/2022,1.85E-05,1.46E-05,1.745177953,18.07382471,,,
2/1/2022,1.33E-05,8.02E-06,1.015302047,,,,
3/1/2022,1.27E-05,1.35E-05,1.381379528,,,,
4/1/2022,3.78E-06,2.02E-06,0.295937008,,,,
5/1/2022,1.84E-05,1.61E-05,1.818992126,,,,
6/1/2022,1.59E-05,1.47E-05,1.561322835,,,,
7/1/2022,1.05E-05,7.85E-06,0.967492913,,,,
8/1/2022,4.77E-06,2.42E-06,0.379088504,,,,
