Date,"(38.0,-119.0)","(38.0,-119.1)",Inches-Precip,Average,STDEV
1/1/1950,0.004909355,0.005867431,6.57638849,1.677484309,1.854843689
2/1/1950,0.001737305,0.00218515,2.161983865,,
3/1/1950,0.001521923,0.002044038,2.176079595,,
4/1/1950,0.001357045,0.00189587,1.92101375,,
5/1/1950,0.000747292,0.000883577,0.995215981,,
6/1/1950,0.000504431,0.00049849,0.592276284,,
7/1/1950,0.000570902,0.000740608,0.800331562,,
8/1/1950,9.37E-05,0.00014868,0.147921978,,
9/1/1950,0.001558687,0.001628128,1.881978387,,
10/1/1950,0.001824571,0.002329975,2.535256111,,
11/1/1950,0.003633033,0.004246128,4.653050614,,
12/1/1950,0.002600687,0.003171077,3.522141745,,
1/1/1951,0.002401274,0.003057445,3.331109693,,
2/1/1951,0.000552706,0.000812278,0.752354013,,
3/1/1951,0.000590584,0.000805594,0.851998594,,
4/1/1951,0.001669719,0.001787808,2.041847938,,
5/1/1951,0.000493291,0.000585013,0.658020614,,
6/1/1951,0.000454671,0.000594669,0.619688759,,
7/1/1951,0.000397112,0.00052894,0.5651106,,
8/1/1951,0.000512972,0.000683421,0.730082527,,
9/1/1951,5.03E-05,6.81E-05,0.069904169,,
10/1/1951,0.000704216,0.000889518,0.972555002,,
11/1/1951,0.001911838,0.002434695,2.566851651,,
12/1/1951,0.004189683,0.005120651,5.681506431,,
1/1/1952,0.004931264,0.006000002,6.670658162,,
2/1/1952,0.001135722,0.001619216,1.572701633,,
3/1/1952,0.003661999,0.00436793,4.900155876,,
4/1/1952,0.001297258,0.001513753,1.660046993,,
5/1/1952,0.000233347,0.000356263,0.359802131,,
6/1/1952,0.000751006,0.00081005,0.921883878,,
7/1/1952,0.001758471,0.002103825,2.356914207,,
8/1/1952,0.000285707,0.000235947,0.318332539,,
9/1/1952,0.000454671,0.000607294,0.627144952,,
10/1/1952,0.000174675,0.000171704,0.211372719,,
11/1/1952,0.001059967,0.001287232,1.386141547,,
12/1/1952,0.004588139,0.00553359,6.176648821,,
1/1/1953,0.001800805,0.002415385,2.572873336,,
2/1/1953,0.000365176,0.000358492,0.398871981,,
3/1/1953,0.001358159,0.001636669,1.827553738,,
4/1/1953,0.000905486,0.001277205,1.288991737,,
5/1/1953,0.000883205,0.001039914,1.173557885,,
6/1/1953,0.000611751,0.000680078,0.762891526,,
7/1/1953,0.000268625,0.000397112,0.406257138,,
8/1/1953,0.000287936,0.00039377,0.416001359,,
9/1/1953,0.000144595,0.000269368,0.244466807,,
10/1/1953,0.000728354,0.000876893,0.979579906,,
11/1/1953,0.000952276,0.001227445,1.287237339,,
12/1/1953,0.000715728,0.000879863,0.973688051,,
1/1/1954,0.003087524,0.003654572,4.114273126,,
2/1/1954,0.002542015,0.002999886,3.054592516,,
3/1/1954,0.00304519,0.003904117,4.240721388,,
4/1/1954,0.000307246,0.000390799,0.412231151,,
5/1/1954,0.000161306,0.000196955,0.218624232,,
6/1/1954,0.000503688,0.000621777,0.664645217,,
7/1/1954,0.000406024,0.000458755,0.527719985,,
8/1/1954,6.33E-05,9.45E-05,0.096254946,,
9/1/1954,0.000103376,0.000126399,0.135694108,,
10/1/1954,1.54E-05,1.98E-05,0.021473715,,
11/1/1954,0.001590994,0.00194006,2.085269298,,
12/1/1954,0.001860221,0.002606629,2.725834944,,
1/1/1955,0.002269074,0.002744399,3.059404555,,
2/1/1955,0.001426858,0.001821972,1.790694689,,
3/1/1955,0.000320985,0.000440931,0.464949073,,
4/1/1955,0.001764042,0.002196661,2.338999162,,
5/1/1955,0.001203307,0.001273492,1.511433082,,
6/1/1955,0.000223321,0.000251543,0.280431973,,
7/1/1955,0.000499975,0.00065557,0.70515545,,
8/1/1955,0.000139768,0.000186558,0.19913579,,
9/1/1955,0.000709044,0.000663739,0.810698881,,
10/1/1955,8.26E-05,0.000127513,0.128206926,,
11/1/1955,0.000724269,0.001007236,1.022542485,,
12/1/1955,0.00833652,0.009815969,11.07731213,,
1/1/1956,0.002826095,0.003621893,3.934798172,,
2/1/1956,0.001520438,0.001881387,1.94198787,,
3/1/1956,0.000114145,0.000191385,0.186445642,,
4/1/1956,0.001971254,0.002324405,2.536807579,,
5/1/1956,0.000916998,0.001084847,1.221599161,,
6/1/1956,1.05E-05,1.09E-05,0.012666922,,
7/1/1956,0.000798167,0.001227073,1.235875578,,
8/1/1956,0.000117487,0.000197698,0.192337496,,
9/1/1956,0.000205125,0.000309845,0.304116351,,
10/1/1956,0.001108242,0.001495557,1.58893363,,
11/1/1956,0.000103004,0.000112288,0.127141416,,
12/1/1956,0.00041048,0.000576101,0.602047996,,
1/1/1957,0.00247183,0.002927845,3.295078736,,
2/1/1957,0.002129448,0.002716919,2.671227232,,
3/1/1957,0.001291688,0.001759957,1.862225036,,
4/1/1957,0.001138693,0.001304314,1.442720894,,
5/1/1957,0.003418395,0.003565077,4.261569489,,
6/1/1957,0.000192499,0.000178017,0.218808731,,
7/1/1957,0.000158335,0.000230005,0.236979625,,
8/1/1957,0.000192128,0.000232976,0.259413994,,
9/1/1957,0.000613236,0.000742465,0.800611091,,
10/1/1957,0.000826761,0.000951162,1.084953458,,
11/1/1957,0.001370413,0.001537148,1.71706494,,
12/1/1957,0.001770355,0.002245308,2.45050405,,
1/1/1958,0.001587652,0.002091941,2.24542219,,
2/1/1958,0.004904527,0.005999631,6.010168972,,
3/1/1958,0.004582569,0.005733746,6.295392351,,
4/1/1958,0.003649001,0.004193768,4.631559234,,
5/1/1958,0.000289792,0.000377059,0.406936967,,
6/1/1958,0.000437589,0.000475466,0.539205733,,
7/1/1958,0.000508516,0.000843471,0.825032029,,
8/1/1958,0.001075935,0.001428344,1.528202206,,
9/1/1958,0.000201412,0.000292763,0.291835563,,
10/1/1958,6.66E-05,8.74E-05,0.093988848,,
11/1/1958,0.000773287,0.000873179,0.972322831,,
12/1/1958,0.000538224,0.000673766,0.739600138,,
1/1/1959,0.001957514,0.002493739,2.716317333,,
2/1/1959,0.006079842,0.007057971,7.241318029,,
3/1/1959,0.000365547,0.00057016,0.571002455,,
4/1/1959,0.000178017,0.000304275,0.284817969,,
5/1/1959,0.001158374,0.001211848,1.446396072,,
6/1/1959,0.000133826,0.000185444,0.188545359,,
7/1/1959,0.000453185,0.000641458,0.667991445,,
8/1/1959,0.000249687,0.000427191,0.413055431,,
9/1/1959,0.001019861,0.001320281,1.381974851,,
10/1/1959,0.000202154,0.000204011,0.247856895,,
11/1/1959,8.84E-07,1.26E-06,0.001263333,,
12/1/1959,0.000941507,0.001213705,1.315189004,,
1/1/1960,0.001491101,0.002020271,2.142767956,,
2/1/1960,0.002889967,0.003727356,3.777607576,,
3/1/1960,0.000800024,0.001221132,1.23338287,,
4/1/1960,0.000541194,0.000764003,0.770786318,,
5/1/1960,0.00017059,0.000230748,0.244910968,,
6/1/1960,0.000157221,0.000260084,0.246440505,,
7/1/1960,0.001103043,0.00152378,1.602983437,,
8/1/1960,0.000163534,0.000205496,0.225195916,,
9/1/1960,0.000333983,0.000499604,0.492275577,,
10/1/1960,0.000571274,0.000638859,0.738467089,,
11/1/1960,0.002898508,0.003390172,3.713789586,,
12/1/1960,0.000882091,0.001070365,1.191460059,,
1/1/1961,0.000361091,0.000479179,0.512763739,,
2/1/1961,0.000915141,0.001224474,1.179316097,,
3/1/1961,0.001589508,0.002064833,2.230012725,,
4/1/1961,0.000777,0.000998695,1.04863916,,
5/1/1961,0.001451738,0.001544575,1.828460178,,
6/1/1961,0.000791111,0.000793711,0.935919065,,
7/1/1961,0.000727611,0.001001665,1.055267575,,
8/1/1961,0.002037353,0.002699466,2.890580262,,
9/1/1961,0.000479179,0.000572388,0.621004557,,
10/1/1961,0.000768088,0.000981613,1.067731114,,
11/1/1961,0.001811574,0.002150986,2.340095661,,
12/1/1961,0.001527865,0.00176627,2.010201229,,
1/1/1962,0.001728764,0.002010245,2.281679757,,
2/1/1962,0.00721208,0.008449781,8.632526698,,
3/1/1962,0.001938204,0.002486312,2.700001428,,
4/1/1962,0.000243745,0.00036369,0.358722001,,
5/1/1962,0.001481075,0.0015624,1.857239621,,
6/1/1962,0.001046227,0.001016148,1.217938603,,
7/1/1962,0.000948934,0.001126809,1.266694509,,
8/1/1962,7.55E-05,0.000107461,0.111664411,,
9/1/1962,0.000364062,0.000416793,0.461135006,,
10/1/1962,0.001055511,0.001304685,1.440277608,,
11/1/1962,0.000376688,0.000459127,0.493591376,,
12/1/1962,0.000225921,0.000318757,0.332382346,,
1/1/1963,0.003887778,0.004272494,4.979695912,,
2/1/1963,0.0024139,0.002689068,2.812660981,,
3/1/1963,0.002738829,0.003223066,3.638165958,,
4/1/1963,0.003148796,0.003934196,4.182871851,,
5/1/1963,0.001533806,0.001550146,1.881940088,,
6/1/1963,0.001788551,0.001653751,2.032856647,,
7/1/1963,2.35E-05,7.11E-05,0.057731281,,
8/1/1963,0.000253772,0.00027828,0.324677614,,
9/1/1963,0.000701988,0.000762146,0.864646631,,
10/1/1963,0.000698274,0.000814135,0.922927458,,
11/1/1963,0.002738829,0.003417281,3.635499559,,
12/1/1963,0.000238918,0.000294991,0.325810662,,
1/1/1964,0.001710939,0.0021521,2.357367427,,
2/1/1964,0.000236318,0.000273824,0.291223272,,
3/1/1964,0.001010949,0.001367071,1.451154878,,
4/1/1964,0.000834188,0.000940764,1.048200561,,
5/1/1964,0.001279433,0.001383411,1.624964586,,
6/1/1964,0.000368147,0.000474723,0.497758072,,
7/1/1964,0.000235576,0.000252286,0.297711049,,
8/1/1964,0.000819705,0.000924425,1.064331967,,
9/1/1964,6.92E-05,8.11E-05,0.088763951,,
10/1/1964,0.000719441,0.000861296,0.964623659,,
11/1/1964,0.002205945,0.002731402,2.915757627,,
12/1/1964,0.004614505,0.005856291,6.389662023,,
1/1/1965,0.003657171,0.004524267,4.99261267,,
2/1/1965,0.000297219,0.000403053,0.385977153,,
3/1/1965,0.000368518,0.00050963,0.535877937,,
4/1/1965,0.001536406,0.001873961,2.013996864,,
5/1/1965,0.000925539,0.000900287,1.114186121,,
6/1/1965,0.001920379,0.002009131,2.32057798,,
7/1/1965,0.001252325,0.001432057,1.638107954,,
8/1/1965,0.001512639,0.002221542,2.27873383,,
9/1/1965,0.000468782,0.000609151,0.636574843,,
10/1/1965,1.83E-05,3.65E-05,0.033484034,,
11/1/1965,0.004711055,0.005750828,6.178280698,,
12/1/1965,0.002964237,0.003522001,3.958138981,,
1/1/1966,0.000710529,0.000898802,0.982072613,,
2/1/1966,0.000987925,0.001264208,1.241334079,,
3/1/1966,0.000247459,0.000368889,0.376118036,,
4/1/1966,0.000403425,0.000575358,0.578021797,,
5/1/1966,0.000384486,0.000414565,0.487610052,,
6/1/1966,0.000391913,0.000499604,0.526486345,,
7/1/1966,0.00044353,0.000440559,0.539503694,,
8/1/1966,0.000447244,0.00058947,0.632640318,,
9/1/1966,0.000455785,0.000473609,0.548854924,,
10/1/1966,3.43E-05,3.84E-05,0.044361304,,
11/1/1966,0.002345572,0.002985403,3.148215411,,
12/1/1966,0.004008094,0.004519068,5.203586384,,
1/1/1967,0.004663523,0.00554733,6.231035171,,
2/1/1967,0.000374831,0.000526341,0.49670893,,
3/1/1967,0.00438724,0.005526905,6.049973949,,
4/1/1967,0.002252735,0.003060416,3.137689021,,
5/1/1967,0.000429048,0.000542309,0.592756995,,
6/1/1967,0.000405653,0.00039117,0.470564897,,
7/1/1967,0.000235947,0.000330269,0.345525714,,
8/1/1967,0.000591698,0.000889147,0.903665626,,
9/1/1967,0.001280547,0.001521923,1.655003097,,
10/1/1967,0.000104119,0.000177645,0.171942615,,
11/1/1967,0.001478847,0.001850194,1.965970209,,
12/1/1967,0.001916294,0.002288756,2.566075043,,
1/1/1968,0.001493701,0.001924835,2.086115508,,
2/1/1968,0.001185854,0.001507812,1.537723315,,
3/1/1968,0.000997209,0.001251211,1.372068061,,
4/1/1968,0.000248201,0.000288678,0.317055039,,
5/1/1968,0.000598382,0.000679336,0.779710071,,
6/1/1968,0.000603952,0.000722412,0.783286407,,
7/1/1968,0.000613607,0.000803737,0.864915352,,
8/1/1968,0.000241146,0.000310216,0.336461323,,
9/1/1968,0.000105975,0.000144967,0.148194196,,
10/1/1968,0.000316901,0.00045727,0.472427196,,
11/1/1968,0.001208135,0.001549774,1.628687122,,
12/1/1968,0.003042591,0.003914886,4.245706804,,
1/1/1969,0.008999375,0.010370762,11.82036563,,
2/1/1969,0.006646518,0.007570059,7.835912877,,
3/1/1969,0.001053654,0.001156889,1.348953863,,
4/1/1969,0.000944849,0.001257524,1.300614626,,
5/1/1969,0.000201412,0.000207724,0.249669773,,
6/1/1969,0.001475876,0.001348504,1.667941785,,
7/1/1969,0.000414936,0.00052077,0.571002455,,
8/1/1969,0.000128627,0.00020921,0.206160694,,
9/1/1969,0.000116373,0.000171332,0.169904876,,
10/1/1969,0.000544908,0.000774029,0.804863758,,
11/1/1969,0.000490691,0.000642944,0.669469812,,
12/1/1969,0.002023985,0.002487055,2.752801509,,
1/1/1970,0.003187045,0.004265809,4.548004263,,
2/1/1970,0.001141663,0.00145768,1.432709702,,
3/1/1970,0.001139807,0.001387867,1.542478623,,
4/1/1970,0.00067488,0.000852012,0.901708297,,
5/1/1970,6.36E-05,9.59E-05,0.097387995,,
6/1/1970,0.00102766,0.00112421,1.270789854,,
7/1/1970,0.000706073,0.000804108,0.921567799,,
8/1/1970,7.14E-05,6.40E-05,0.082658358,,
9/1/1970,3.58E-05,3.69E-05,0.042930294,,
10/1/1970,0.000314673,0.000439817,0.460416878,,
11/1/1970,0.003062272,0.00399584,4.168178764,,
12/1/1970,0.003581416,0.004497159,4.929841758,,
1/1/1971,0.001315083,0.001716138,1.849761498,,
2/1/1971,0.000624748,0.000802252,0.786535541,,
3/1/1971,0.001885101,0.002355598,2.587829583,,
4/1/1971,0.00092294,0.001051426,1.165964551,,
5/1/1971,0.00220186,0.002269817,2.728780872,,
6/1/1971,0.000249315,0.000234461,0.285695169,,
7/1/1971,0.000501832,0.000675994,0.718752038,,
8/1/1971,0.000350693,0.000539338,0.543129451,,
9/1/1971,0.000226292,0.000285336,0.302142653,,
10/1/1971,0.000596897,0.000599867,0.730309137,,
11/1/1971,0.001348504,0.001811945,1.866408101,,
12/1/1971,0.004700286,0.005683985,6.336861942,,
1/1/1972,0.000560133,0.000790369,0.82412559,,
2/1/1972,0.000270854,0.000463583,0.419265113,,
3/1/1972,6.77E-05,0.000145338,0.130019804,,
4/1/1972,0.000833445,0.001113812,1.149955666,,
5/1/1972,0.000422363,0.000481408,0.551514013,,
6/1/1972,0.000870208,0.001065908,1.143376672,,
7/1/1972,0.000183216,0.000276424,0.280488705,,
8/1/1972,0.000451328,0.000638488,0.665045518,,
9/1/1972,0.000783313,0.000923682,1.008068698,,
10/1/1972,0.001893642,0.001892528,2.3104592,,
11/1/1972,0.002171038,0.002692039,2.871897668,,
12/1/1972,0.001646325,0.002098626,2.285305513,,
1/1/1973,0.003261315,0.00383319,4.329325816,,
2/1/1973,0.004001781,0.004868506,4.889137653,,
3/1/1973,0.001718737,0.002039953,2.293690076,,
4/1/1973,0.000273082,0.000400082,0.397538065,,
5/1/1973,0.000408995,0.000481408,0.543356061,,
6/1/1973,0.00048475,0.000572016,0.624074754,,
7/1/1973,0.00046841,0.000706073,0.71671255,,
8/1/1973,0.00111047,0.001552002,1.624737977,,
9/1/1973,4.23E-06,1.46E-05,0.011131823,,
10/1/1973,0.000796682,0.00103323,1.116678828,,
11/1/1973,0.002911505,0.003701733,3.905457608,,
12/1/1973,0.002277615,0.002874371,3.143930006,,
1/1/1974,0.003102007,0.003504547,4.031560552,,
2/1/1974,0.000353293,0.000503688,0.472352033,,
3/1/1974,0.004365331,0.005264734,5.87661746,,
4/1/1974,0.000962303,0.001389352,1.388773145,,
5/1/1974,0.000292392,0.000303903,0.363881107,,
6/1/1974,0.000111545,0.000126399,0.140518703,,
7/1/1974,0.000533025,0.000768088,0.793986488,,
8/1/1974,0.000515572,0.000559391,0.655981126,,
9/1/1974,1.95E-05,5.84E-05,0.046000491,,
10/1/1974,0.00115466,0.001248611,1.466564343,,
11/1/1974,0.000859439,0.000943735,1.064867345,,
12/1/1974,0.002376394,0.002745884,3.125801223,,
1/1/1975,0.000712386,0.000965645,1.023995424,,
2/1/1975,0.00514776,0.006369864,6.348300018,,
3/1/1975,0.004211964,0.005025586,5.637090912,,
4/1/1975,0.001811203,0.002345943,2.455008755,,
5/1/1975,0.000616207,0.00070533,0.806450026,,
6/1/1975,0.00046841,0.000525598,0.587013089,,
7/1/1975,0.000276795,0.000359234,0.388128355,,
8/1/1975,0.000672651,0.000725754,0.853358253,,
9/1/1975,0.000878378,0.001096359,1.166183851,,
10/1/1975,0.001466964,0.001908867,2.060055383,,
11/1/1975,0.000364433,0.00047101,0.493372076,,
12/1/1975,0.000231119,0.000284965,0.314933393,,
1/1/1976,0.000141625,0.000210695,0.214998475,,
2/1/1976,0.002117193,0.002489655,2.629894781,,
3/1/1976,0.000857954,0.001050312,1.164493494,,
4/1/1976,0.001014291,0.001110841,1.255000269,,
5/1/1976,0.000987183,0.001022461,1.226357966,,
6/1/1976,0.000421621,0.000426819,0.501047569,,
7/1/1976,0.00153195,0.001800805,2.033768647,,
8/1/1976,0.000730582,0.000960074,1.031700157,,
9/1/1976,0.001246012,0.001560172,1.657196095,,
10/1/1976,0.000284222,0.00037743,0.40376443,,
11/1/1976,0.000281994,0.000359606,0.378897582,,
12/1/1976,0.000221836,0.000287936,0.311081026,,
1/1/1977,0.001357416,0.001603248,1.806705638,,
2/1/1977,0.000882091,0.001140549,1.114841957,,
3/1/1977,0.000927396,0.001074449,1.221599161,,
4/1/1977,0.000240774,0.000277166,0.30587075,,
5/1/1977,0.001853908,0.002010616,2.358273866,,
6/1/1977,0.001127181,0.001381925,1.481756258,,
7/1/1977,0.000177274,0.000238918,0.253975359,,
8/1/1977,0.000459127,0.000499975,0.585278872,,
9/1/1977,0.000288678,0.000382258,0.396222266,,
10/1/1977,0.00026974,0.000440931,0.433676922,,
11/1/1977,0.001249354,0.001679374,1.729565028,,
12/1/1977,0.004218277,0.005204947,5.750395807,,
1/1/1978,0.004087563,0.005061607,5.583157782,,
2/1/1978,0.004575885,0.005261392,5.422123878,,
3/1/1978,0.00268127,0.003377546,3.697311113,,
4/1/1978,0.002191091,0.002786361,2.939442005,,
5/1/1978,0.000139768,0.000128256,0.163558053,,
6/1/1978,0.000225549,0.00033881,0.333283224,,
7/1/1978,9.41E-05,0.000137168,0.141123684,,
8/1/1978,0.000237804,0.000304275,0.330796078,,
9/1/1978,0.001856136,0.002211515,2.402157504,,
10/1/1978,0.00039674,0.000405281,0.489422931,,
11/1/1978,0.001288717,0.001530835,1.665090888,,
12/1/1978,0.001390837,0.001676775,1.871969257,,
1/1/1979,0.002613685,0.003093466,3.482711642,,
2/1/1979,0.002364139,0.002964979,2.937310985,,
3/1/1979,0.001813431,0.002261647,2.486761616,,
4/1/1979,0.000312816,0.000503688,0.482187786,,
5/1/1979,0.000297962,0.000388942,0.419173896,,
6/1/1979,2.54E-05,4.10E-05,0.039202197,,
7/1/1979,0.000400825,0.000553078,0.582106335,,
8/1/1979,0.000712757,0.000753605,0.894827844,,
9/1/1979,5.58E-05,7.70E-05,0.078456861,,
10/1/1979,0.000569417,0.000826761,0.851998594,,
11/1/1979,0.000902144,0.001224474,1.255877468,,
12/1/1979,0.002726574,0.003308847,3.683034696,,
1/1/1980,0.003445503,0.00435679,4.761244075,,
2/1/1980,0.004623046,0.005738573,5.915100762,,
3/1/1980,0.001501128,0.001761071,1.990712787,,
4/1/1980,0.001416089,0.001569827,1.763337197,,
5/1/1980,0.001315825,0.001417574,1.668020446,,
6/1/1980,0.000185444,0.000318386,0.297537358,,
7/1/1980,0.000436475,0.000638116,0.655754516,,
8/1/1980,0.000379658,0.000406024,0.4794521,,
9/1/1980,0.000367775,0.000559762,0.547758425,,
10/1/1980,0.000300561,0.000377059,0.413508651,,
11/1/1980,0.000579443,0.000652599,0.727584258,,
12/1/1980,0.001273492,0.001583938,1.743708116,,
1/1/1981,0.002622226,0.003308847,3.619357345,,
2/1/1981,0.000927024,0.001240813,1.194871762,,
3/1/1981,0.002671986,0.003116118,3.532112576,,
4/1/1981,0.000512229,0.000551221,0.628022151,,
5/1/1981,0.001265693,0.001375984,1.612047828,,
6/1/1981,0.000198812,0.000274938,0.279774074,,
7/1/1981,9.82E-05,0.000136797,0.143389782,,
8/1/1981,7.85E-05,0.000122686,0.122768291,,
9/1/1981,0.000256742,0.000336582,0.350388609,,
10/1/1981,0.001494072,0.001902554,2.072745531,,
11/1/1981,0.003614837,0.00421642,4.624760941,,
12/1/1981,0.001494815,0.002096769,2.19171567,,
1/1/1982,0.003861041,0.004678376,5.211064507,,
2/1/1982,0.001384896,0.001797463,1.754057003,,
3/1/1982,0.00272806,0.003750751,3.953606785,,
4/1/1982,0.003857699,0.004392439,4.872131111,,
5/1/1982,0.000744322,0.000754719,0.914769506,,
6/1/1982,0.001615874,0.001949344,2.105444879,,
7/1/1982,0.001015034,0.001185854,1.343062008,,
8/1/1982,0.000631061,0.000974186,0.979579906,,
9/1/1982,0.001539748,0.001869504,2.013338965,,
10/1/1982,0.002006532,0.0024113,2.695922452,,
11/1/1982,0.003245347,0.003911915,4.22673181,,
12/1/1982,0.002780791,0.003385345,3.762801342,,
1/1/1983,0.003614095,0.004267295,4.80951196,,
2/1/1983,0.004271008,0.005397677,5.329199244,,
3/1/1983,0.003161422,0.00411727,4.441724272,,
4/1/1983,0.001849823,0.002495225,2.565974452,,
5/1/1983,0.00022852,0.000294991,0.319465588,,
6/1/1983,0.000573873,0.000681564,0.741400146,,
7/1/1983,3.13E-05,6.51E-05,0.05886433,,
8/1/1983,0.002910763,0.003747037,4.062832703,,
9/1/1983,0.001336249,0.001396779,1.613994035,,
10/1/1983,0.000700874,0.000726497,0.871033816,,
11/1/1983,0.004506814,0.005490513,5.903936653,,
12/1/1983,0.003927883,0.005050095,5.478690669,,
1/1/1984,0.000319871,0.000354407,0.411469163,,
2/1/1984,0.001332165,0.00181863,1.798682763,,
3/1/1984,0.001107871,0.001379697,1.518004766,,
4/1/1984,0.000755091,0.000989411,1.030217977,,
5/1/1984,0.000153508,0.000279023,0.26394619,,
6/1/1984,0.000673394,0.001042885,1.013551193,,
7/1/1984,0.001377098,0.001836083,1.960800295,,
8/1/1984,0.000830103,0.001169143,1.220012892,,
9/1/1984,0.000247459,0.000450957,0.412450451,,
10/1/1984,0.001293173,0.001575769,1.75073302,,
11/1/1984,0.003243119,0.003931597,4.2370389,,
12/1/1984,0.001342934,0.001632213,1.81554342,,
1/1/1985,0.000509259,0.00062252,0.690652424,,
2/1/1985,0.001489616,0.00176627,1.794583606,,
3/1/1985,0.002694267,0.00329028,3.651989155,,
4/1/1985,0.000214037,0.000263055,0.281747772,,
5/1/1985,0.000215523,0.000329526,0.332608956,,
6/1/1985,0.000678593,0.000780342,0.861576434,,
7/1/1985,0.001514496,0.001847595,2.05167082,,
8/1/1985,9.82E-05,0.000180245,0.169903127,,
9/1/1985,0.002079316,0.002276501,2.572334146,,
10/1/1985,0.000811907,0.001046227,1.133901172,,
11/1/1985,0.003813508,0.004503472,4.911605074,,
12/1/1985,0.001514125,0.001969397,2.125772222,,
1/1/1986,0.001192538,0.001724679,1.780192292,,
2/1/1986,0.010137927,0.011839441,12.11351623,,
3/1/1986,0.003335584,0.003895947,4.412944828,,
4/1/1986,0.000455413,0.000628461,0.64008364,,
5/1/1986,0.000157593,0.000273082,0.262813141,,
6/1/1986,0.000225921,0.000325813,0.325827031,,
7/1/1986,0.000640344,0.000679707,0.805543587,,
8/1/1986,0.000251172,0.000359234,0.372492279,,
9/1/1986,0.000677108,0.001090417,1.043814565,,
10/1/1986,0.000241888,0.00024783,0.298844097,,
11/1/1986,3.47E-05,5.51E-05,0.053018085,,
12/1/1986,0.000568303,0.000608037,0.717845599,,
1/1/1987,0.002181808,0.002566524,2.897605165,,
2/1/1987,0.00236154,0.002779677,2.833743001,,
3/1/1987,0.001306542,0.001676775,1.820528835,,
4/1/1987,0.00057313,0.000571274,0.675829506,,
5/1/1987,0.001895127,0.002103453,2.44008,,
6/1/1987,0.00093668,0.001163944,1.240526482,,
7/1/1987,0.000215894,0.000314301,0.323544565,,
8/1/1987,9.22E-05,0.000140139,0.141803513,,
9/1/1987,0.000210324,0.000384857,0.351485107,,
10/1/1987,0.00065297,0.000825647,0.902305967,,
11/1/1987,0.001159117,0.001273492,1.4365805,,
12/1/1987,0.001896241,0.00240016,2.621821051,,
1/1/1988,0.001965683,0.002493739,2.721302749,,
2/1/1988,0.000281994,0.000362205,0.367751591,,
3/1/1988,0.000330269,0.00039674,0.443647753,,
4/1/1988,0.001373755,0.001624786,1.77079339,,
5/1/1988,0.000765117,0.000835673,0.976860588,,
6/1/1988,0.000546765,0.000678222,0.723417562,,
7/1/1988,0.000742093,0.000835673,0.962810781,,
8/1/1988,0.001155403,0.0016946,1.73917592,,
9/1/1988,0.000361091,0.000373345,0.433722531,,
10/1/1988,5.62E-05,9.08E-05,0.089683262,,
11/1/1988,0.002090456,0.002618512,2.780888252,,
12/1/1988,0.002299896,0.002696495,3.048980505,,
1/1/1989,0.000517057,0.000621777,0.69495801,,
2/1/1989,0.001035087,0.001315083,1.295369549,,
3/1/1989,0.002286528,0.003136913,3.309581763,,
4/1/1989,0.000306132,0.000411594,0.42385404,,
5/1/1989,0.001809346,0.001741761,2.167015203,,
6/1/1989,0.001307656,0.001566113,1.697108658,,
7/1/1989,0.000183216,0.000204011,0.236299796,,
8/1/1989,0.000694561,0.000862039,0.949894023,,
9/1/1989,0.001123467,0.001443197,1.515747727,,
10/1/1989,0.000458755,0.000727611,0.723964063,,
11/1/1989,0.001018376,0.001233015,1.3295622,,
12/1/1989,5.10E-05,4.69E-05,0.059770769,,
1/1/1990,0.001582824,0.002015815,2.196021256,,
2/1/1990,0.002242337,0.00266753,2.706227479,,
3/1/1990,0.000560133,0.000761775,0.806676636,,
4/1/1990,0.000867609,0.000915513,1.053025156,,
5/1/1990,0.000965273,0.00120962,1.327199323,,
6/1/1990,0.000124914,0.00023669,0.213545536,,
7/1/1990,0.001459537,0.002079687,2.15976369,,
8/1/1990,0.000575358,0.000831588,0.858570278,,
9/1/1990,0.000586499,0.000715728,0.76903192,,
10/1/1990,6.81E-05,8.41E-05,0.092855799,,
11/1/1990,0.00054268,0.000598753,0.674075108,,
12/1/1990,0.000531168,0.000678964,0.738467089,,
1/1/1991,0.000169476,0.00020661,0.229501502,,
2/1/1991,0.000417164,0.000601724,0.56159243,,
3/1/1991,0.006863756,0.00832278,9.267379742,,
4/1/1991,0.000270854,0.00037186,0.379555481,,
5/1/1991,0.001109356,0.001229673,1.42736085,,
6/1/1991,0.000345123,0.000390427,0.434380431,,
7/1/1991,0.000367775,0.000511858,0.536784377,,
8/1/1991,0.000512601,0.000792597,0.796479196,,
9/1/1991,0.000445016,0.000723155,0.689864693,,
10/1/1991,0.001612903,0.001862449,2.120786806,,
11/1/1991,0.001059596,0.001260495,1.370132662,,
12/1/1991,0.001160231,0.001354817,1.53477389,,
1/1/1992,0.000799652,0.000949305,1.067277894,,
2/1/1992,0.00217698,0.002848376,2.86880729,,
3/1/1992,0.000840501,0.00098904,1.116452218,,
4/1/1992,0.00018173,0.000186929,0.217712232,,
5/1/1992,0.000461726,0.000629947,0.666178566,,
6/1/1992,0.00115466,0.001305799,1.453027985,,
7/1/1992,0.000615093,0.000741722,0.827977956,,
8/1/1992,0.000888033,0.001268664,1.316095443,,
9/1/1992,0.000202897,0.000276052,0.282844271,,
10/1/1992,0.000811164,0.001077792,1.152709785,,
11/1/1992,0.000202154,0.000252286,0.268370485,,
12/1/1992,0.004337851,0.005346059,5.909475879,,
1/1/1993,0.004769728,0.006001487,6.572989343,,
2/1/1993,0.003231235,0.004155148,4.071237132,,
3/1/1993,0.001888072,0.002293954,2.552025236,,
4/1/1993,0.000410109,0.000604695,0.599293877,,
5/1/1993,0.000257485,0.000373717,0.385182427,,
6/1/1993,0.000585756,0.000853126,0.849734245,,
7/1/1993,1.43E-05,1.87E-05,0.020114056,,
8/1/1993,0.000225178,0.000333983,0.341220128,,
9/1/1993,0.000331012,0.000348837,0.401485461,,
10/1/1993,0.000582414,0.000669681,0.764073996,,
11/1/1993,0.001014662,0.00124824,1.336360493,,
12/1/1993,0.000750263,0.000945592,1.034872694,,
1/1/1994,0.000692333,0.000907714,0.976407369,,
2/1/1994,0.002701323,0.003404655,3.365501147,,
3/1/1994,0.001079277,0.0011684,1.371614842,,
4/1/1994,0.000817106,0.001045484,1.099955313,,
5/1/1994,0.001884358,0.001976452,2.356007768,,
6/1/1994,3.06E-05,8.04E-05,0.065518173,,
7/1/1994,0.000113774,0.000178388,0.178287689,,
8/1/1994,5.51E-05,0.000116002,0.104412898,,
9/1/1994,0.000612493,0.000845328,0.860918535,,
10/1/1994,0.000533396,0.000687505,0.745038773,,
11/1/1994,0.002773364,0.003380888,3.63440306,,
12/1/1994,0.000910685,0.001193652,1.284143463,,
1/1/1995,0.005363884,0.006700363,7.362044631,,
2/1/1995,0.000629947,0.000758804,0.765453521,,
3/1/1995,0.007646557,0.008990834,10.15274419,,
4/1/1995,0.001132008,0.001469934,1.536581207,,
5/1/1995,0.001976824,0.00224865,2.578538581,,
6/1/1995,0.001129038,0.001391952,1.488773852,,
7/1/1995,0.000394141,0.000475837,0.530892522,,
8/1/1995,0.000111545,0.000113031,0.137044708,,
9/1/1995,0.00011006,0.000169847,0.16529958,,
10/1/1995,2.72E-05,5.06E-05,0.047533841,,
11/1/1995,5.51E-05,7.59E-05,0.077360362,,
12/1/1995,0.002957924,0.003395371,3.877012676,,
1/1/1996,0.003115746,0.004022948,4.356292381,,
2/1/1996,0.004044115,0.004954659,5.137098184,,
3/1/1996,0.001755129,0.002244194,2.440533219,,
4/1/1996,0.00094782,0.001359273,1.362457169,,
5/1/1996,0.001142777,0.001401978,1.552902673,,
6/1/1996,0.00060061,0.0007109,0.774514415,,
7/1/1996,0.000544908,0.00079631,0.818460345,,
8/1/1996,0.000219979,0.000281623,0.306095611,,
9/1/1996,0.000108946,0.000144967,0.149948595,,
10/1/1996,0.001203307,0.001420545,1.601170559,,
11/1/1996,0.002492625,0.003005456,3.24690032,,
12/1/1996,0.005647593,0.006945453,7.684736971,,
1/1/1997,0.006834791,0.007957375,9.026720145,,
2/1/1997,0.000407881,0.000459498,0.478083068,,
3/1/1997,0.000103747,0.000167248,0.165370931,,
4/1/1997,0.00031133,0.000350322,0.390739771,,
5/1/1997,0.000501089,0.000743579,0.7595418,,
6/1/1997,0.001519695,0.001593593,1.838557027,,
7/1/1997,0.001081505,0.001130894,1.350086912,,
8/1/1997,0.000153879,0.000253029,0.248310114,,
9/1/1997,0.000439074,0.000540823,0.578679697,,
10/1/1997,0.000185072,0.000282737,0.28547412,,
11/1/1997,0.001845367,0.002159898,2.365315138,,
12/1/1997,0.001536777,0.001775182,2.021078499,,
1/1/1998,0.00238642,0.00311129,3.354903721,,
2/1/1998,0.006534371,0.007897959,7.954831847,,
3/1/1998,0.001987221,0.002507479,2.742830679,,
4/1/1998,0.001181769,0.0013667,1.505002037,,
5/1/1998,0.001354445,0.001615503,1.812370882,,
6/1/1998,0.001567599,0.00153492,1.832197333,,
7/1/1998,0.000929995,0.001092274,1.234062699,,
8/1/1998,3.24E-05,6.62E-05,0.060223989,,
9/1/1998,0.000847185,0.001150947,1.179999738,,
10/1/1998,0.000766231,0.000754719,0.928139483,,
11/1/1998,0.001334393,0.001855764,1.883952085,,
12/1/1998,0.000941136,0.001238214,1.32991864,,
1/1/1999,0.003402055,0.004110215,4.584261829,,
2/1/1999,0.003491921,0.004448512,4.376619409,,
3/1/1999,0.000857954,0.001136093,1.216840355,,
4/1/1999,0.001696456,0.001868019,2.10500628,,
5/1/1999,0.000414936,0.000489206,0.551740623,,
6/1/1999,0.000387828,0.000549364,0.55346022,,
7/1/1999,0.000163534,0.000245602,0.249669773,,
8/1/1999,0.000413822,0.000632546,0.638532172,,
9/1/1999,0.000684906,0.000701988,0.819032273,,
10/1/1999,0.000123429,0.000163905,0.175341762,,
11/1/1999,0.000804851,0.001020233,1.077806033,,
12/1/1999,0.000107832,0.000146452,0.155173491,,
1/1/2000,0.004083849,0.005194921,5.662244599,,
2/1/2000,0.004440343,0.005559955,5.708834683,,
3/1/2000,0.000830846,0.000950048,1.086766336,,
4/1/2000,0.000930738,0.001236728,1.280000446,,
5/1/2000,0.000524113,0.000746178,0.775177875,,
6/1/2000,0.000303903,0.000470267,0.457187609,,
7/1/2000,9.00E-05,0.000135683,0.137724537,,
8/1/2000,0.000937794,0.001034344,1.203470378,,
9/1/2000,7.29E-05,0.000107089,0.106307935,,
10/1/2000,0.000954504,0.001322881,1.389743625,,
11/1/2000,0.00031133,0.00037743,0.406748656,,
12/1/2000,0.000183958,0.000299447,0.294991731,,
1/1/2001,0.001987221,0.002307323,2.620688002,,
2/1/2001,0.002621112,0.003140998,3.175967643,,
3/1/2001,0.001328822,0.001641497,1.812597492,,
4/1/2001,0.001545689,0.00190144,2.035707544,,
5/1/2001,0.000117487,0.000163905,0.171716006,,
6/1/2001,1.13E-05,1.43E-05,0.01507922,,
7/1/2001,0.000694932,0.000845328,0.939923192,,
8/1/2001,0.000102633,0.000133455,0.144069611,,
9/1/2001,0.000196584,0.000333611,0.313107643,,
10/1/2001,0.000540823,0.000684906,0.747984701,,
11/1/2001,0.002649705,0.003262429,3.491419593,,
12/1/2001,0.00317182,0.003907831,4.320261424,,
1/1/2002,0.000673394,0.000957104,0.994989371,,
2/1/2002,0.000671909,0.000987925,0.914869782,,
3/1/2002,0.000912171,0.001258638,1.324706615,,
4/1/2002,0.000944478,0.00113238,1.226491295,,
5/1/2002,0.000273453,0.000383743,0.401045113,,
6/1/2002,0.000266397,0.00032767,0.350827208,,
7/1/2002,0.000282365,0.0004491,0.446367071,,
8/1/2002,0.000129742,0.000192871,0.196869692,,
9/1/2002,0.000317272,0.000584271,0.53240744,,
10/1/2002,0.000178017,0.00022035,0.243098089,,
11/1/2002,0.002972778,0.003392772,3.759184644,,
12/1/2002,0.003855842,0.004618218,5.171181184,,
1/1/2003,0.000134569,0.000225921,0.219983891,,
2/1/2003,0.001310998,0.001559801,1.582330643,,
3/1/2003,0.000967873,0.001178798,1.309976979,,
4/1/2003,0.001781124,0.002478143,2.515316199,,
5/1/2003,0.000773287,0.000912913,1.02898084,,
6/1/2003,0.000120086,0.000154993,0.162448683,,
7/1/2003,0.000433132,0.000646657,0.658927053,,
8/1/2003,0.00055382,0.000845328,0.853811472,,
9/1/2003,0.000102633,0.000233719,0.198633149,,
10/1/2003,7.52E-05,9.19E-05,0.10192019,,
11/1/2003,0.000993867,0.00114909,1.265526659,,
12/1/2003,0.002983918,0.003827991,4.156875766,,
1/1/2004,0.001439113,0.001741018,1.940632023,,
2/1/2004,0.003322958,0.003983585,4.171060651,,
3/1/2004,0.000462097,0.000529311,0.604993923,,
4/1/2004,0.000359606,0.000448729,0.477363191,,
5/1/2004,0.000392656,0.000508516,0.549927744,,
6/1/2004,0.000462469,0.000615464,0.636574843,,
7/1/2004,0.000394512,0.000535253,0.567376698,,
8/1/2004,0.000412708,0.000539338,0.580973286,,
9/1/2004,0.000128627,0.000227406,0.210256039,,
10/1/2004,0.002536816,0.003107205,3.444187978,,
11/1/2004,0.001920008,0.002109766,2.379788925,,
12/1/2004,0.00382502,0.004448141,5.048585288,,
1/1/2005,0.003854356,0.00471254,5.227833632,,
2/1/2005,0.001704626,0.002140588,2.119410464,,
3/1/2005,0.002107538,0.002755539,2.96762759,,
4/1/2005,0.000723155,0.000991639,1.012673994,,
5/1/2005,0.001372641,0.001757729,1.910266312,,
6/1/2005,0.000449843,0.000612865,0.627583551,,
7/1/2005,0.000209953,0.000219236,0.261906702,,
8/1/2005,0.001000551,0.00104437,1.247885896,,
9/1/2005,0.000449843,0.000524113,0.5751709,,
10/1/2005,0.000456899,0.000513343,0.592077165,,
11/1/2005,0.000746178,0.001062938,1.068376142,,
12/1/2005,0.006063131,0.00729192,8.149740259,,
1/1/2006,0.003138027,0.003690592,4.167073207,,
2/1/2006,0.002004675,0.00245252,2.456722791,,
3/1/2006,0.002846148,0.003713987,4.003234329,,
4/1/2006,0.003113147,0.003928626,4.158529573,,
5/1/2006,0.001016148,0.001183997,1.342608789,,
6/1/2006,0.000276795,0.000367404,0.380432681,,
7/1/2006,0.000415679,0.000568674,0.600688337,,
8/1/2006,9.48E-05,0.000149423,0.149055027,,
9/1/2006,5.96E-05,8.26E-05,0.083939356,,
10/1/2006,0.000888776,0.001015777,1.162227396,,
11/1/2006,0.000762889,0.000967501,1.021884585,,
12/1/2006,0.00122893,0.00154866,1.694987011,,
1/1/2007,0.000700503,0.000820448,0.928139483,,
2/1/2007,0.002503766,0.003305876,3.202166659,,
3/1/2007,0.000425334,0.000567189,0.605673753,,
4/1/2007,0.000909571,0.001110841,1.193157726,,
5/1/2007,0.000183216,0.000297591,0.293405463,,
6/1/2007,2.58E-05,6.59E-05,0.054114584,,
7/1/2007,0.000283108,0.000442416,0.442741314,,
8/1/2007,0.00027531,0.000334354,0.37203906,,
9/1/2007,0.000470638,0.000525598,0.588328888,,
10/1/2007,0.000342895,0.000499604,0.514123398,,
11/1/2007,0.000415308,0.000439817,0.504994965,,
12/1/2007,0.002172895,0.002592518,2.908029215,,
1/1/2008,0.004970256,0.005797618,6.570949855,,
2/1/2008,0.003218238,0.003900404,4.06379381,,
3/1/2008,0.000212923,0.000287936,0.305642391,,
4/1/2008,5.96E-05,9.41E-05,0.09073765,,
5/1/2008,0.001524523,0.001578739,1.893723797,,
6/1/2008,9.37E-05,0.000139397,0.137667806,,
7/1/2008,0.000152022,0.000185072,0.205707474,,
8/1/2008,9.08E-05,0.000100776,0.116876436,,
9/1/2008,9.08E-05,0.000146452,0.140080104,,
10/1/2008,0.000554192,0.000720184,0.777670583,,
11/1/2008,0.001215561,0.00147959,1.591625456,,
12/1/2008,0.001739904,0.002254963,2.437813902,,
1/1/2009,0.000709786,0.001077049,1.090392093,,
2/1/2009,0.002425783,0.003094208,3.042516407,,
3/1/2009,0.002400531,0.003035907,3.317513105,,
4/1/2009,0.000524855,0.00069976,0.723198262,,
5/1/2009,0.000809679,0.001139064,1.189193961,,
6/1/2009,0.001958999,0.002132418,2.416192691,,
7/1/2009,0.000335097,0.000398226,0.447500119,,
8/1/2009,0.000551221,0.000707187,0.767926362,,
9/1/2009,0.000148309,0.000181359,0.194685753,,
10/1/2009,0.002171038,0.002357826,2.763678779,,
11/1/2009,0.000626233,0.000667453,0.763988025,,
12/1/2009,0.002050351,0.002536073,2.798803297,,
1/1/2010,0.002950497,0.003658285,4.032920211,,
2/1/2010,0.00247183,0.002978719,3.004241283,,
3/1/2010,0.001032859,0.001419803,1.496703446,,
4/1/2010,0.00220446,0.002701323,2.897117144,,
5/1/2010,0.000467296,0.000692333,0.707648158,,
6/1/2010,0.000259713,0.000280509,0.319028738,,
7/1/2010,0.000227406,0.000303532,0.323997784,,
8/1/2010,0.000120086,0.000195841,0.192790716,,
9/1/2010,2.50E-05,4.99E-05,0.044246093,,
10/1/2010,0.002629281,0.002943441,3.400678898,,
11/1/2010,0.002273902,0.002804557,2.99909155,,
12/1/2010,0.005768281,0.00691166,7.737763662,,
1/1/2011,0.000604695,0.000818591,0.868541109,,
2/1/2011,0.003161793,0.003882579,3.882727027,,
3/1/2011,0.004846968,0.005885627,6.549421925,,
4/1/2011,0.000676365,0.000882834,0.920787379,,
5/1/2011,0.000915884,0.001228559,1.30861732,,
6/1/2011,0.001036201,0.001401607,1.439650697,,
7/1/2011,0.000426448,0.000575358,0.611338997,,
8/1/2011,6.55E-05,9.37E-05,0.097161385,,
9/1/2011,0.000254143,0.00039674,0.384380077,,
10/1/2011,0.000927767,0.001072221,1.220466112,,
11/1/2011,0.000557534,0.000739494,0.765961723,,
12/1/2011,0.000119715,0.000119344,0.145882489,,
1/1/2012,0.002146158,0.002548699,2.864973355,,
2/1/2012,0.000667824,0.000856097,0.869955435,,
3/1/2012,0.001997991,0.002550556,2.775689098,,
4/1/2012,0.001048084,0.001416832,1.455659582,,
5/1/2012,0.000133826,0.000181359,0.192337496,,
6/1/2012,0.000192871,0.000287193,0.283502171,,
7/1/2012,0.000142739,0.000200669,0.20955984,,
8/1/2012,0.000359606,0.000472867,0.508004933,,
9/1/2012,7.48E-05,0.00017059,0.144904699,,
10/1/2012,0.000431276,0.000579072,0.616551023,,
11/1/2012,0.001955286,0.002495596,2.628474894,,
12/1/2012,0.003564334,0.004471907,4.904008242,,
1/1/2013,0.000625119,0.000758804,0.844520471,,
2/1/2013,0.000204011,0.000242631,0.246180843,,
3/1/2013,0.000506659,0.000685277,0.72736321,,
4/1/2013,0.000443901,0.000514829,0.566179608,,
5/1/2013,0.000613979,0.000660397,0.777670583,,
6/1/2013,0.000161306,0.000241146,0.237668513,,
7/1/2013,0.00046544,0.00067488,0.695864449,,
8/1/2013,0.000565703,0.000694561,0.769059411,,
9/1/2013,0.000406767,0.000577587,0.581311294,,
10/1/2013,0.000498118,0.000567189,0.650089271,,
11/1/2013,0.000562733,0.000598011,0.685478697,,
12/1/2013,0.000876521,0.000988668,1.138206758,,
1/1/2014,0.001076306,0.001218904,1.400620895,,
2/1/2014,0.00230658,0.002945669,2.894942264,,
3/1/2014,0.000968987,0.001285003,1.375467208,,
4/1/2014,0.001027288,0.00124824,1.343816686,,
5/1/2014,0.000623262,0.000683049,0.797159025,,
6/1/2014,7.11E-05,0.000118601,0.11200973,,
7/1/2014,0.000605809,0.000824904,0.873073304,,
8/1/2014,0.00076883,0.000895089,1.015384252,,
9/1/2014,0.000831217,0.000835673,0.98438432,,
10/1/2014,6.83E-06,1.24E-05,0.011729494,,
11/1/2014,0.000342895,0.000514829,0.506530064,,
12/1/2014,0.002059634,0.002555383,2.816252251,,
1/1/2015,0.000169476,0.0001873,0.217717793,,
2/1/2015,0.001498157,0.001968283,1.910637058,,
3/1/2015,0.000294248,0.000339553,0.386768696,,
4/1/2015,0.000615093,0.000869094,0.87648882,,
5/1/2015,0.002889596,0.002915219,3.542310017,,
6/1/2015,0.000908828,0.0010388,1.150174966,,
7/1/2015,0.000990896,0.001333279,1.418296458,,
8/1/2015,0.000202154,0.000325813,0.322184906,,
9/1/2015,0.000225549,0.00032767,0.326704231,,
10/1/2015,0.000886548,0.000997952,1.149990467,,
11/1/2015,0.001587652,0.001890671,2.054128727,,
12/1/2015,0.002238252,0.002914105,3.144156616,,
1/1/2016,0.003159565,0.003989527,4.362637455,,
2/1/2016,0.000984583,0.001153918,1.220798559,,
3/1/2016,0.002238995,0.00286583,3.115150563,,
4/1/2016,0.001229673,0.001331422,1.51245823,,
5/1/2016,0.001235243,0.001231158,1.505088008,,
6/1/2016,0.000600981,0.000633289,0.728900057,,
7/1/2016,0.000105604,0.000137911,0.148601807,,
8/1/2016,0.000158335,0.0001899,0.212505768,,
9/1/2016,0.000135312,0.00023409,0.218150831,,
10/1/2016,0.001720223,0.002327747,2.470219102,,
11/1/2016,0.000469153,0.000656684,0.664864517,,
12/1/2016,0.002548699,0.003034793,3.407250582,,
1/1/2017,0.010273469,0.012109782,13.65907746,,
2/1/2017,0.008112969,0.009665201,9.798996935,,
3/1/2017,0.00138601,0.001790779,1.938592535,,
4/1/2017,0.002349285,0.002904821,3.102820353,,
5/1/2017,0.000839758,0.000852012,1.032379987,,
6/1/2017,0.00011266,0.000248201,0.213106936,,
7/1/2017,0.00027531,0.000361091,0.388354964,,
8/1/2017,0.000400825,0.000554934,0.583239383,,
9/1/2017,0.000572016,0.000711643,0.75806693,,
10/1/2017,0.000201412,0.000264169,0.284114461,,
11/1/2017,0.00229544,0.002876227,3.054135799,,
12/1/2017,0.000188043,0.000215151,0.246044017,,
1/1/2018,0.00129503,0.001674547,1.812144273,,
2/1/2018,0.000592812,0.000673394,0.697909184,,
3/1/2018,0.004477849,0.005713693,6.219251461,,
4/1/2018,0.001088932,0.001490359,1.52320392,,
5/1/2018,0.001432428,0.001541605,1.81486359,,
6/1/2018,7.81E-05,7.89E-05,0.092711348,,
7/1/2018,0.000870951,0.001178055,1.250378604,,
8/1/2018,0.000232605,0.000310588,0.331475907,,
9/1/2018,2.32E-05,8.44E-05,0.063544475,,
10/1/2018,0.000420507,0.000418278,0.5118573,,
11/1/2018,0.001889186,0.002401274,2.533737382,,
12/1/2018,0.000914399,0.001174713,1.274852461,,
1/1/2019,0.003494892,0.004285862,4.748100707,,
2/1/2019,0.008302728,0.01008928,10.13733266,,
3/1/2019,0.002403873,0.003075641,3.343799841,,
4/1/2019,0.000516686,0.000719813,0.730215856,,
5/1/2019,0.001657094,0.001925578,2.186277035,,
6/1/2019,0.000492919,0.000590212,0.63964504,,
7/1/2019,0.000467296,0.000578701,0.638305562,,
8/1/2019,8.37E-05,0.000166505,0.152680783,,
9/1/2019,0.000355149,0.000459498,0.481091287,,
10/1/2019,9.80E-06,1.57E-05,0.01558186,,
11/1/2019,0.001189196,0.001365214,1.508510833,,
12/1/2019,0.002374537,0.003100521,3.341080523,,
1/1/2020,0.000632546,0.000823419,0.88848277,,
2/1/2020,0.000204011,0.000221093,0.242677607,,
3/1/2020,0.001634813,0.002186635,2.33198713,,
4/1/2020,0.001853908,0.002234539,2.414438292,,
5/1/2020,0.000349208,0.000542309,0.54403589,,
6/1/2020,0.000681192,0.0008431,0.900173198,,
7/1/2020,0.000138283,0.000270482,0.249443163,,
8/1/2020,0.000150537,0.000247459,0.242871479,,
9/1/2020,9.56E-05,0.000168733,0.156088989,,
10/1/2020,5.13E-07,5.13E-07,0.000625614,,
11/1/2020,0.000817848,0.001077792,1.119472995,,
12/1/2020,0.000968987,0.001295773,1.382038892,,
1/1/2021,0.004101674,0.004813547,5.440393615,,
2/1/2021,0.000657798,0.00099201,0.909343427,,
3/1/2021,0.000823047,0.001162459,1.21162833,,
4/1/2021,0.000448729,0.000529311,0.577583198,,
5/1/2021,0.00049589,0.000598382,0.667764835,,
6/1/2021,0.000270111,0.000433504,0.415520648,,
7/1/2021,0.000473981,0.00069159,0.711273915,,
8/1/2021,6.18E-05,9.04E-05,0.092855799,,
9/1/2021,4.14E-05,8.48E-05,0.074509465,,
10/1/2021,0.003168849,0.00369282,4.187241478,,
11/1/2021,0.000237061,0.000377059,0.362669397,,
12/1/2021,0.006059418,0.007343166,8.178746312,,
