Date,"(38.0,-119.0)_e_m of water equivalent","(38.0,-119.1)_e_m of water equivalent",Time_hours since 1900-01-01 00:00:00.0,Inches/Month,Pan Adjustment (71%),,
Jan-50,-0.000521617,-0.000375014,438288,0.54715674,0.388481285,,Formula
Feb-50,-3.69E-05,-8.64E-05,439032,0.067982319,0.048267446,,m->in->daysinmonth
Mar-50,-0.000158344,-0.000313475,439704,0.287920971,0.204423889,,
Apr-50,-0.000732328,-0.000582437,440448,0.776436252,0.551269739,,
May-50,-0.003020561,-0.001838484,441168,2.965165052,2.105267187,,
Jun-50,-0.004057472,-0.003679097,441912,4.568840068,3.243876448,,
Jul-50,-0.004386638,-0.003462941,442632,4.790097094,3.400968937,,
Aug-50,-0.003703445,-0.002713689,443376,3.915967874,2.780337191,,
Sep-50,-0.003316953,-0.002833171,444120,3.631963193,2.578693867,,
Oct-50,-0.002066454,-0.001609075,444840,2.242941096,1.592488178,,
Nov-50,-0.001182414,-0.000968826,445584,1.270417052,0.901996107,,
Dec-50,-0.00073428,-0.000638736,446304,0.83786442,0.594883738,,
Jan-51,-0.000861262,-0.000557986,447048,0.866076294,0.614914169,,
Feb-51,-0.000714863,-0.000573294,447792,0.710007705,0.504105471,,
Mar-51,-0.000985983,-0.000681577,448464,1.0176054,0.722499834,,
Apr-51,-0.002031421,-0.001138648,449208,1.872088337,1.329182719,,
May-51,-0.003346747,-0.002718004,449928,3.700930707,2.627660802,,
Jun-51,-0.003894842,-0.003130283,450672,4.148695504,2.945573808,,
Jul-51,-0.004437595,-0.003328357,451392,4.73906495,3.364736115,,
Aug-51,-0.004267567,-0.003355993,452136,4.65217238,3.30304239,,
Sep-51,-0.003056005,-0.002197956,452880,3.102732718,2.20294023,,
Oct-51,-0.002258159,-0.001794821,453600,2.473275368,1.756025511,,
Nov-51,-0.001253609,-0.001097451,454344,1.388421554,0.985779303,,
Dec-51,-0.001010023,-0.000682296,455064,1.032714425,0.733227242,,
Jan-52,-0.000274127,-0.000234985,455808,0.310678548,0.220581769,,
Feb-52,-8.90E-05,-0.000117969,456552,0.118150007,0.083886505,,
Mar-52,-0.000210945,-0.000224609,457248,0.265790323,0.188711129,,
Apr-52,-0.000111086,-0.000278339,457992,0.2299753,0.163282463,,
May-52,-0.00181393,-0.001484046,458712,2.012544131,1.428906333,,
Jun-52,-0.004105245,-0.003524274,459456,4.505621204,3.198991055,,
Jul-52,-0.003623722,-0.002998678,460176,4.041228591,2.8692723,,
Aug-52,-0.004339687,-0.003457804,460920,4.758311717,3.378401319,,
Sep-52,-0.003057648,-0.002496198,461664,3.279830478,2.328679639,,
Oct-52,-0.001941117,-0.001520722,462384,2.112539548,1.499903079,,
Nov-52,-0.001600445,-0.001218885,463128,1.664958583,1.182120594,,
Dec-52,-0.000888692,-0.000504769,463848,0.850340338,0.60374164,,
Jan-53,-0.000342035,-0.000251936,464592,0.362463009,0.257348736,,
Feb-53,-0.0006787,-0.000516892,465336,0.658987696,0.467881264,,
Mar-53,-0.000751848,-0.000571136,466008,0.807332904,0.573206362,,
Apr-53,-0.001890879,-0.001231521,466752,1.843937134,1.309195365,,
May-53,-0.003455544,-0.002196312,467472,3.448967332,2.448766806,,
Jun-53,-0.003855391,-0.003225108,468216,4.181397009,2.968791876,,
Jul-53,-0.004209829,-0.003383012,468936,4.633427158,3.289733282,,
Aug-53,-0.004356844,-0.003212163,469680,4.61888237,3.279406483,,
Sep-53,-0.002833274,-0.00230737,470424,3.035812942,2.155427189,,
Oct-53,-0.002121315,-0.001720954,471144,2.344691919,1.664731262,,
Nov-53,-0.001194125,-0.001080808,471888,1.343464569,0.953859844,,
Dec-53,-0.00087585,-0.000583156,472608,0.890338505,0.632140339,,
Jan-54,-0.000526241,-0.000394944,473352,0.562140379,0.399119669,,
Feb-54,-7.64E-05,-0.000108003,474096,0.101618153,0.072148889,,
Mar-54,-0.000594252,-0.000435217,474768,0.628218855,0.446035387,,
Apr-54,-0.001023584,-0.000681166,475512,1.006742211,0.71478697,,
May-54,-0.003416093,-0.002807076,476232,3.797603392,2.696298408,,
Jun-54,-0.003960593,-0.003084668,476976,4.16058696,2.954016742,,
Jul-54,-0.004356536,-0.003288393,477696,4.665212535,3.3123009,,
Aug-54,-0.004323866,-0.003054977,478440,4.502837531,3.197014647,,
Sep-54,-0.003241032,-0.002339834,479184,3.295786871,2.340008678,,
Oct-54,-0.002110836,-0.001552879,479904,2.235731395,1.58736929,,
Nov-54,-0.001126012,-0.000941807,480648,1.221152448,0.867018238,,
Dec-54,-0.001112656,-0.000734486,481368,1.127192854,0.800306926,,
Jan-55,-0.000418779,-0.000276593,482112,0.424341051,0.301282146,,
Feb-55,-0.000122181,-0.000167385,482856,0.159603158,0.113318242,,
Mar-55,-0.000113038,-0.000206116,483528,0.194759096,0.138278958,,
Apr-55,-0.000445388,-0.000531069,484272,0.576647652,0.409419833,,
May-55,-0.001437917,-0.000830646,484992,1.384359752,0.982895424,,
Jun-55,-0.003582012,-0.003232916,485736,4.024563262,2.857439916,,
Jul-55,-0.004227808,-0.003429654,486456,4.672861087,3.317731372,,
Aug-55,-0.00397888,-0.002950701,487200,4.228680816,3.002363379,,
Sep-55,-0.003526123,-0.002691807,487944,3.672005852,2.607124155,,
Oct-55,-0.002078063,-0.001573734,488664,2.228459001,1.582205891,,
Nov-55,-0.00137607,-0.001104232,489408,1.464745289,1.039969155,,
Dec-55,-0.000858282,-0.000595176,490128,0.88695308,0.629736687,,
Jan-56,-0.000675105,-0.000449497,490872,0.686272621,0.487253561,,
Feb-56,-0.000518638,-0.000344604,491616,0.492795595,0.349884872,,
Mar-56,-0.000283682,-0.000353131,492312,0.388606012,0.275910269,,
Apr-56,-0.001046905,-0.000769211,493056,1.072509244,0.761481563,,
May-56,-0.003207232,-0.00194163,493776,3.14202215,2.230835727,,
Jun-56,-0.004106683,-0.00359886,494520,4.550517518,3.230867438,,
Jul-56,-0.00427332,-0.003470749,495240,4.72571133,3.355255044,,
Aug-56,-0.004084697,-0.003097613,495984,4.382905723,3.111863063,,
Sep-56,-0.003115078,-0.002394181,496728,3.253499396,2.309984571,,
Oct-56,-0.002286001,-0.001962486,497448,2.592580245,1.840731974,,
Nov-56,-0.000961224,-0.000872049,498192,1.08264125,0.768675288,,
Dec-56,-0.000841845,-0.000634216,498912,0.900745551,0.639529341,,
Jan-57,-0.000611922,-0.000386417,499656,0.609222861,0.432548231,,
Feb-57,-2.83E-05,-0.00010523,500400,0.073588292,0.052247687,,
Mar-57,-0.000580382,-0.000474667,501072,0.643829425,0.457118892,,
Apr-57,-0.001843518,-0.001222994,501816,1.810932276,1.285761916,,
May-57,-0.003030629,-0.002047654,502536,3.098952024,2.200255937,,
Jun-57,-0.00426243,-0.003505987,503280,4.587647984,3.257230069,,
Jul-57,-0.004677688,-0.003447222,504000,4.958114473,3.520261276,,
Aug-57,-0.004215685,-0.00308436,504744,4.45475196,3.162873892,,
Sep-57,-0.002977617,-0.002367881,505488,3.156790308,2.241321119,,
Oct-57,-0.002054537,-0.001770473,506208,2.334159486,1.657253235,,
Nov-57,-0.00117666,-0.000949203,506952,1.25543139,0.891356287,,
Dec-57,-0.000839687,-0.000537747,507672,0.840560222,0.596797758,,
Jan-58,-0.00051196,-0.000301763,508416,0.496563447,0.352560047,,
Feb-58,-0.000320358,-0.000218753,509160,0.297147669,0.210974845,,
Mar-58,-0.000771676,-0.000493262,509832,0.77191133,0.548057044,,
Apr-58,-0.001382132,-0.00090513,510576,1.350745053,0.959028988,,
May-58,-0.003112201,-0.001668148,511296,2.917142174,2.071170944,,
Jun-58,-0.004002612,-0.003538657,512040,4.453505077,3.161988605,,
Jul-58,-0.004183015,-0.003352089,512760,4.598193663,3.264717501,,
Aug-58,-0.003596395,-0.003253257,513504,4.179905622,2.967732992,,
Sep-58,-0.003415682,-0.00256123,514248,3.529672401,2.506067405,,
Oct-58,-0.002009333,-0.001514353,514968,2.150280765,1.526699343,,
Nov-58,-0.001178099,-0.001029748,515712,1.303846605,0.92573109,,
Dec-58,-0.000622093,-0.000610998,516432,0.752476484,0.534258304,,
Jan-59,-0.000727294,-0.000458538,517176,0.72363768,0.513782753,,
Feb-59,-0.000754417,-0.00044097,517920,0.658874444,0.467800855,,
Mar-59,-0.000897733,-0.000658461,518592,0.949646132,0.674248754,,
Apr-59,-0.002280042,-0.001367441,519336,2.154025057,1.52935779,,
May-59,-0.003677967,-0.003073675,520056,4.12009645,2.92526848,,
Jun-59,-0.00399203,-0.003192438,520800,4.242795752,3.012384984,,
Jul-59,-0.004173153,-0.00331346,521520,4.568602542,3.243707805,,
Aug-59,-0.004226267,-0.00324884,522264,4.561580921,3.238722454,,
Sep-59,-0.003274215,-0.002753551,523008,3.559704395,2.52739012,,
Oct-59,-0.001814341,-0.001486306,523728,2.01417415,1.430063647,,
Nov-59,-0.000909753,-0.000814928,524472,1.018512326,0.723143751,,
Dec-59,-0.000790888,-0.000670276,525192,0.891655059,0.633075092,,
Jan-60,-0.000568876,-0.000325598,525936,0.545840185,0.387546531,,
Feb-60,-0.000196459,-0.000183822,526680,0.217089754,0.154133725,,
Mar-60,-0.000524905,-0.000438504,527376,0.587907223,0.417414128,,
Apr-60,-0.002208641,-0.001551235,528120,2.220398798,1.576483147,,
May-60,-0.003252333,-0.00290375,528840,3.75666483,2.667232029,,
Jun-60,-0.004075862,-0.003120625,529584,4.249894224,3.017424899,,
Jul-60,-0.00384594,-0.003309659,530304,4.36660553,3.100289926,,
Aug-60,-0.004282772,-0.003329179,531048,4.645088066,3.298012527,,
Sep-60,-0.00306145,-0.002456747,531792,3.258777746,2.3137322,,
Oct-60,-0.002009744,-0.00177263,532512,2.308141869,1.638780727,,
Nov-60,-0.00126491,-0.00107074,533256,1.37932095,0.979317875,,
Dec-60,-0.000859412,-0.000497886,533976,0.828272383,0.588073392,,
Jan-61,-7.13E-05,-8.41E-05,534720,0.094826371,0.067326723,,
Feb-61,-6.40E-05,-0.000102661,535464,0.091878484,0.065233724,,
Mar-61,-0.000373575,-0.000367103,536136,0.451988687,0.320911968,,
Apr-61,-0.001601678,-0.000978278,536880,1.523595863,1.081753063,,
May-61,-0.003283051,-0.002436097,537600,3.490031281,2.47792221,,
Jun-61,-0.003860117,-0.003361438,538344,4.264697873,3.02793549,,
Jul-61,-0.004446841,-0.003735807,539064,4.993347968,3.545277057,,
Aug-61,-0.003749882,-0.003557458,539808,4.459203167,3.166034249,,
Sep-61,-0.003251408,-0.002936626,540552,3.654350679,2.594588982,,
Oct-61,-0.002177923,-0.001856154,541272,2.461739846,1.747835291,,
Nov-61,-0.001144504,-0.001045159,542016,1.293107892,0.918106603,,
Dec-61,-0.000724931,-0.000406964,542736,0.690723828,0.490413918,,
Jan-62,-0.000390013,-0.000240943,543480,0.385032508,0.273373081,,
Feb-62,-9.75E-05,-0.000123208,544224,0.12166375,0.086381263,,
Mar-62,-0.000162556,-0.000165022,544896,0.199899926,0.141928947,,
Apr-62,-0.000254607,-0.000348713,545640,0.356291687,0.252967098,,
May-62,-0.002517361,-0.001535516,546360,2.473212675,1.755980999,,
Jun-62,-0.003946929,-0.003369657,547104,4.320818266,3.067780969,,
Jul-62,-0.004158462,-0.003484824,547824,4.664209446,3.311588707,,
Aug-62,-0.004224418,-0.003042855,548568,4.434752877,3.148674543,,
Sep-62,-0.00309227,-0.002328225,549312,3.201079915,2.27276674,,
Oct-62,-0.002107857,-0.001862935,550032,2.423120926,1.720415857,,
Nov-62,-0.001277341,-0.001183544,550776,1.453278528,1.031827755,,
Dec-62,-0.000693289,-0.000644695,551496,0.81648609,0.579705124,,
Jan-63,-0.000787806,-0.000608326,552240,0.851970357,0.604898953,,
Feb-63,-0.000427614,-0.00031666,552984,0.410229756,0.291263127,,
Mar-63,-0.001116663,-0.000750102,553656,1.139167227,0.808808731,,
Apr-63,-0.001873517,-0.00120142,554400,1.815907273,1.289294164,,
May-63,-0.003006589,-0.001585035,555120,2.801975038,1.989402277,,
Jun-63,-0.003886828,-0.003512562,555864,4.369718847,3.102500381,,
Jul-63,-0.004488243,-0.003225313,556584,4.707091494,3.342034961,,
Aug-63,-0.004148085,-0.003019123,557328,4.373689845,3.10531979,,
Sep-63,-0.002746667,-0.002250762,558072,2.951237992,2.095378974,,
Oct-63,-0.002139397,-0.001804992,558792,2.407008812,1.708976257,,
Nov-63,-0.001357681,-0.001096116,559536,1.44909225,1.028855498,,
Dec-63,-0.00069596,-0.000507645,560256,0.734483578,0.52148334,,
Jan-64,-0.000688049,-0.0004496,561000,0.694234639,0.492906594,,
Feb-64,-0.000172522,-0.000156803,561744,0.188000178,0.133480126,,
Mar-64,-0.000236629,-0.000246491,562440,0.294817206,0.209320216,,
Apr-64,-0.000762327,-0.000526343,563184,0.761025895,0.540328385,,
May-64,-0.002279734,-0.001766466,563904,2.469137626,1.753087714,,
Jun-64,-0.003720602,-0.003189561,564648,4.080804996,2.897371547,,
Jul-64,-0.004450231,-0.003322604,565368,4.743265385,3.367718423,,
Aug-64,-0.00423839,-0.003319111,566112,4.611860748,3.274421131,,
Sep-64,-0.003084873,-0.002370963,566856,3.221950634,2.28758495,,
Oct-64,-0.00195776,-0.001505928,567576,2.113668023,1.500704296,,
Nov-64,-0.001511784,-0.001229158,568320,1.618666843,1.149253459,,
Dec-64,-0.000768491,-0.000524905,569040,0.789277305,0.560386887,,
Jan-65,-0.000571239,-0.000394328,569784,0.589223777,0.418348882,,
Feb-65,-0.00013492,-0.000159885,570528,0.162491084,0.11536867,,
Mar-65,-0.000364535,-0.000375835,571200,0.451800608,0.320778432,,
Apr-65,-0.001132279,-0.000713322,571944,1.089921734,0.773844431,,
May-65,-0.003242984,-0.001956938,572664,3.173180597,2.252958224,,
Jun-65,-0.003942306,-0.003494481,573408,4.39180298,3.118180116,,
Jul-65,-0.003974359,-0.003356918,574128,4.473810648,3.17640556,,
Aug-65,-0.003945901,-0.003642831,574872,4.630919436,3.2879528,,
Sep-65,-0.003077271,-0.002666739,575616,3.392131935,2.408413674,,
Oct-65,-0.001593254,-0.001249911,576336,1.735001991,1.231851414,,
Nov-65,-0.001341654,-0.00111132,577080,1.448606884,1.028510888,,
Dec-65,-0.001039508,-0.0007275,577800,1.078292274,0.765587515,,
Jan-66,-0.000503022,-0.000306181,578544,0.493804953,0.350601517,,
Feb-66,-0.000104716,-9.63E-05,579288,0.110791562,0.078662009,,
Mar-66,-9.97E-05,-0.000287072,579960,0.236011124,0.167567898,,
Apr-66,-0.000812462,-0.000531788,580704,0.793848741,0.563632606,,
May-66,-0.002313842,-0.002341683,581424,2.840970116,2.017088782,,
Jun-66,-0.003881589,-0.003088161,582168,4.115993999,2.922355739,,
Jul-66,-0.004413863,-0.003194287,582888,4.642768423,3.29636558,,
Aug-66,-0.004182399,-0.003250072,583632,4.535563304,3.220249946,,
Sep-66,-0.003172404,-0.002446166,584376,3.318053016,2.355817641,,
Oct-66,-0.002007073,-0.001490621,585096,2.134419423,1.51543779,,
Nov-66,-0.001304361,-0.00107752,585840,1.406622763,0.998702162,,
Dec-66,-0.001045261,-0.000711268,586560,1.071897582,0.761047283,,
Jan-67,-0.000474051,-0.000377787,587304,0.519822569,0.369074024,,
Feb-67,-0.000112524,-0.00017622,588048,0.159150151,0.112996607,,
Mar-67,-0.000626819,-0.000600724,588720,0.749091059,0.531854652,,
Apr-67,-0.001587809,-0.001075979,589464,1.573103151,1.116903237,,
May-67,-0.002440926,-0.001467505,590184,2.385066244,1.693397033,,
Jun-67,-0.003778545,-0.002539347,590928,3.731038438,2.649037291,,
Jul-67,-0.004182502,-0.003455544,591648,4.661012101,3.309318592,,
Aug-67,-0.00389176,-0.003226135,592392,4.34359718,3.083953998,,
Sep-67,-0.003076449,-0.002691909,593136,3.406510889,2.418622731,,
Oct-67,-0.002021045,-0.001675853,593856,2.25598125,1.601746688,,
Nov-67,-0.001199057,-0.001047932,594600,1.32696214,0.942143119,,
Dec-67,-0.001285149,-0.000812051,595320,1.279787742,0.908649297,,
Jan-68,-0.000125366,-0.000111805,596064,0.144730041,0.102758329,,
Feb-68,-1.24E-05,-7.11E-05,596808,0.047654704,0.03383484,,
Mar-68,-0.000172316,-0.000294263,597504,0.284723625,0.202153774,,
Apr-68,-0.001277341,-0.000945402,598248,1.312643856,0.931977138,,
May-68,-0.00301265,-0.002657493,598968,3.460126695,2.456689953,,
Jun-68,-0.003992132,-0.003310892,599712,4.312809735,3.062094912,,
Jul-68,-0.004281231,-0.003329487,600432,4.644335749,3.297478382,,
Aug-68,-0.004078328,-0.003217402,601176,4.452118852,3.161004385,,
Sep-68,-0.003177233,-0.002290726,601920,3.229109777,2.292667942,,
Oct-68,-0.001907625,-0.001663936,602640,2.179495727,1.547441966,,
Nov-68,-0.001335182,-0.001153442,603384,1.469659615,1.043458327,,
Dec-68,-0.001120669,-0.000775066,604104,1.156846668,0.821361134,,
Jan-69,-0.000561787,-0.000415286,604848,0.596245399,0.423334233,,
Feb-69,-0.0001642,-0.000120743,605592,0.157054989,0.111509042,,
Mar-69,-0.000163173,-0.000170775,606264,0.203786895,0.144688695,,
Apr-69,-0.000398335,-0.000490078,607008,0.524652867,0.372503536,,
May-69,-0.002202579,-0.001215494,607728,2.085832308,1.480940939,,
Jun-69,-0.004133805,-0.003340788,608472,4.414129796,3.134032155,,
Jul-69,-0.003876041,-0.003049841,609192,4.226423866,3.000760945,,
Aug-69,-0.004235719,-0.003071518,609936,4.459140474,3.165989737,,
Sep-69,-0.00319326,-0.002351032,610680,3.274188103,2.324673553,,
Oct-69,-0.002248605,-0.001812594,611400,2.478290812,1.759586477,,
Nov-69,-0.001075466,-0.001001393,612144,1.226491469,0.870808943,,
Dec-69,-0.000962559,-0.000759759,612864,1.051020796,0.746224765,,
Jan-70,-0.000515351,-0.000331454,613608,0.516750609,0.366892932,,
Feb-70,-0.000505899,-0.000322207,614352,0.456436557,0.324069955,,
Mar-70,-0.001002112,-0.000693597,615024,1.034783296,0.73469614,,
Apr-70,-0.002289905,-0.001448705,615768,2.207839964,1.567566374,,
May-70,-0.003239799,-0.00223453,616488,3.340633738,2.371849954,,
Jun-70,-0.00386998,-0.003576772,617232,4.397688037,3.122358506,,
Jul-70,-0.004289758,-0.003517185,617952,4.764079478,3.382496429,,
Aug-70,-0.004131545,-0.00298183,618696,4.340838685,3.081995466,,
Sep-70,-0.00341373,-0.002459829,619440,3.468637681,2.462732754,,
Oct-70,-0.002203607,-0.001722187,620160,2.39566137,1.700919573,,
Nov-70,-0.001138648,-0.001065603,620904,1.301723131,0.924223423,,
Dec-70,-0.000965641,-0.000657023,621624,0.990208536,0.703048061,,
Jan-71,-0.000266525,-0.000278545,622368,0.332621117,0.236160993,,
Feb-71,-0.000117455,-0.000278031,623112,0.217984546,0.154769028,,
Mar-71,-0.00011838,-0.000230156,623784,0.212689309,0.151009409,,
Apr-71,-0.000693083,-0.000637503,624528,0.785779539,0.557903473,,
May-71,-0.002564003,-0.001535413,625248,2.501612627,1.776144965,,
Jun-71,-0.003929669,-0.003207848,625992,4.215069245,2.992699164,,
Jul-71,-0.004102368,-0.003276373,626712,4.502774838,3.196970135,,
Aug-71,-0.004090553,-0.00319141,627456,4.443717983,3.155039768,,
Sep-71,-0.003547287,-0.00257027,628200,3.612730582,2.565038713,,
Oct-71,-0.002167752,-0.001758966,628920,2.396225607,1.701320181,,
Nov-71,-0.001126834,-0.000913965,629664,1.205196055,0.855689199,,
Dec-71,-0.000974785,-0.000575554,630384,0.946072628,0.671711566,,
Jan-72,-0.000111599,-0.000125777,631128,0.144855427,0.102847353,,
Feb-72,-5.11E-05,-0.000113038,631872,0.09369365,0.066522492,,
Mar-72,-0.000309879,-0.000429566,632568,0.45123637,0.320377823,,
Apr-72,-0.00109817,-0.000850988,633312,1.151077795,0.817265234,,
May-72,-0.002215935,-0.002375072,634032,2.80159888,1.989135205,,
Jun-72,-0.003690192,-0.003225621,634776,4.084141884,2.899740738,,
Jul-72,-0.004563343,-0.003376643,635496,4.84526698,3.440139556,,
Aug-72,-0.004160825,-0.003150522,636240,4.461648196,3.167770219,,
Sep-72,-0.003131824,-0.00272499,636984,3.458748358,2.455711334,,
Oct-72,-0.002133746,-0.001940603,637704,2.486315522,1.765284021,,
Nov-72,-0.001192584,-0.000917766,638448,1.246270115,0.884851782,,
Dec-72,-0.001052042,-0.000649832,639168,1.038544879,0.737366864,,
Jan-73,-0.000109031,-7.90E-05,639912,0.114762762,0.081481561,,
Feb-73,-4.56E-05,-3.58E-05,640656,0.044878919,0.031864032,,
Mar-73,-0.000176015,-0.000187521,641328,0.221842494,0.157508171,,
Apr-73,-0.000199746,-0.000373883,642072,0.338757856,0.240518078,,
May-73,-0.001511373,-0.000943142,642792,1.497834176,1.063462265,,
Jun-73,-0.003729437,-0.003271544,643536,4.134437891,2.935450903,,
Jul-73,-0.004318113,-0.003425237,644256,4.725272479,3.35494346,,
Aug-73,-0.00414377,-0.003523144,645000,4.678628848,3.321826482,,
Sep-73,-0.003025081,-0.002275316,645744,3.130155873,2.22241067,,
Oct-73,-0.002134568,-0.001766877,646464,2.380803116,1.690370212,,
Nov-73,-0.001602294,-0.001361174,647208,1.750079569,1.242556494,,
Dec-73,-0.000876056,-0.000553363,647928,0.872282906,0.619320863,,
Jan-74,-0.00048566,-0.000341214,648672,0.504588157,0.358257591,,
Feb-74,-0.000141701,-0.000191836,649416,0.183839079,0.130525746,,
Mar-74,-0.000227177,-0.000358884,650088,0.357635644,0.253921307,,
Apr-74,-0.001318333,-0.000999339,650832,1.368703578,0.97177954,,
May-74,-0.003359691,-0.002226825,651552,3.409094551,2.420457131,,
Jun-74,-0.004086341,-0.003597216,652296,4.53753399,3.221649133,,
Jul-74,-0.004369481,-0.003410957,653016,4.74790467,3.371012316,,
Aug-74,-0.004066719,-0.00315648,653760,4.407857558,3.129578866,,
Sep-74,-0.003219046,-0.002294836,654504,3.256229577,2.311923,,
Oct-74,-0.002057619,-0.001704003,655224,2.295477873,1.62978929,,
Nov-74,-0.001173167,-0.00106211,655968,1.320045681,0.937232434,,
Dec-74,-0.000982593,-0.000606374,656688,0.969645215,0.688448103,,
Jan-75,-0.000242895,-0.000174473,657432,0.254693653,0.180832494,,
Feb-75,-0.000153618,-0.000156289,658176,0.170815103,0.121278723,,
Mar-75,-0.000436552,-0.00038313,658848,0.500199644,0.355141747,,
Apr-75,-0.000985058,-0.000710857,659592,1.001524531,0.711082417,,
May-75,-0.002318465,-0.001376995,660312,2.255103548,1.601123519,,
Jun-75,-0.004316572,-0.003296612,661056,4.495974563,3.19214194,,
Jul-75,-0.003919601,-0.003089086,661776,4.276954466,3.036637671,,
Aug-75,-0.00402922,-0.003117543,662520,4.361213927,3.096461888,,
Sep-75,-0.002869437,-0.002430652,663264,3.129973861,2.222281441,,
Oct-75,-0.0024437,-0.002064913,663984,2.751319052,1.953436527,,
Nov-75,-0.001316175,-0.001137929,664728,1.449274262,1.028984726,,
Dec-75,-0.000725651,-0.0006186,665448,0.820310366,0.58242036,,
Jan-76,-0.000488947,-0.000468298,666192,0.58414564,0.414743404,,
Feb-76,-0.000662571,-0.000484222,666936,0.654665009,0.464812156,,
Mar-76,-0.001024406,-0.00078308,667632,1.102993336,0.783125269,,
Apr-76,-0.002196312,-0.001714687,668376,2.309645391,1.639848228,,
May-76,-0.003362876,-0.002876012,669096,3.807195429,2.703108755,,
Jun-76,-0.00419483,-0.003135317,669840,4.328826798,3.073467027,,
Jul-76,-0.004275786,-0.003488008,670560,4.737748396,3.363801361,,
Aug-76,-0.00371978,-0.003311817,671304,4.290935016,3.046563861,,
Sep-76,-0.002932311,-0.002642185,672048,3.292025287,2.337337954,,
Oct-76,-0.001967314,-0.001789479,672768,2.2925313,1.627697223,,
Nov-76,-0.000974785,-0.000930608,673512,1.125232078,0.798914775,,
Dec-76,-0.000621066,-0.000607607,674232,0.749780683,0.532344285,,
Jan-77,-0.00076993,-0.000459051,674976,0.749968762,0.532477821,,
Feb-77,-0.00035837,-0.000285223,675720,0.354736293,0.251862768,,
Mar-77,-0.001063137,-0.000709007,676392,1.081426926,0.767813117,,
Apr-77,-0.001356551,-0.001385933,677136,1.619576903,1.149899601,,
May-77,-0.003074497,-0.00246774,677856,3.382073845,2.40127243,,
Jun-77,-0.003541636,-0.003242881,678600,4.006604736,2.844689363,,
Jul-77,-0.004442218,-0.003442496,679320,4.811538118,3.416192064,,
Aug-77,-0.004020898,-0.003107578,680064,4.350054564,3.08853874,,
Sep-77,-0.003327535,-0.002595338,680808,3.497759615,2.483409327,,
Oct-77,-0.001973684,-0.001671436,681528,2.224383952,1.579312606,,
Nov-77,-0.001227309,-0.001100636,682272,1.374770648,0.97608716,,
Dec-77,-0.000784826,-0.000627127,682992,0.861625087,0.611753812,,
Jan-78,-0.000609046,-0.000364535,683736,0.594113835,0.421820823,,
Feb-78,-0.000577711,-0.000376349,684480,0.525860011,0.373360608,,
Mar-78,-0.000679009,-0.000487304,685152,0.711726,0.50532546,,
Apr-78,-0.002160663,-0.00160137,685896,2.221672882,1.577387746,,
May-78,-0.003469208,-0.002552394,686616,3.674599625,2.608965734,,
Jun-78,-0.004259656,-0.003851487,687360,4.790045423,3.40093225,,
Jul-78,-0.004102471,-0.00310953,688080,4.401024015,3.124727051,,
Aug-78,-0.004212398,-0.003118879,688824,4.473810648,3.17640556,,
Sep-78,-0.002946283,-0.002648144,689568,3.303795402,2.345694735,,
Oct-78,-0.002051969,-0.001594178,690288,2.225010883,1.579757727,,
Nov-78,-0.001309087,-0.00106735,691032,1.403407216,0.996419123,,
Dec-78,-0.000885507,-0.000502098,691752,0.846766834,0.601204452,,
Jan-79,-0.000106668,-9.24E-05,692496,0.121470918,0.086244352,,
Feb-79,-0.000133482,-0.000169131,693240,0.166794658,0.118424207,,
Mar-79,-4.68E-05,-0.000120332,693912,0.101973379,0.072401099,,
Apr-79,-0.000440148,-0.000489769,694656,0.549163827,0.389906317,,
May-79,-0.002674033,-0.001961972,695376,2.829058436,2.00863149,,
Jun-79,-0.004276197,-0.003460064,696120,4.568658056,3.24374722,,
Jul-79,-0.004005283,-0.003153193,696840,4.368360935,3.101536264,,
Aug-79,-0.004229863,-0.003253668,697584,4.566721751,3.242372443,,
Sep-79,-0.003159973,-0.002287336,698328,3.216914967,2.284009627,,
Oct-79,-0.002354628,-0.001887283,699048,2.58856789,1.837883202,,
Nov-79,-0.001275287,-0.001147278,699792,1.430648358,1.015760334,,
Dec-79,-0.000894034,-0.00072524,700512,0.988139665,0.701579162,,
Jan-80,-0.000685275,-0.000419601,701256,0.674235555,0.478707244,,
Feb-80,-0.000465216,-0.000343474,702000,0.461653327,0.327773862,,
Mar-80,-0.001101252,-0.000697912,702696,1.097915199,0.779519791,,
Apr-80,-0.001496579,-0.000978483,703440,1.461651083,1.037772269,,
May-80,-0.003222642,-0.001842901,704160,3.091178085,2.19473644,,
Jun-80,-0.00397703,-0.003408594,704904,4.361588973,3.096728171,,
Jul-80,-0.004147058,-0.003306885,705624,4.548666152,3.229552968,,
Aug-80,-0.004463381,-0.00338106,706368,4.786962442,3.398743334,,
Sep-80,-0.002899538,-0.002327095,707112,3.086594313,2.191481962,,
Oct-80,-0.00212902,-0.001734413,707832,2.357606687,1.673900748,,
Nov-80,-0.001270766,-0.0011556,708576,1.432893174,1.017354154,,
Dec-80,-0.00085705,-0.0005698,709296,0.870715579,0.618208061,,
Jan-81,-0.000606683,-0.000423916,710040,0.628908479,0.44652502,,
Feb-81,-0.000619011,-0.000440559,710784,0.584014895,0.414650575,,
Mar-81,-0.000929889,-0.000582848,711456,0.923126971,0.655420149,,
Apr-81,-0.002021662,-0.001260493,712200,1.938280065,1.376178846,,
May-81,-0.003607079,-0.003227984,712920,4.171003208,2.961412278,,
Jun-81,-0.004290477,-0.003406025,713664,4.545178497,3.227076733,,
Jul-81,-0.004769636,-0.003545746,714384,5.074347391,3.602786648,,
Aug-81,-0.004119217,-0.002983884,715128,4.33456938,3.07754426,,
Sep-81,-0.003328152,-0.002538936,715872,3.464815427,2.460018953,,
Oct-81,-0.002113507,-0.001834272,716592,2.409077683,1.710445155,,
Nov-81,-0.001100841,-0.000918999,717336,1.192819233,0.846901655,,
Dec-81,-0.000694213,-0.000554801,718056,0.762193907,0.541157674,,
Jan-82,-0.00087811,-0.000584286,718800,0.892407375,0.633609236,,
Feb-82,-0.000196151,-0.000311112,719544,0.279593615,0.198511467,,
Mar-82,-0.00084616,-0.000703357,720216,0.945571083,0.671355469,,
Apr-82,-0.001228747,-0.001045159,720960,1.342857862,0.953429082,,
May-82,-0.003252846,-0.002151109,721680,3.297688998,2.341359189,,
Jun-82,-0.0037731,-0.003723479,722424,4.427113324,3.14325046,,
Jul-82,-0.003987612,-0.003508658,723144,4.574495689,3.247891939,,
Aug-82,-0.003998502,-0.003471673,723888,4.558571654,3.236585874,,
Sep-82,-0.003231169,-0.002587016,724632,3.435936177,2.439514686,,
Oct-82,-0.001991355,-0.001839922,725352,2.337983762,1.659968471,,
Nov-82,-0.001326346,-0.001100944,726096,1.43343921,1.017741839,,
Dec-82,-0.001003242,-0.000615312,726816,0.987700814,0.701267578,,
Jan-83,-0.000102764,-0.000123517,727560,0.138084577,0.09804005,,
Feb-83,-7.49E-05,-0.000126188,728304,0.110848188,0.078702213,,
Mar-83,-0.000362994,-0.000343782,728976,0.43129998,0.306222986,,
Apr-83,-0.001192687,-0.000962559,729720,1.272783209,0.903676078,,
May-83,-0.002721703,-0.001769959,730440,2.740974699,1.946092036,,
Jun-83,-0.004233767,-0.003333802,731184,4.469036775,3.17301611,,
Jul-83,-0.004506633,-0.003478351,731904,4.872726536,3.459635841,,
Aug-83,-0.003741355,-0.003433867,732648,4.378579903,3.108791731,,
Sep-83,-0.003197061,-0.002773584,733392,3.525971488,2.503439756,,
Oct-83,-0.001962794,-0.001840436,734112,2.320868559,1.647816677,,
Nov-83,-0.001500381,-0.001286793,734856,1.645968656,1.168637746,,
Dec-83,-0.000763868,-0.000479085,735576,0.758495017,0.538531462,,
Jan-84,-0.000629901,-0.00038015,736320,0.616369869,0.437622607,,
Feb-84,-0.000484941,-0.00032981,737064,0.465113579,0.330230641,,
Mar-84,-0.000636065,-0.000539904,737760,0.717619147,0.509509594,,
Apr-84,-0.002210695,-0.001494936,738504,2.188364671,1.553738916,,
May-84,-0.003185657,-0.002366956,739224,3.388405844,2.405768149,,
Jun-84,-0.00401083,-0.003747827,739968,4.581884268,3.25313783,,
Jul-84,-0.004142332,-0.003532185,740688,4.683268134,3.325120375,,
Aug-84,-0.00374269,-0.00338969,741432,4.3524369,3.090230199,,
Sep-84,-0.003190178,-0.002635405,742176,3.440304467,2.442616172,,
Oct-84,-0.002240078,-0.001897146,742896,2.52468367,1.792525406,,
Nov-84,-0.001305388,-0.001133203,743640,1.440112987,1.022480221,,
Dec-84,-0.000875953,-0.000492441,744360,0.835043233,0.592880695,,
Jan-85,-5.78E-05,-7.98E-05,745104,0.08391778,0.059581624,,
Feb-85,-9.31E-05,-0.000101531,745848,0.107280751,0.076169333,,
Mar-85,-0.000195226,-0.000250292,746520,0.271871549,0.1930288,,
Apr-85,-0.000288921,-0.000381897,747264,0.396152334,0.281268157,,
May-85,-0.002350827,-0.002239872,747984,2.8014108,1.989001668,,
Jun-85,-0.003895458,-0.003204663,748728,4.192985111,2.977019429,,
Jul-85,-0.004238082,-0.003645502,749448,4.810848494,3.415702431,,
Aug-85,-0.004051514,-0.003091757,750192,4.359082364,3.094948478,,
Sep-85,-0.003275962,-0.002949468,750936,3.676434812,2.610268717,,
Oct-85,-0.002052174,-0.001847422,751656,2.379674641,1.689568995,,
Nov-85,-0.001478909,-0.001235631,752400,1.603074474,1.138182877,,
Dec-85,-0.000753184,-0.000429155,753120,0.721506116,0.512269342,,
Jan-86,-0.00026899,-0.000242279,753864,0.311995103,0.221516523,,
Feb-86,-0.000582232,-0.000492441,754608,0.592338914,0.420560629,,
Mar-86,-0.000763971,-0.000541343,755280,0.796549699,0.565550286,,
Apr-86,-0.002116589,-0.001794205,756024,2.309524049,1.639762075,,
May-86,-0.003409313,-0.002419146,756744,3.556736688,2.525283048,,
Jun-86,-0.004325202,-0.003832378,757488,4.817468577,3.42040269,,
Jul-86,-0.004479305,-0.003439414,758208,4.832289518,3.430925558,,
Aug-86,-0.003914362,-0.002912175,758952,4.165799685,2.957717776,,
Sep-86,-0.003567937,-0.002849198,759696,3.78964633,2.690648894,,
Oct-86,-0.001673593,-0.001460108,760416,1.912297941,1.357731538,,
Nov-86,-0.001147894,-0.000946532,761160,1.236866158,0.878174972,,
Dec-86,-0.000783696,-0.000640483,761880,0.86908556,0.617050748,,
Jan-87,-0.000521823,-0.000333097,762624,0.521703361,0.370409386,,
Feb-87,-0.000160399,-0.000154851,763368,0.173759654,0.123369354,,
Mar-87,-0.000424327,-0.000409019,764040,0.50853782,0.361061852,,
Apr-87,-0.001075979,-0.000845543,764784,1.134757378,0.805677738,,
May-87,-0.002891833,-0.002780159,765504,3.46125517,2.457491171,,
Jun-87,-0.003847378,-0.003530746,766248,4.357160013,3.093583609,,
Jul-87,-0.004490401,-0.003524377,766968,4.890907521,3.47254434,,
Aug-87,-0.003974359,-0.002932208,767712,4.214637572,2.992392676,,
Sep-87,-0.003019944,-0.002397366,768456,3.199199124,2.271431378,,
Oct-87,-0.002036045,-0.001683456,769176,2.269773722,1.611539343,,
Nov-87,-0.001402473,-0.001278882,769920,1.583477839,1.124269266,,
Dec-87,-0.001154367,-0.000710446,770640,1.137976059,0.807963002,,
Jan-88,-0.000177761,-0.000191117,771384,0.225102533,0.159822798,,
Feb-88,-6.06E-05,-0.000108928,772128,0.096802012,0.068729429,,
Mar-88,-0.000344809,-0.000400184,772824,0.454621795,0.322781474,,
Apr-88,-0.000909753,-0.001173065,773568,1.230010369,0.873307362,,
May-88,-0.002817452,-0.002648863,774288,3.33574368,2.368378013,,
Jun-88,-0.00385159,-0.00320343,775032,4.166350676,2.95810898,,
Jul-88,-0.004535399,-0.003469105,775752,4.884638216,3.468093133,,
Aug-88,-0.003804743,-0.003330309,776496,4.354066919,3.091387512,,
Sep-88,-0.003359897,-0.002796597,777240,3.635724776,2.581364591,,
Oct-88,-0.001681915,-0.001352852,777960,1.851924532,1.314866418,,
Nov-88,-0.001618938,-0.001311552,778704,1.730604275,1.228729035,,
Dec-88,-0.001025125,-0.000631545,779424,1.010959936,0.717781555,,
Jan-89,-0.000254299,-0.000182795,780168,0.266730719,0.18937881,,
Feb-89,-0.000122489,-0.000239916,780912,0.19975098,0.141823196,,
Mar-89,-0.000138105,-0.000442203,781584,0.354124833,0.251428631,,
Apr-89,-0.001334976,-0.001344941,782328,1.58262845,1.1236662,,
May-89,-0.003246168,-0.003063915,783048,3.850641714,2.733955617,,
Jun-89,-0.004103909,-0.003671905,783792,4.592016274,3.260331555,,
Jul-89,-0.004449717,-0.003315207,784512,4.73843802,3.364290994,,
Aug-89,-0.004148907,-0.003302468,785256,4.547098826,3.228440166,,
Sep-89,-0.003163877,-0.002644856,786000,3.430354473,2.435551676,,
Oct-89,-0.002215627,-0.001895399,786720,2.508696942,1.781174829,,
Nov-89,-0.001081938,-0.001079986,787464,1.276726804,0.906476031,,
Dec-89,-0.000829825,-0.000609559,788184,0.878364132,0.623638534,,
Jan-90,-0.000732431,-0.000471174,788928,0.734483578,0.52148334,,
Feb-90,-0.000532302,-0.000357959,789672,0.490695276,0.348393646,,
Mar-90,-0.000608635,-0.000509186,790344,0.68213488,0.484315765,,
Apr-90,-0.001626745,-0.001705236,791088,1.967705352,1.3970708,,
May-90,-0.00362588,-0.003140659,791808,4.129186943,2.93172273,,
Jun-90,-0.003966551,-0.003189767,792552,4.226171982,3.000582107,,
Jul-90,-0.004360029,-0.003803304,793272,4.981561674,3.536908789,,
Aug-90,-0.003925457,-0.003387533,794016,4.462651285,3.168482412,,
Sep-90,-0.003120009,-0.002529895,794760,3.336557578,2.36895588,,
Oct-90,-0.002039229,-0.001659005,795480,2.25679626,1.602325345,,
Nov-90,-0.001341346,-0.001214981,796224,1.509641603,1.071845538,,
Dec-90,-0.001198338,-0.00086044,796944,1.256340541,0.892001784,,
Jan-91,-0.000260771,-0.000302688,797688,0.343843173,0.244128653,,
Feb-91,-0.000214232,-0.000503947,798432,0.395846756,0.281051197,,
Mar-91,-0.00046275,-0.000395766,799104,0.523897617,0.371967308,,
Apr-91,-0.001037351,-0.000901534,799848,1.145010725,0.812957615,,
May-91,-0.003092476,-0.001973684,800568,3.091554244,2.195003513,,
Jun-91,-0.004097334,-0.003619202,801312,4.557009283,3.235476591,,
Jul-91,-0.00392443,-0.003161617,802032,4.324162334,3.070155257,,
Aug-91,-0.003785223,-0.003201478,802776,4.263538153,3.027112089,,
Sep-91,-0.00290488,-0.002470617,803520,3.174506151,2.253899367,,
Oct-91,-0.002289802,-0.001773452,804240,2.479544673,1.760476718,,
Nov-91,-0.00120368,-0.001016701,804984,1.31124843,0.930986385,,
Dec-91,-0.000798798,-0.000499016,805704,0.791973107,0.562300906,,
Jan-92,-0.000312345,-0.000181151,806448,0.301149205,0.213815936,,
Feb-92,-3.05E-05,-7.25E-05,807192,0.058797888,0.0417465,,
Mar-92,-0.000279675,-0.000313783,807888,0.362149544,0.257126176,,
Apr-92,-0.00166147,-0.001612465,808632,1.933426409,1.37273275,,
May-92,-0.003247401,-0.002872005,809352,3.73428341,2.651341221,,
Jun-92,-0.004050178,-0.003430682,810096,4.417830708,3.136659803,,
Jul-92,-0.003978674,-0.003190588,810816,4.374943706,3.106210031,,
Aug-92,-0.004036925,-0.003295687,811560,4.474625658,3.176984217,,
Sep-92,-0.003003404,-0.002437638,812304,3.213214054,2.281381978,,
Oct-92,-0.002051249,-0.001637533,813024,2.251028499,1.598230234,,
Nov-92,-0.001330353,-0.001221145,813768,1.506790081,1.069820958,,
Dec-92,-0.001104745,-0.000728219,814488,1.118541213,0.794164261,,
Jan-93,-0.000268785,-0.000173035,815232,0.2696146,0.191426366,,
Feb-93,-0.000178172,-0.000169131,815976,0.19142696,0.135913142,,
Mar-93,-0.000106771,-0.000174884,816648,0.171876132,0.122032054,,
Apr-93,-0.001223611,-0.001179229,817392,1.418999585,1.007489705,,
May-93,-0.003638927,-0.002770913,818112,3.911516667,2.777176834,,
Jun-93,-0.00386813,-0.003577594,818856,4.39708133,3.121927744,,
Jul-93,-0.004541871,-0.003213499,819576,4.732607566,3.360151372,,
Aug-93,-0.004001276,-0.002989226,820320,4.265857796,3.028759035,,
Sep-93,-0.003129563,-0.00233141,821064,3.224984169,2.28973876,,
Oct-93,-0.001975841,-0.001687873,821784,2.235731395,1.58736929,,
Nov-93,-0.001319977,-0.001121286,822528,1.441690425,1.023600202,,
Dec-93,-0.000838352,-0.00054761,823248,0.845763745,0.600492259,,
Jan-94,-0.00045751,-0.000302688,823992,0.463900367,0.329369261,,
Feb-94,-0.000147351,-0.000124441,824736,0.149806864,0.106362873,,
Mar-94,-0.000444257,-0.000394533,825408,0.511860551,0.363420991,,
Apr-94,-0.001857901,-0.001167517,826152,1.786663998,1.268531439,,
May-94,-0.003379314,-0.002840465,826872,3.795534522,2.694829511,,
Jun-94,-0.004382425,-0.00354739,827616,4.682961646,3.324902769,,
Jul-94,-0.004558925,-0.003381471,828336,4.845517752,3.440317604,,
Aug-94,-0.004371125,-0.00322182,829080,4.633489851,3.289777794,,
Sep-94,-0.003175486,-0.002506369,829824,3.355426164,2.382352576,,
Oct-94,-0.002021456,-0.001855024,830544,2.365568705,1.679553781,,
Nov-94,-0.001574453,-0.001232343,831288,1.657556758,1.176865298,,
Dec-94,-0.0006787,-0.000410046,832008,0.664392746,0.47171885,,
Jan-95,-0.000353747,-0.000263854,832752,0.376882411,0.267586512,,
Feb-95,-0.000158241,-0.000210123,833496,0.203035287,0.144155054,,
Mar-95,-0.000673461,-0.000567746,834168,0.757429235,0.537774757,,
Apr-95,-0.001565207,-0.001103307,834912,1.575894003,1.118884742,,
May-95,-0.002954502,-0.001978204,835632,3.01011597,2.137182339,,
Jun-95,-0.003847583,-0.002865122,836376,3.96419592,2.814579103,,
Jul-95,-0.0042688,-0.003784093,837096,4.914166644,3.489058317,,
Aug-95,-0.004265204,-0.003082511,837840,4.483841536,3.183527491,,
Sep-95,-0.003267846,-0.002407948,838584,3.351846593,2.379811081,,
Oct-95,-0.001973273,-0.001462677,839304,2.096740899,1.488686038,,
Nov-95,-0.001074952,-0.000881295,840048,1.155264073,0.820237492,,
Dec-95,-0.001020502,-0.000822839,840768,1.124873211,0.79865998,,
Jan-96,-0.000697912,-0.000504872,841512,0.733982034,0.521127244,,
Feb-96,-0.000603498,-0.00049542,842256,0.627334884,0.445407768,,
Mar-96,-0.00096821,-0.000759964,842952,1.0545943,0.748761953,,
Apr-96,-0.002142479,-0.001713352,843696,2.277065227,1.616716311,,
May-96,-0.003884157,-0.002964673,844416,4.179404077,2.967376895,,
Jun-96,-0.004012474,-0.003554067,845160,4.468430068,3.172585348,,
Jul-96,-0.00402172,-0.003339042,845880,4.491803554,3.189180523,,
Aug-96,-0.004022337,-0.00297998,846624,4.273067497,3.033877923,,
Sep-96,-0.003363287,-0.002405071,847368,3.406510889,2.418622731,,
Oct-96,-0.002270077,-0.001744275,848088,2.44970278,1.739288974,,
Nov-96,-0.001022043,-0.000842872,848832,1.101327825,0.781942756,,
Dec-96,-0.000806401,-0.000607607,849552,0.862878948,0.612644053,,
Jan-97,-0.00052511,-0.000375425,850296,0.549539075,0.390172743,,
Feb-97,-0.000645209,-0.000523056,851040,0.643925184,0.457186881,,
Mar-97,-0.000744965,-0.000755341,851712,0.915541111,0.650034189,,
Apr-97,-0.002495273,-0.001797698,852456,2.535219035,1.800005515,,
May-97,-0.003336884,-0.002975049,853176,3.851770189,2.734756834,,
Jun-97,-0.004314312,-0.003728821,853920,4.749881423,3.37241581,,
Jul-97,-0.004231096,-0.003352397,854640,4.62772209,3.285682684,,
Aug-97,-0.004040007,-0.003028266,855384,4.313316436,3.06245467,,
Sep-97,-0.003103674,-0.002462295,856128,3.28698962,2.33376263,,
Oct-97,-0.002117925,-0.001726399,856848,2.34594578,1.665621504,,
Nov-97,-0.001075055,-0.000913143,857592,1.174132659,0.833634188,,
Dec-97,-0.001017112,-0.000635449,858312,1.008452214,0.716001072,,
Jan-98,-0.000152077,-0.000159063,859056,0.189869038,0.134807017,,
Feb-98,-9.37E-05,-0.000119818,859800,0.117699932,0.083566952,,
Mar-98,-0.000291489,-0.000280394,860472,0.348984003,0.247778642,,
Apr-98,-0.001243644,-0.000826229,861216,1.222365862,0.867879762,,
May-98,-0.003048608,-0.002170115,861936,3.184653426,2.261103932,,
Jun-98,-0.003698308,-0.002780878,862680,3.82629143,2.716666915,,
Jul-98,-0.004228116,-0.003594956,863400,4.773922287,3.389484824,,
Aug-98,-0.004116956,-0.003012342,864144,4.350556109,3.088894837,,
Sep-98,-0.003279352,-0.002760537,864888,3.566863537,2.532473111,,
Oct-98,-0.00207005,-0.001734515,865608,2.321683569,1.648395334,,
Nov-98,-0.001191557,-0.001016804,866352,1.304149959,0.925946471,,
Dec-98,-0.000964922,-0.000629695,867072,0.973093333,0.690896266,,
Jan-99,-0.00044847,-0.000307619,867816,0.461392645,0.327588778,,
Feb-99,-0.000145605,-0.000174063,868560,0.176194571,0.125098145,,
Mar-99,-0.000690001,-0.000566718,869232,0.766895886,0.544496079,,
Apr-99,-0.001555858,-0.001052864,869976,1.540583658,1.093814397,,
May-99,-0.003322707,-0.001979232,870696,3.235434797,2.297158706,,
Jun-99,-0.003959257,-0.003418559,871440,4.356978001,3.093454381,,
Jul-99,-0.004770253,-0.003506604,872160,5.050837496,3.586094622,,
Aug-99,-0.003834844,-0.003051587,872904,4.202349734,2.983668311,,
Sep-99,-0.003082202,-0.002428906,873648,3.254591469,2.310759943,,
Oct-99,-0.002067379,-0.001565001,874368,2.216610014,1.57379311,,
Nov-99,-0.001310011,-0.001198543,875112,1.48142973,1.051815108,,
Dec-99,-0.000870508,-0.000803319,875832,1.021429676,0.72521507,,
Jan-00,-0.000563328,-0.000401828,876576,0.588973005,0.418170834,,
Feb-00,-0.000681269,-0.000423916,877320,0.630912432,0.447947827,,
Mar-00,-0.000991736,-0.000661749,878016,1.009016452,0.716401681,,
Apr-00,-0.002375483,-0.001532845,878760,2.308067952,1.638728246,,
May-00,-0.003616531,-0.003017582,879480,4.048375599,2.874346675,,
Jun-00,-0.004249485,-0.003474755,880224,4.561559585,3.238707305,,
Jul-00,-0.004494921,-0.003251305,880944,4.727027884,3.356189798,,
Aug-00,-0.004186303,-0.003174562,881688,4.491866247,3.189225035,,
Sep-00,-0.003159357,-0.002405585,882432,3.286382913,2.333331868,,
Oct-00,-0.002239769,-0.00182708,883152,2.48173893,1.76203464,,
Nov-00,-0.001268712,-0.001000571,883896,1.340127681,0.951490654,,
Dec-00,-0.000672947,-0.000544733,884616,0.743072526,0.527581493,,
1-Jan,-0.000718254,-0.000456072,885360,0.716616058,0.508797401,,
1-Feb,-0.000218136,-0.0001567,886104,0.206602724,0.146687934,,
1-Mar,-0.000184439,-0.000178275,886776,0.22134095,0.157152075,,
1-Apr,-0.001845264,-0.0011669,887520,1.778837478,1.262974609,,
1-May,-0.003543486,-0.002988199,888240,3.985870627,2.829968145,,
1-Jun,-0.004669572,-0.003452565,888984,4.796537187,3.405541403,,
1-Jul,-0.004486086,-0.003545027,889704,4.900875717,3.479621759,,
1-Aug,-0.004090142,-0.002971145,890448,4.309053308,3.059427849,,
1-Sep,-0.003321987,-0.002564003,891192,3.475978835,2.467944973,,
1-Oct,-0.002060701,-0.001592843,891912,2.229524783,1.582962596,,
1-Nov,-0.001438739,-0.001269739,892656,1.599494903,1.135641381,,
1-Dec,-0.000849036,-0.000529631,893376,0.841312538,0.597331902,,
2-Jan,-0.000462544,-0.000344398,894120,0.492425705,0.349622251,,
2-Feb,-6.18E-05,-0.000143653,894864,0.113226479,0.0803908,,
2-Mar,-0.000272175,-0.00028173,895536,0.338012719,0.23998903,,
2-Apr,-0.001539215,-0.001039508,896280,1.522867815,1.081236149,,
2-May,-0.003276784,-0.002780776,897000,3.696542193,2.624544957,,
2-Jun,-0.004138017,-0.00330668,897744,4.396474623,3.121496982,,
2-Jul,-0.004555432,-0.003514822,898464,4.924761769,3.496580856,,
2-Aug,-0.004305476,-0.003112612,899208,4.526786277,3.214018257,,
2-Sep,-0.003176616,-0.002558969,899952,3.387156938,2.404881426,,
2-Oct,-0.002115048,-0.001706263,900672,2.331902536,1.655650801,,
2-Nov,-0.001157038,-0.000999133,901416,1.273329245,0.904063764,,
2-Dec,-0.000971394,-0.000730068,902136,1.038294107,0.737188816,,
3-Jan,-0.000351076,-0.000267244,902880,0.377321262,0.267898096,,
3-Feb,-0.000615826,-0.000425971,903624,0.5742186,0.407695206,,
3-Mar,-0.00088674,-0.000635757,904296,0.929082811,0.659648796,,
3-Apr,-0.002417194,-0.001553084,905040,2.344652382,1.664703191,,
3-May,-0.003135317,-0.002157786,905760,3.230043195,2.293330668,,
3-Jun,-0.004457012,-0.003855391,906504,4.908899315,3.485318514,,
3-Jul,-0.004272601,-0.003384656,907224,4.672735701,3.317642348,,
3-Aug,-0.004161646,-0.003387122,907968,4.606531839,3.270637606,,
3-Sep,-0.003068025,-0.002400551,908712,3.229473801,2.292926399,,
3-Oct,-0.002286411,-0.001696606,909432,2.430581399,1.725712793,,
3-Nov,-0.001365078,-0.001162483,910176,1.492653809,1.059784204,,
3-Dec,-0.000842358,-0.000593841,910896,0.876420647,0.622258659,,
4-Jan,-0.000494187,-0.000335871,911640,0.506531642,0.359637466,,
4-Feb,-0.000122592,-0.000151666,912384,0.156564669,0.111160915,,
4-Mar,-0.000246697,-0.000454531,913080,0.427914555,0.303819334,,
4-Apr,-0.00189129,-0.001619759,913824,2.073454374,1.472152606,,
4-May,-0.003672419,-0.003332672,914544,4.274760209,3.035079748,,
4-Jun,-0.004018227,-0.003227471,915288,4.278955487,3.038058396,,
4-Jul,-0.004206234,-0.003307091,916008,4.584902736,3.255280943,,
4-Aug,-0.003935731,-0.003068949,916752,4.274509437,3.0349017,,
4-Sep,-0.003233532,-0.002401989,917496,3.32806368,2.362925213,,
4-Oct,-0.002059879,-0.00168736,918216,2.286700846,1.623557601,,
4-Nov,-0.00106776,-0.000864755,918960,1.141249142,0.810286891,,
4-Dec,-0.000784929,-0.000467065,919680,0.764012005,0.542448524,,
5-Jan,-0.00028399,-0.00023632,920424,0.317512091,0.225433585,,
5-Feb,-0.000176734,-0.000171802,921168,0.192106472,0.136395595,,
5-Mar,-0.000719486,-0.000524186,921840,0.758933868,0.538843046,,
5-Apr,-0.001813827,-0.001241281,922584,1.804197829,1.280980459,,
5-May,-0.003350137,-0.002103747,923304,3.328157821,2.362992053,,
5-Jun,-0.004249177,-0.003869363,924048,4.794413713,3.404033736,,
5-Jul,-0.004336092,-0.003253976,924768,4.631734446,3.288531457,,
5-Aug,-0.004240958,-0.003320446,925512,4.614243084,3.27611259,,
5-Sep,-0.003362774,-0.00258414,926256,3.511956558,2.493489156,,
5-Oct,-0.002036661,-0.00168962,926976,2.273911463,1.614477139,,
5-Nov,-0.001213132,-0.001160736,927720,1.401890449,0.995342219,,
5-Dec,-0.000796949,-0.000617675,928440,0.863255106,0.612911125,,
6-Jan,-0.000725856,-0.000457408,929184,0.722070354,0.512669951,,
6-Feb,-0.000573807,-0.000424019,929928,0.54998268,0.390487703,,
6-Mar,-0.000960813,-0.000620141,930600,0.964755157,0.684976161,,
6-Apr,-0.00143576,-0.000955059,931344,1.411901113,1.00244979,,
6-May,-0.003463249,-0.001881222,932064,3.261389721,2.315586702,,
6-Jun,-0.004140894,-0.00358797,932808,4.564289766,3.240645734,,
6-Jul,-0.004323763,-0.003383423,933528,4.703204524,3.339275212,,
6-Aug,-0.004369583,-0.003141686,934272,4.583648875,3.254390701,,
6-Sep,-0.003371095,-0.00242644,935016,3.423741367,2.430856371,,
6-Oct,-0.002155423,-0.001820094,935736,2.426004807,1.722463413,,
6-Nov,-0.001297169,-0.001192687,936480,1.470387664,1.043975241,,
6-Dec,-0.000929992,-0.000676543,937200,0.980365727,0.696059666,,
7-Jan,-0.000481653,-0.000279675,937944,0.46458999,0.329858893,,
7-Feb,-0.000144783,-0.000196151,938688,0.18791615,0.133420467,,
7-Mar,-0.000333919,-0.000272792,939360,0.370236948,0.262868233,,
7-Apr,-0.001375659,-0.001261726,940104,1.557510782,1.105832655,,
7-May,-0.003329179,-0.002913921,940824,3.809765844,2.704933749,,
7-Jun,-0.00441489,-0.003271955,941568,4.539475452,3.223027571,,
7-Jul,-0.004412938,-0.003416196,942288,4.777621177,3.392111036,,
7-Aug,-0.004292429,-0.003157713,943032,4.546346509,3.227906021,,
7-Sep,-0.003644886,-0.002823411,943776,3.819860336,2.712100839,,
7-Oct,-0.002005429,-0.001692599,944496,2.256670874,1.602236321,,
7-Nov,-0.001168339,-0.001085637,945240,1.331087747,0.9450723,,
7-Dec,-0.001068274,-0.000735924,945960,1.100987158,0.781700882,,
8-Jan,-0.000619627,-0.000409636,946704,0.628093469,0.445946363,,
8-Feb,-0.000127421,-0.000146427,947448,0.156330075,0.110994353,,
8-Mar,-0.000227074,-0.000380767,948144,0.370926571,0.263357865,,
8-Apr,-0.001283814,-0.001297272,948888,1.524263241,1.082226901,,
8-May,-0.003217402,-0.002534826,949608,3.510218443,2.492255095,,
8-Jun,-0.004204179,-0.003492734,950352,4.54542118,3.227249038,,
8-Jul,-0.004591801,-0.003371506,951072,4.859498302,3.450243794,,
8-Aug,-0.004307017,-0.003107681,951816,4.524717406,3.212549358,,
8-Sep,-0.003315207,-0.002412057,952560,3.382242611,2.401392254,,
8-Oct,-0.002015086,-0.001768315,953280,2.3087688,1.639225848,,
8-Nov,-0.001183441,-0.001133922,954024,1.368521566,0.971650312,,
8-Dec,-0.001189297,-0.000924136,954744,1.289693244,0.915682203,,
9-Jan,-0.000472304,-0.000278339,955488,0.458069913,0.325229638,,
9-Feb,-0.00060247,-0.000399876,956232,0.552474223,0.392256698,,
9-Mar,-0.000867631,-0.000619936,956904,0.907767173,0.644514693,,
9-Apr,-0.002254666,-0.001475621,957648,2.202925638,1.564077203,,
9-May,-0.003382191,-0.002641261,958368,3.6757281,2.609766951,,
9-Jun,-0.003670467,-0.003516672,959112,4.24437319,3.013504965,,
9-Jul,-0.004354892,-0.003427292,959832,4.748970452,3.371769021,,
9-Aug,-0.004144181,-0.003268154,960576,4.523275466,3.211525581,,
9-Sep,-0.003217711,-0.002383805,961320,3.30798168,2.348666993,,
9-Oct,-0.002327506,-0.001908241,962040,2.584806307,1.835212478,,
9-Nov,-0.001224227,-0.00122022,962784,1.443571216,1.024935563,,
9-Dec,-0.000931533,-0.000608635,963504,0.939866016,0.667304871,,
10-Jan,-0.00056939,-0.0003332,964248,0.550792937,0.391062985,,
10-Feb,-0.000162556,-0.00013492,964992,0.163963359,0.116413985,,
10-Mar,-0.000829722,-0.000606477,965664,0.876420647,0.622258659,,
10-Apr,-0.001842285,-0.001212412,966408,1.803955146,1.280808154,,
10-May,-0.003414861,-0.002159944,967128,3.401947543,2.415382756,,
10-Jun,-0.003887239,-0.003264764,967872,4.223623813,2.998772907,,
10-Jul,-0.00441602,-0.003372842,968592,4.753045501,3.374662306,,
10-Aug,-0.004429787,-0.003217094,969336,4.666403703,3.313146629,,
10-Sep,-0.003030732,-0.002191278,970080,3.083864132,2.189543534,,
10-Oct,-0.002324115,-0.002100357,970800,2.699973443,1.916981145,,
10-Nov,-0.001549796,-0.001351619,971544,1.713434469,1.216538473,,
10-Dec,-0.000674899,-0.000472304,972264,0.700065093,0.497046216,,
11-Jan,-0.000704692,-0.000453195,973008,0.70658517,0.501675471,,
11-Feb,-0.000274846,-0.000224095,973752,0.27500691,0.195254906,,
11-Mar,-0.000444874,-0.000396691,974424,0.513553264,0.364622817,,
11-Apr,-0.00152853,-0.001173886,975168,1.595915332,1.133099886,,
11-May,-0.003300105,-0.002100871,975888,3.295870899,2.340068338,,
11-Jun,-0.003963469,-0.00299313,976632,4.10822815,2.916841987,,
11-Jul,-0.004434307,-0.003777107,977352,5.010902022,3.557740436,,
11-Aug,-0.004267464,-0.003202198,978096,4.558258189,3.236363314,,
11-Sep,-0.003011931,-0.002357607,978840,3.170987251,2.251400948,,
11-Oct,-0.002211928,-0.001873106,979560,2.4928356,1.769913276,,
11-Nov,-0.001450554,-0.00127128,980304,1.607382093,1.141241286,,
11-Dec,-0.00090102,-0.000679009,981024,0.96419092,0.684575553,,
12-Jan,-0.000485352,-0.000409225,981768,0.545902878,0.387591043,,
12-Feb,-0.000676235,-0.000457202,982512,0.647040725,0.459398915,,
12-Mar,-0.000899582,-0.000674694,983208,0.960680109,0.682082877,,
12-Apr,-0.002226208,-0.001236555,983952,2.044939147,1.451906794,,
12-May,-0.003847275,-0.003348185,984672,4.390930434,3.117560608,,
12-Jun,-0.004535502,-0.003448352,985416,4.714874432,3.347560847,,
12-Jul,-0.004563035,-0.003342329,986136,4.824139421,3.425138989,,
12-Aug,-0.004073191,-0.003158227,986880,4.412873002,3.133139831,,
12-Sep,-0.003185246,-0.002377744,987624,3.28523017,2.332513421,,
12-Oct,-0.0022597,-0.001856873,988344,2.512082367,1.783578481,,
12-Nov,-0.001167517,-0.001122416,989088,1.352322491,0.960148969,,
12-Dec,-0.001058514,-0.000752876,989808,1.105375672,0.784816727,,
13-Jan,-0.000455867,-0.000315221,990552,0.47054583,0.334087539,,
13-Feb,-0.000145194,-0.000196664,991296,0.188425783,0.133782306,,
13-Mar,-0.000239608,-0.000400903,991968,0.390862962,0.277512703,,
13-Apr,-0.001199159,-0.00107526,992712,1.343161216,0.953644463,,
13-May,-0.003098024,-0.002977926,993432,3.707764249,2.632512617,,
13-Jun,-0.004050589,-0.003112304,994176,4.230054906,3.003338983,,
13-Jul,-0.004490503,-0.003562389,994896,4.914166644,3.489058317,,
13-Aug,-0.004205001,-0.003298256,995640,4.578758817,3.25091876,,
13-Sep,-0.00356167,-0.002844061,996384,3.782911882,2.685867436,,
13-Oct,-0.001971013,-0.001634348,997104,2.200121741,1.562086436,,
13-Nov,-0.001113272,-0.000996256,997848,1.24578475,0.884507173,,
13-Dec,-0.001008277,-0.000638222,998568,1.004753324,0.71337486,,
14-Jan,-0.000346145,-0.000395047,999312,0.452302152,0.321134528,,
14-Feb,-0.000618394,-0.000469736,1000056,0.599756918,0.425827412,,
14-Mar,-0.001213851,-0.000850783,1000728,1.259914045,0.894538972,,
14-Apr,-0.002678759,-0.002136726,1001472,2.843790191,2.019091036,,
14-May,-0.003732006,-0.003313666,1002192,4.299523964,3.052662014,,
14-Jun,-0.004274553,-0.003162542,1002936,4.391984992,3.118309344,,
14-Jul,-0.004255855,-0.003420614,1003656,4.684459302,3.325966104,,
14-Aug,-0.003928334,-0.003206307,1004400,4.353816147,3.091209464,,
14-Sep,-0.003345822,-0.002518286,1005144,3.463055977,2.458769744,,
14-Oct,-0.002191175,-0.001767493,1005864,2.415723146,1.715163434,,
14-Nov,-0.001358503,-0.001285971,1006608,1.56169706,1.108804913,,
14-Dec,-0.000911089,-0.000701508,1007328,0.984064617,0.698685878,,
15-Jan,-0.000368644,-0.000308646,1008072,0.413307074,0.293448023,,
15-Feb,-0.000776813,-0.000539699,1008816,0.725636477,0.515201899,,
15-Mar,-0.001318949,-0.001408227,1009488,1.664221535,1.18159729,,
15-Apr,-0.002754578,-0.002397263,1010232,3.042426047,2.160122493,,
15-May,-0.003138501,-0.002795981,1010952,3.621435917,2.571219501,,
15-Jun,-0.004116032,-0.003455338,1011696,4.47128159,3.174609929,,
15-Jul,-0.004207056,-0.00371413,1012416,4.833794151,3.431993847,,
15-Aug,-0.003986071,-0.003076449,1013160,4.309805625,3.059961994,,
15-Sep,-0.00315196,-0.002453357,1013904,3.310226496,2.350260812,,
15-Oct,-0.002095837,-0.001877112,1014624,2.42443748,1.721350611,,
15-Nov,-0.001462779,-0.001214775,1015368,1.581233024,1.122675447,,
15-Dec,-0.00091376,-0.000567027,1016088,0.903629432,0.641576897,,
16-Jan,-8.93E-05,-0.000114887,1016832,0.124605571,0.088469955,,
16-Feb,-7.58E-05,-0.000222965,1017576,0.170581622,0.121112952,,
16-Mar,-0.000398437,-0.000589628,1018272,0.602953556,0.428097025,,
16-Apr,-0.00171366,-0.001399186,1019016,1.838294759,1.305189279,,
16-May,-0.003309351,-0.002558045,1019736,3.580497354,2.542153121,,
16-Jun,-0.004195138,-0.003549342,1020480,4.573511712,3.247193316,,
16-Jul,-0.004821107,-0.003484515,1021200,5.068391551,3.598558001,,
16-Aug,-0.004412013,-0.003191924,1021944,4.640198007,3.294540585,,
16-Sep,-0.003326611,-0.002498047,1022688,3.43975843,2.442228485,,
16-Oct,-0.002227544,-0.00196752,1023408,2.559979858,1.817585699,,
16-Nov,-0.001462368,-0.00142713,1024152,1.706396668,1.211541634,,
16-Dec,-0.00100016,-0.000734794,1024872,1.058732042,0.75169975,,
17-Jan,-0.000623429,-0.00044847,1025616,0.654111086,0.464418871,,
17-Feb,-0.000534665,-0.000497577,1026360,0.568952384,0.403956193,,
17-Mar,-0.000716918,-0.000544425,1027032,0.769717073,0.546499122,,
17-Apr,-0.001958068,-0.00158072,1027776,2.089835462,1.483783178,,
17-May,-0.00339832,-0.002330177,1028496,3.495736348,2.481972807,,
17-Jun,-0.004017097,-0.003757381,1029240,4.591227555,3.259771564,,
17-Jul,-0.004627245,-0.00354215,1029960,4.985260564,3.539535,,
17-Aug,-0.003930594,-0.003002479,1030704,4.23081238,3.00387679,,
17-Sep,-0.003459448,-0.002727045,1031448,3.653440619,2.593942839,,
17-Oct,-0.00180869,-0.001506031,1032168,2.022763098,1.4361618,,
17-Nov,-0.001299738,-0.001078753,1032912,1.40462063,0.997280647,,
17-Dec,-0.000880884,-0.000744554,1033632,0.991901248,0.704249886,,
18-Jan,-0.000603498,-0.000452271,1034376,0.644268277,0.457430477,,
18-Feb,-0.001124984,-0.000903075,1035120,1.117828029,0.793657901,,
18-Mar,-0.000910267,-0.000625586,1035792,0.937232907,0.665435364,,
18-Apr,-0.002251995,-0.001469457,1036536,2.197707958,1.56037265,,
18-May,-0.003383526,-0.003125146,1037256,3.971827383,2.819997442,,
18-Jun,-0.004406363,-0.003407258,1038000,4.61434309,3.276183594,,
18-Jul,-0.00441376,-0.003610778,1038720,4.896863361,3.476772986,,
18-Aug,-0.0044303,-0.003327741,1039464,4.734237585,3.361308685,,
18-Sep,-0.003377465,-0.002493732,1040208,3.467242255,2.461742001,,
18-Oct,-0.002168676,-0.00172342,1040928,2.375098049,1.686319615,,
18-Nov,-0.001071151,-0.000881603,1041672,1.153201269,0.818772901,,
18-Dec,-0.000989784,-0.000703973,1042392,1.033592128,0.733850411,,
19-Jan,-0.000486174,-0.000313167,1043136,0.48778642,0.346328358,,
19-Feb,-0.001000263,-0.00072113,1043880,0.948799472,0.673647625,,
19-Mar,-0.000637195,-0.000489153,1044552,0.687338403,0.488010266,,
19-Apr,-0.001543632,-0.00128895,1045296,1.672785103,1.187677423,,
19-May,-0.003576977,-0.002407948,1046016,3.652218205,2.593074926,,
19-Jun,-0.00407617,-0.003512151,1046760,4.481292255,3.181717501,,
19-Jul,-0.004477764,-0.003432839,1047480,4.827336767,3.427409105,,
19-Aug,-0.004061582,-0.002961899,1048224,4.285982265,3.043047408,,
19-Sep,-0.003666255,-0.002798138,1048968,3.817554849,2.710463943,,
19-Oct,-0.002109192,-0.001571063,1049688,2.245824976,1.594535733,,
19-Nov,-0.001030159,-0.000832598,1050432,1.10005374,0.781038155,,
19-Dec,-0.000804963,-0.000562301,1051152,0.834353609,0.592391062,,
20-Jan,-0.000551205,-0.000341111,1051896,0.544523631,0.386611778,,
20-Feb,-0.000492441,-0.000393711,1052640,0.505874174,0.359170664,,
20-Mar,-0.001157449,-0.000748561,1053336,1.163115973,0.825812341,,
20-Apr,-0.002141349,-0.00137042,1054080,2.073879069,1.472454139,,
20-May,-0.003742896,-0.003423388,1054800,4.373125607,3.104919181,,
20-Jun,-0.004272806,-0.00354667,1055544,4.617801319,3.278638936,,
20-Jul,-0.004473244,-0.003440955,1056264,4.829531024,3.428967027,,
20-Aug,-0.004170584,-0.003100592,1057008,4.437135213,3.150366001,,
20-Sep,-0.003394519,-0.00251582,1057752,3.49035779,2.478154031,,
20-Oct,-0.002132924,-0.001566542,1058472,2.257548577,1.60285949,,
20-Nov,-0.001332099,-0.00114923,1059216,1.465351996,1.040399917,,
20-Dec,-0.000815339,-0.000641407,1059936,0.888959258,0.631161073,,
21-Jan,-0.000633394,-0.000364945,1060680,0.609222861,0.432548231,,
21-Feb,-0.000756266,-0.000441278,1061424,0.660063589,0.468645148,,
21-Mar,-0.000986086,-0.000683529,1062096,1.018859261,0.723390075,,
21-Apr,-0.002261755,-0.001402679,1062840,2.164035722,1.536465363,,
21-May,-0.00364355,-0.003375513,1063560,4.283286464,3.041133389,,
21-Jun,-0.004094252,-0.003265586,1064304,4.346360629,3.085916047,,
21-Jul,-0.004473244,-0.003610367,1065024,4.932911866,3.502367425,,
21-Aug,-0.004278046,-0.003151652,1065768,4.533870592,3.21904812,,
21-Sep,-0.00347003,-0.002521471,1066512,3.538287639,2.512184224,,
21-Oct,-0.00213015,-0.001742015,1067232,2.362935597,1.677684274,,
21-Nov,-0.000995948,-0.001067452,1067976,1.218543608,0.865165962,,
21-Dec,-0.001012283,-0.00079849,1068696,1.104999514,0.784549655,,
