Date,"(37.875,-119.125)","(38.125,-119.125)",in/month,,
1/1/1948,4.333814,6.690306,0.237146008,,"(AVERAGE(B2:C2)*0.0864*0.408*DAY(EOMONTH(A2,0)))/25.4"
2/1/1948,11.49351,21.188812,0.657689784,,
3/1/1948,57.746304,72.21372,2.795642731,,
4/1/1948,116.79739,124.53644,5.024000261,,
5/1/1948,206.82036,215.19911,9.078296751,,
6/1/1948,276.89185,287.30942,11.74533768,,
7/1/1948,355.68893,374.28378,15.70285106,,
8/1/1948,329.35526,356.37814,14.75119453,,
9/1/1948,263.92215,277.52844,11.27172227,,
10/1/1948,147.70615,162.58849,6.674921473,,
11/1/1948,72.46286,74.532074,3.060087294,,
12/1/1948,15.505355,16.786121,0.694639993,,
1/1/1949,7.3726,7.231471,0.314156336,,
2/1/1949,6.797581,6.8657513,0.265475749,,
3/1/1949,19.263796,25.784119,0.969050884,,
4/1/1949,142.00685,181.64577,6.737683015,,
5/1/1949,202.64388,211.05415,8.899289603,,
6/1/1949,340.23376,354.42474,14.46114904,,
7/1/1949,354.62683,379.9229,15.8013099,,
8/1/1949,316.61618,344.8594,14.229371,,
9/1/1949,253.67142,268.80954,10.87681938,,
10/1/1949,156.04822,166.4227,6.936852239,,
11/1/1949,64.17558,69.92816,2.791723086,,
12/1/1949,13.593462,20.174833,0.726408672,,
1/1/1950,6.6608195,8.254247,0.320846334,,
2/1/1950,10.872825,23.579878,0.669408966,,
3/1/1950,84.209435,94.31584,3.840356996,,
4/1/1950,180.78522,190.81871,7.735916018,,
5/1/1950,267.44485,278.26825,11.73913958,,
6/1/1950,327.74844,343.1592,13.96671224,,
7/1/1950,363.78732,388.08127,16.17386558,,
8/1/1950,340.38458,365.9146,15.19359652,,
9/1/1950,226.50168,240.36168,9.718992328,,
10/1/1950,147.07777,158.98596,6.583908003,,
11/1/1950,31.614878,45.32571,1.601721293,,
12/1/1950,8.666258,14.455371,0.497382288,,
1/1/1951,6.9512196,9.466461,0.353169906,,
2/1/1951,11.475803,36.354866,0.929340107,,
3/1/1951,76.26905,98.70373,3.76393729,,
4/1/1951,142.88531,147.75653,6.050476553,,
5/1/1951,241.85596,251.866,10.6207291,,
6/1/1951,320.97266,339.97986,13.75947016,,
7/1/1951,367.8738,391.53195,16.33600164,,
8/1/1951,329.47476,355.14496,14.72723754,,
9/1/1951,266.98764,291.80585,11.63276048,,
10/1/1951,145.96994,160.50119,6.592671812,,
11/1/1951,57.295128,61.716545,2.477541902,,
12/1/1951,6.43901,6.879736,0.286506991,,
1/1/1952,5.755197,5.705641,0.246540493,,
2/1/1952,9.355236,8.346658,0.356227897,,
3/1/1952,17.589558,17.38375,0.75233038,,
4/1/1952,26.65132,46.06811,1.513846754,,
5/1/1952,207.389,282.60327,10.54049765,,
6/1/1952,287.47977,302.3399,12.27865225,,
7/1/1952,336.61786,355.1538,14.88108692,,
8/1/1952,340.15103,364.47183,15.15753626,,
9/1/1952,254.4732,273.50778,10.9913168,,
10/1/1952,174.21245,190.47693,7.845037135,,
11/1/1952,57.071312,65.268394,2.546823687,,
12/1/1952,4.0286493,5.548488,0.206019155,,
1/1/1953,4.451235,5.3409123,0.210644355,,
2/1/1953,46.86169,72.434906,2.317908437,,
3/1/1953,97.1042,100.16972,4.24366958,,
4/1/1953,150.14793,161.37547,6.485181306,,
5/1/1953,184.6714,196.32571,8.195841832,,
6/1/1953,292.58566,304.63037,12.432627,,
7/1/1953,385.3412,406.79398,17.0400627,,
8/1/1953,308.68753,334.2775,13.83118021,,
9/1/1953,260.3211,282.64523,11.30327639,,
10/1/1953,159.95345,175.2972,7.211764156,,
11/1/1953,63.54568,72.67951,2.835886664,,
12/1/1953,29.22559,36.967648,1.423919748,,
1/1/1954,6.9854407,7.9469733,0.321219506,,
2/1/1954,12.935562,22.742615,0.693219675,,
3/1/1954,33.923046,63.124336,2.087640489,,
4/1/1954,160.02638,172.26793,6.917582587,,
5/1/1954,289.24658,302.7311,12.73436282,,
6/1/1954,313.2766,330.47687,13.40142657,,
7/1/1954,366.2452,390.63873,16.28175336,,
8/1/1954,314.52502,341.47543,14.11159242,,
9/1/1954,259.60617,276.375,11.15786186,,
10/1/1954,169.62817,181.88539,7.561604705,,
11/1/1954,60.335453,68.220535,2.676231995,,
12/1/1954,7.0667276,9.808058,0.363002947,,
1/1/1955,6.2347946,5.757577,0.25797461,,
2/1/1955,12.202287,19.352375,0.613100623,,
3/1/1955,57.709316,88.72254,3.149977518,,
4/1/1955,152.55907,159.34778,6.493163829,,
5/1/1955,231.6625,245.76512,10.27021244,,
6/1/1955,315.66782,333.66406,13.51755589,,
7/1/1955,338.60968,362.14627,15.074353,,
8/1/1955,343.40283,375.354,15.46157999,,
9/1/1955,268.50247,286.63174,11.55658291,,
10/1/1955,170.25449,186.69702,7.678583487,,
11/1/1955,59.032692,65.60473,2.594656707,,
12/1/1955,8.951087,10.173426,0.411398091,,
1/1/1956,5.501305,6.350337,0.254947297,,
2/1/1956,19.201715,34.6559,1.083815378,,
3/1/1956,55.42055,125.840996,3.899218451,,
4/1/1956,140.82487,150.477,6.064216819,,
5/1/1956,217.52332,228.30159,9.59038888,,
6/1/1956,348.3683,364.61462,14.84262018,,
7/1/1956,335.1887,350.89972,14.75883156,,
8/1/1956,332.37506,359.47086,14.88268437,,
9/1/1956,269.18533,290.9776,11.66126898,,
10/1/1956,130.96074,145.369,5.944283521,,
11/1/1956,110.121765,115.13227,4.689256913,,
12/1/1956,57.9754,61.120804,2.561945026,,
1/1/1957,21.173458,25.782328,1.010092164,,
2/1/1957,13.468102,17.582388,0.603304664,,
3/1/1957,83.40087,90.7974,3.747276372,,
4/1/1957,155.56082,164.75887,6.668299285,,
5/1/1957,179.03926,191.6293,7.973658618,,
6/1/1957,354.52026,371.3274,15.11043368,,
7/1/1957,361.64587,390.05756,16.17031273,,
8/1/1957,325.8052,354.28342,14.62976651,,
9/1/1957,245.31264,260.29483,10.52555318,,
10/1/1957,115.741974,128.13536,5.246181673,,
11/1/1957,55.567028,62.440613,2.456640327,,
12/1/1957,10.417621,14.736572,0.541105908,,
1/1/1958,7.705137,5.894129,0.292541414,,
2/1/1958,10.219272,21.366995,0.613714701,,
3/1/1958,19.595524,32.218872,1.114608439,,
4/1/1958,86.12104,136.84383,4.641601905,,
5/1/1958,253.6075,270.25452,11.26908878,,
6/1/1958,275.57678,285.43454,11.67893046,,
7/1/1958,321.90842,340.95474,14.25922001,,
8/1/1958,326.19806,352.82373,14.60681734,,
9/1/1958,269.1808,287.68994,11.59273336,,
10/1/1958,183.38474,202.7109,8.305519161,,
11/1/1958,78.79776,80.51705,3.31655801,,
12/1/1958,45.267513,42.02719,1.877845159,,
1/1/1959,26.05802,32.056526,1.250134488,,
2/1/1959,21.613583,22.706083,0.861122037,,
3/1/1959,97.17991,121.66918,4.707785124,,
4/1/1959,203.60695,212.97586,8.67227005,,
5/1/1959,251.69444,261.80472,11.04616751,,
6/1/1959,377.90048,397.69565,16.14607931,,
7/1/1959,403.94867,437.12775,18.09286508,,
8/1/1959,336.07297,366.11514,15.105161,,
9/1/1959,233.32362,254.25499,10.1502349,,
10/1/1959,183.09491,197.85532,8.19483337,,
11/1/1959,113.90762,124.83524,4.970062386,,
12/1/1959,59.725307,64.28397,2.667632886,,
1/1/1960,18.03681,23.627535,0.896265018,,
2/1/1960,14.804297,35.045074,1.003154611,,
3/1/1960,90.062164,102.15713,4.134936694,,
4/1/1960,177.10718,188.02332,7.601154497,,
5/1/1960,280.81845,292.10352,12.32444479,,
6/1/1960,371.0848,398.7932,16.02704135,,
7/1/1960,383.79587,410.90482,17.09525082,,
8/1/1960,348.0419,369.17114,15.42837067,,
9/1/1960,277.9923,298.17032,11.99434473,,
10/1/1960,159.83145,179.48866,7.299304585,,
11/1/1960,39.161472,44.896015,1.749878318,,
12/1/1960,10.256226,15.209129,0.547799488,,
1/1/1961,7.928923,20.857874,0.619248884,,
2/1/1961,19.652035,54.028374,1.431595263,,
3/1/1961,88.953674,102.25299,4.113153444,,
4/1/1961,185.00528,191.5489,7.83896853,,
5/1/1961,230.38438,243.9408,10.20347412,,
6/1/1961,345.7322,366.6314,14.8297274,,
7/1/1961,401.86874,427.34027,17.83757859,,
8/1/1961,311.8067,334.2842,13.89842255,,
9/1/1961,255.05617,273.28946,10.99890796,,
10/1/1961,178.66273,195.62047,8.05141516,,
11/1/1961,81.02252,90.55298,3.571796614,,
12/1/1961,7.87967,9.149832,0.366331138,,
1/1/1962,10.210092,12.086623,0.479637101,,
2/1/1962,9.101391,10.867774,0.387996788,,
3/1/1962,23.488491,40.119095,1.368298343,,
4/1/1962,142.22185,207.49152,7.280206269,,
5/1/1962,223.79774,236.40755,9.899733273,,
6/1/1962,338.3495,357.23035,14.48032937,,
7/1/1962,376.843,399.3197,16.69646976,,
8/1/1962,340.5581,370.67792,15.29979565,,
9/1/1962,275.4887,295.1428,11.87919988,,
10/1/1962,162.98091,180.10027,7.380211064,,
11/1/1962,86.08504,92.88383,3.725709112,,
12/1/1962,43.237904,43.991974,1.876450672,,
1/1/1963,15.123278,14.039367,0.62733396,,
2/1/1963,37.10408,50.351803,1.699249902,,
3/1/1963,102.83405,111.47691,4.610162872,,
4/1/1963,115.91365,127.08798,5.058719917,,
5/1/1963,215.3674,229.13715,9.561985878,,
6/1/1963,273.9576,286.65353,11.67059945,,
7/1/1963,365.2285,389.77127,16.24122214,,
8/1/1963,333.72894,363.72983,15.00342552,,
9/1/1963,245.32849,260.7473,10.53530249,,
10/1/1963,151.40485,168.22466,6.87572908,,
11/1/1963,48.36829,65.08712,2.361873631,,
12/1/1963,11.729686,20.07912,0.684257009,,
1/1/1964,17.75253,33.1237,1.094427026,,
2/1/1964,75.38331,84.375336,3.214937706,,
3/1/1964,106.832664,114.26508,4.756157177,,
4/1/1964,177.81262,182.32837,7.497284685,,
5/1/1964,232.30634,247.69476,10.32557201,,
6/1/1964,311.57797,326.1742,13.27649368,,
7/1/1964,362.30084,389.41046,16.17048202,,
8/1/1964,342.88742,371.87198,15.37558904,,
9/1/1964,269.41696,290.9703,11.665939,,
10/1/1964,168.45735,185.69917,7.618458895,,
11/1/1964,43.713226,64.9121,2.261322692,,
12/1/1964,19.13634,29.657185,1.049624795,,
1/1/1965,11.713413,19.218172,0.665386617,,
2/1/1965,42.00103,72.5475,2.225654487,,
3/1/1965,105.433304,106.67826,4.562850435,,
4/1/1965,123.204765,133.29742,5.339769581,,
5/1/1965,258.44098,271.92023,11.40889649,,
6/1/1965,285.3711,301.8747,12.22507036,,
7/1/1965,347.44385,364.97897,15.32532556,,
8/1/1965,319.61774,337.63846,14.13860556,,
9/1/1965,250.51985,268.13763,10.79722356,,
10/1/1965,189.96983,207.72557,8.555048083,,
11/1/1965,17.727575,47.661327,1.361242478,,
12/1/1965,13.461221,25.445456,0.83694328,,
1/1/1966,10.416146,10.681267,0.453838246,,
2/1/1966,16.307407,20.847363,0.721909575,,
3/1/1966,97.59678,130.00739,4.896120544,,
4/1/1966,217.03336,223.24115,9.16547528,,
5/1/1966,299.78812,320.70206,13.34771115,,
6/1/1966,366.9315,388.79517,15.73244409,,
7/1/1966,366.1846,396.339,16.40307145,,
8/1/1966,350.06372,379.32162,15.69021582,,
9/1/1966,256.6244,277.7341,11.12408171,,
10/1/1966,180.33818,197.88043,8.136071965,,
11/1/1966,55.8486,70.769844,2.635896905,,
12/1/1966,11.030601,13.335923,0.52416192,,
1/1/1967,8.208749,8.815523,0.366218632,,
2/1/1967,12.09403,13.570727,0.498660974,,
3/1/1967,21.99577,71.17278,2.004200765,,
4/1/1967,35.78956,63.528515,2.067567712,,
5/1/1967,198.26395,240.67302,9.442218552,,
6/1/1967,269.66953,283.93115,11.52465844,,
7/1/1967,368.96497,396.5894,16.46826804,,
8/1/1967,350.56354,377.64532,15.6649079,,
9/1/1967,248.55672,270.71454,10.81000101,,
10/1/1967,177.84589,192.82932,7.97380167,,
11/1/1967,69.40347,83.065346,3.174040587,,
12/1/1967,22.326952,26.080542,1.041320666,,
1/1/1968,6.283947,9.534592,0.340281436,,
2/1/1968,14.654345,26.897793,0.836183447,,
3/1/1968,88.50771,92.27989,3.889023134,,
4/1/1968,175.98141,183.0115,7.473384371,,
5/1/1968,243.55951,252.13512,10.66316431,,
6/1/1968,356.6344,373.24402,15.19434458,,
7/1/1968,365.49518,390.28882,16.25809215,,
8/1/1968,300.07993,320.68683,13.35366082,,
9/1/1968,267.80893,288.6275,11.58369206,,
10/1/1968,149.647,161.48071,6.692842107,,
11/1/1968,54.004303,59.816387,2.369477898,,
12/1/1968,14.039016,18.823652,0.706927223,,
1/1/1969,4.809169,4.1532817,0.192796288,,
2/1/1969,7.421975,8.455859,0.308503064,,
3/1/1969,17.479973,17.260134,0.747313863,,
4/1/1969,30.32518,137.24477,3.488410524,,
5/1/1969,217.90118,247.35449,10.00837482,,
6/1/1969,217.36453,227.18562,9.254484005,,
7/1/1969,350.12073,370.3035,15.49744837,,
8/1/1969,359.36343,391.733,16.15725521,,
9/1/1969,259.54187,284.8573,11.33310474,,
10/1/1969,144.04768,155.24164,6.438179882,,
11/1/1969,78.93821,85.71562,3.427703795,,
12/1/1969,18.864614,27.158646,0.990032075,,
1/1/1970,6.9843216,12.412426,0.417254281,,
2/1/1970,13.3684225,46.53936,1.163995949,,
3/1/1970,94.550255,103.244606,4.254875833,,
4/1/1970,157.73503,162.43416,6.665166231,,
5/1/1970,274.08307,287.5936,12.08254086,,
6/1/1970,306.2843,321.209,13.06292824,,
7/1/1970,369.3059,392.5725,16.38919219,,
8/1/1970,350.5729,382.6322,15.77238481,,
9/1/1970,299.47824,322.38715,12.94576845,,
10/1/1970,166.26915,182.4079,7.500586952,,
11/1/1970,43.219635,67.657845,2.308207218,,
12/1/1970,5.1596622,9.302283,0.311098988,,
1/1/1971,5.8709736,5.923393,0.253715214,,
2/1/1971,10.78483,33.77492,0.86578682,,
3/1/1971,69.92865,96.68333,3.584083447,,
4/1/1971,153.54738,158.95796,6.505622977,,
5/1/1971,163.2521,174.63364,7.26844905,,
6/1/1971,306.4745,318.73434,13.01537118,,
7/1/1971,368.88812,389.36353,16.31117515,,
8/1/1971,349.22595,370.75443,15.48790046,,
9/1/1971,279.83057,299.8998,12.06861686,,
10/1/1971,146.51016,162.87323,6.655319065,,
11/1/1971,54.58287,69.17487,2.576343806,,
12/1/1971,10.428808,10.059654,0.44073876,,
1/1/1972,6.3536873,5.6495743,0.258208871,,
2/1/1972,9.663862,9.864078,0.392974729,,
3/1/1972,94.526184,117.04437,4.551212467,,
4/1/1972,177.93489,188.33064,7.62478314,,
5/1/1972,270.22256,281.96448,11.87840412,,
6/1/1972,330.71786,349.0142,14.15041582,,
7/1/1972,387.28378,415.29456,17.26471136,,
8/1/1972,338.20856,364.78903,15.12257417,,
9/1/1972,229.458,244.65466,9.86990563,,
10/1/1972,112.933044,123.45067,5.084982223,,
11/1/1972,45.57744,54.108395,2.075223606,,
12/1/1972,7.5415587,12.702123,0.435473154,,
1/1/1973,7.5408287,7.369216,0.320738307,,
2/1/1973,6.7837777,6.980787,0.267442674,,
3/1/1973,17.64505,22.770535,0.869402243,,
4/1/1973,98.92235,159.63142,5.382478734,,
5/1/1973,254.2715,268.50272,11.24568851,,
6/1/1973,338.12485,358.8365,14.50908894,,
7/1/1973,369.593,395.0679,16.44904811,,
8/1/1973,336.3676,365.78967,15.10449758,,
9/1/1973,265.3188,283.14813,11.41778589,,
10/1/1973,155.52766,171.77295,7.040746401,,
11/1/1973,30.711899,52.64344,1.735261256,,
12/1/1973,6.448449,29.51595,0.773650293,,
1/1/1974,5.583706,12.962173,0.398950771,,
2/1/1974,11.085511,28.929396,0.777481451,,
3/1/1974,42.477333,62.242413,2.252685,,
4/1/1974,144.6257,153.42108,6.204629912,,
5/1/1974,251.28052,266.08038,11.12923955,,
6/1/1974,361.16656,385.56256,15.54513635,,
7/1/1974,349.30917,368.88712,15.44952191,,
8/1/1974,349.88455,376.09204,15.61688829,,
9/1/1974,293.9807,320.53934,12.79285561,,
10/1/1974,138.59914,158.08989,6.38224359,,
11/1/1974,49.997185,57.349724,2.23470907,,
12/1/1974,9.286368,22.438143,0.682443692,,
1/1/1975,8.445474,17.762167,0.563767217,,
2/1/1975,10.077658,16.825426,0.522721414,,
3/1/1975,31.209356,58.08887,1.920944062,,
4/1/1975,103.33156,113.75639,4.519258313,,
5/1/1975,252.29276,260.7518,11.03638835,,
6/1/1975,333.05582,352.27133,14.26689238,,
7/1/1975,342.6117,371.74847,15.36700098,,
8/1/1975,322.61444,350.09766,14.47108607,,
9/1/1975,274.33762,300.28882,11.9623651,,
10/1/1975,141.02592,160.5081,6.486466878,,
11/1/1975,76.918625,84.07704,3.351549441,,
12/1/1975,38.830036,40.452255,1.705485685,,
1/1/1976,46.522243,38.711437,1.833509341,,
2/1/1976,28.783566,31.668869,1.216527666,,
3/1/1976,65.213745,77.12887,3.062011569,,
4/1/1976,143.15544,149.03027,6.08261628,,
5/1/1976,271.64465,287.65106,12.03132269,,
6/1/1976,356.34537,373.33643,15.19025142,,
7/1/1976,361.06018,379.32803,15.9269047,,
8/1/1976,293.7155,309.40228,12.97400374,,
9/1/1976,222.56818,239.74913,9.624354306,,
10/1/1976,166.42683,179.25224,7.436095728,,
11/1/1976,104.57358,113.650665,4.542913291,,
12/1/1976,71.94078,76.124245,3.185109529,,
1/1/1977,24.627169,21.374346,0.989564307,,
2/1/1977,72.85446,72.07817,2.81601133,,
3/1/1977,98.78025,103.65448,4.354686649,,
4/1/1977,213.21686,222.12485,9.062786036,,
5/1/1977,164.7325,176.46983,7.339794072,,
6/1/1977,298.7037,311.0272,12.69315703,,
7/1/1977,380.24045,403.3087,16.85536381,,
8/1/1977,335.7395,360.22476,14.97127628,,
9/1/1977,236.05814,255.55554,10.23423553,,
10/1/1977,175.35112,194.65984,7.959512617,,
11/1/1977,71.77044,79.14477,3.14169818,,
12/1/1977,15.922899,21.564795,0.806418743,,
1/1/1978,4.8263373,7.2547245,0.259882474,,
2/1/1978,10.022275,20.147497,0.586192493,,
3/1/1978,26.462149,74.659164,2.175277096,,
4/1/1978,116.1891,129.24043,5.10926306,,
5/1/1978,228.54106,236.21066,9.997534071,,
6/1/1978,299.51382,316.9202,12.83270015,,
7/1/1978,340.7848,357.84488,15.02861362,,
8/1/1978,334.3175,364.37695,15.03000692,,
9/1/1978,242.81595,255.1701,10.36689322,,
10/1/1978,189.23935,204.47475,8.469404113,,
11/1/1978,55.801365,62.324615,2.459103866,,
12/1/1978,8.133365,9.009736,0.36877483,,
1/1/1979,7.303893,7.746474,0.323756859,,
2/1/1979,12.989395,13.748726,0.519516217,,
3/1/1979,14.072442,41.030506,1.18535032,,
4/1/1979,134.9252,163.93669,6.221598577,,
5/1/1979,251.137,263.36813,11.06780749,,
6/1/1979,367.37793,387.8282,15.72160768,,
7/1/1979,361.6276,386.42422,16.0917609,,
8/1/1979,319.04755,344.67245,14.27765198,,
9/1/1979,288.4008,312.91238,12.51791998,,
10/1/1979,160.61415,173.65181,7.190581939,,
11/1/1979,63.515858,76.68919,2.918737906,,
12/1/1979,31.16458,41.65946,1.566558637,,
1/1/1980,5.0293155,9.125404,0.304490084,,
2/1/1980,10.326918,30.198427,0.815520555,,
3/1/1980,32.573452,76.01357,2.335876136,,
4/1/1980,141.69406,153.77989,6.151069669,,
5/1/1980,192.5316,203.68922,8.523327568,,
6/1/1980,304.1976,319.83206,12.99082344,,
7/1/1980,355.13702,381.37723,15.84356978,,
8/1/1980,339.8742,371.5618,15.30409753,,
9/1/1980,264.05353,280.70584,11.34060325,,
10/1/1980,180.03015,199.32935,8.160614287,,
11/1/1980,75.51599,83.70183,3.314538907,,
12/1/1980,17.748865,21.650156,0.847534367,,
1/1/1981,21.236511,22.541552,0.941734388,,
2/1/1981,28.99557,35.216953,1.247636176,,
3/1/1981,53.05733,61.99906,2.475042328,,
4/1/1981,155.00145,170.03387,6.766467562,,
5/1/1981,229.95097,241.4129,10.13977173,,
6/1/1981,361.9513,380.8477,15.46332054,,
7/1/1981,392.7475,420.63498,17.49712525,,
8/1/1981,351.858,376.31284,15.66409003,,
9/1/1981,257.5523,284.0752,11.27540511,,
10/1/1981,134.37527,146.89487,6.050559227,,
11/1/1981,43.971653,59.292988,2.149725893,,
12/1/1981,25.736914,30.946915,1.219357535,,
1/1/1982,8.728849,9.469777,0.391480818,,
2/1/1982,12.062734,19.905369,0.621133697,,
3/1/1982,36.928947,54.090195,1.957963648,,
4/1/1982,128.29344,144.29439,5.674634712,,
5/1/1982,236.05646,252.89476,10.51810304,,
6/1/1982,262.83405,278.45792,11.26842017,,
7/1/1982,326.64706,345.41516,14.45710613,,
8/1/1982,323.1363,345.4966,14.38333611,,
9/1/1982,224.4025,239.05392,9.648067885,,
10/1/1982,140.05768,154.43341,6.334962474,,
11/1/1982,34.29745,52.571117,1.808398364,,
12/1/1982,8.539151,11.478183,0.430604062,,
1/1/1983,5.7284675,5.9358063,0.250916715,,
2/1/1983,8.28738,10.656308,0.36807198,,
3/1/1983,12.391803,28.604788,0.881900588,,
4/1/1983,30.274057,123.52243,3.201679561,,
5/1/1983,204.7125,234.95628,9.457960926,,
6/1/1983,283.58612,302.35144,12.19783589,,
7/1/1983,331.9073,360.62622,14.89747571,,
8/1/1983,276.86383,296.0343,12.32393196,,
9/1/1983,238.84106,254.90002,10.27852297,,
10/1/1983,144.8255,156.69844,6.486250042,,
11/1/1983,37.23603,51.36299,1.844422307,,
12/1/1983,5.4116697,11.136911,0.355985771,,
1/1/1984,5.2940464,18.243765,0.50633502,,
2/1/1984,13.36571,42.38808,1.121973466,,
3/1/1984,85.99975,90.74531,3.802061796,,
4/1/1984,149.36003,153.67207,6.308412498,,
5/1/1984,264.44202,277.38,11.65543638,,
6/1/1984,309.87875,324.73962,13.21125536,,
7/1/1984,351.51416,376.0921,15.65194503,,
8/1/1984,318.80743,341.79565,14.21060217,,
9/1/1984,262.49136,286.7656,11.43423245,,
10/1/1984,130.32715,138.08308,5.773922514,,
11/1/1984,43.094837,47.04863,1.876574046,,
12/1/1984,5.391861,5.7948446,0.240643478,,
1/1/1985,5.279206,7.510496,0.27512643,,
2/1/1985,9.733833,34.61312,0.861652218,,
3/1/1985,19.246222,55.986343,1.618369765,,
4/1/1985,158.39511,173.46016,6.908442811,,
5/1/1985,239.34319,252.83408,10.58750041,,
6/1/1985,333.29654,354.7748,14.32401993,,
7/1/1985,345.93567,368.53674,15.36941544,,
8/1/1985,324.80313,354.07285,14.60368073,,
9/1/1985,210.90913,226.31044,9.101878645,,
10/1/1985,151.99292,164.24785,6.802831999,,
11/1/1985,43.085773,51.59248,1.970977578,,
12/1/1985,6.7544255,8.59757,0.330245358,,
1/1/1986,4.7544527,14.090622,0.405386937,,
2/1/1986,17.672045,35.137135,1.026071556,,
3/1/1986,59.113724,73.46929,2.852067335,,
4/1/1986,140.15982,150.16719,6.043922536,,
5/1/1986,243.45612,256.3542,10.75169922,,
6/1/1986,328.73892,348.0418,14.0889759,,
7/1/1986,338.5508,361.3263,15.05544757,,
8/1/1986,338.4895,370.08435,15.24252822,,
9/1/1986,205.37259,220.92154,8.874436793,,
10/1/1986,159.20914,173.18422,7.150299393,,
11/1/1986,86.83689,93.64181,3.757140206,,
12/1/1986,37.47469,37.676704,1.61662365,,
1/1/1987,25.546566,30.74963,1.211018945,,
2/1/1987,32.87271,38.78691,1.392331746,,
3/1/1987,70.89843,77.087135,3.183400221,,
4/1/1987,185.04004,198.12437,7.976577903,,
5/1/1987,214.57405,226.71893,9.4929,,
6/1/1987,322.32846,339.66885,13.78122022,,
7/1/1987,330.15155,351.26453,14.65832225,,
8/1/1987,322.22763,344.15747,14.33498243,,
9/1/1987,269.5121,290.86453,11.66571771,,
10/1/1987,159.15857,172.15921,7.12716199,,
11/1/1987,45.702217,56.5743,2.129155486,,
12/1/1987,15.8314905,19.10133,0.751459431,,
1/1/1988,7.6847267,7.4105735,0.324723442,,
2/1/1988,22.629385,34.886887,1.157441154,,
3/1/1988,100.97579,105.54514,4.442587182,,
4/1/1988,135.8287,148.58429,5.92080661,,
5/1/1988,221.67976,236.9721,9.866316572,,
6/1/1988,291.25812,306.39725,12.44177302,,
7/1/1988,365.04828,385.1055,16.13697734,,
8/1/1988,326.74225,352.3016,14.60729188,,
9/1/1988,277.733,298.42487,11.99424585,,
10/1/1988,176.45673,193.50533,7.958460702,,
11/1/1988,43.79172,51.261093,1.978775032,,
12/1/1988,9.786508,22.36417,0.691611208,,
1/1/1989,5.7698855,13.780128,0.42055127,,
2/1/1989,12.555919,28.196098,0.791803347,,
3/1/1989,70.80245,82.41834,3.296018073,,
4/1/1989,172.47318,183.16643,7.403576587,,
5/1/1989,228.46494,239.53409,10.06738877,,
6/1/1989,305.32602,320.74915,13.03340612,,
7/1/1989,367.41516,396.1783,16.42608581,,
8/1/1989,306.7231,336.40164,13.83461582,,
9/1/1989,245.71637,262.6266,10.58249983,,
10/1/1989,148.49599,163.27881,6.706762022,,
11/1/1989,75.88911,81.71211,3.280885114,,
12/1/1989,47.474785,51.127483,2.121088511,,
1/1/1990,14.025633,17.092003,0.669388864,,
2/1/1990,11.788662,14.845091,0.517488368,,
3/1/1990,61.33979,83.502815,3.115790251,,
4/1/1990,149.25897,160.32042,6.44471161,,
5/1/1990,213.94579,229.21486,9.533076493,,
6/1/1990,314.84268,333.70663,13.50126463,,
7/1/1990,346.2458,367.81927,15.36065292,,
8/1/1990,308.47113,330.15988,13.73794869,,
9/1/1990,247.6808,265.7659,10.68874743,,
10/1/1990,186.22821,207.78752,8.475892645,,
11/1/1990,78.34258,87.03596,3.442790545,,
12/1/1990,43.164692,42.927917,1.851986243,,
1/1/1991,20.729439,20.38069,0.884342968,,
2/1/1991,53.711517,56.235046,2.13623921,,
3/1/1991,21.251413,46.48754,1.457170488,,
4/1/1991,91.30506,128.98885,4.585998827,,
5/1/1991,205.87033,217.54663,9.10835894,,
6/1/1991,301.0108,318.98996,12.90695125,,
7/1/1991,349.30212,374.60553,15.57238216,,
8/1/1991,304.877,335.36093,13.77251604,,
9/1/1991,262.05057,283.97632,11.36699002,,
10/1/1991,187.89244,205.7194,8.467204341,,
11/1/1991,71.627335,81.76921,3.193353713,,
12/1/1991,20.28895,22.163548,0.913219418,,
1/1/1992,6.316467,15.799733,0.475753942,,
2/1/1992,12.675431,31.870043,0.896420492,,
3/1/1992,57.604927,68.617226,2.715235298,,
4/1/1992,174.49263,185.50334,7.494265711,,
5/1/1992,250.36296,266.96106,11.12844621,,
6/1/1992,270.72562,283.91187,11.54624237,,
7/1/1992,305.3905,321.0027,13.47469431,,
8/1/1992,338.74268,365.78113,15.15540554,,
9/1/1992,269.61932,293.21277,11.71683459,,
10/1/1992,161.70612,177.67519,7.300621092,,
11/1/1992,81.7021,87.46552,3.52167024,,
12/1/1992,12.655995,13.872205,0.570662941,,
1/1/1993,6.1941624,5.2287593,0.245724855,,
2/1/1993,9.280296,9.59552,0.366753241,,
3/1/1993,13.441218,19.819847,0.715497364,,
4/1/1993,63.08035,156.94948,4.580501305,,
5/1/1993,229.78575,251.6529,10.35649595,,
6/1/1993,294.57755,313.008,12.64849591,,
7/1/1993,346.1116,371.837,15.44419371,,
8/1/1993,306.7482,330.39215,13.70588227,,
9/1/1993,258.24393,279.3214,11.19084033,,
10/1/1993,142.68031,157.68988,6.461431081,,
11/1/1993,78.80993,89.143936,3.496402749,,
12/1/1993,14.512031,21.72054,0.779419091,,
1/1/1994,16.266426,19.275902,0.764570888,,
2/1/1994,17.33928,28.047985,0.881865267,,
3/1/1994,80.18781,96.25354,3.79552852,,
4/1/1994,133.02774,144.09903,5.769124721,,
5/1/1994,187.9622,199.97878,8.345215301,,
6/1/1994,321.77646,343.04456,13.84000319,,
7/1/1994,337.832,362.27957,15.06049138,,
8/1/1994,318.62302,336.90762,14.10148607,,
9/1/1994,234.5279,250.70518,10.10140651,,
10/1/1994,144.87424,165.4728,6.676048679,,
11/1/1994,21.058796,23.82688,0.934413745,,
12/1/1994,6.490041,6.2062907,0.273117889,,
1/1/1995,5.465207,8.045529,0.290636995,,
2/1/1995,7.1341915,24.870441,0.621843457,,
3/1/1995,18.73866,73.142654,1.976510312,,
4/1/1995,91.7145,121.24788,4.433373691,,
5/1/1995,147.74954,158.8099,6.594571497,,
6/1/1995,234.61125,249.27824,10.07343614,,
7/1/1995,312.1175,335.03036,13.92115941,,
8/1/1995,303.3307,336.21817,13.75769329,,
9/1/1995,253.25061,279.97162,11.10042725,,
10/1/1995,175.48853,188.18106,7.823099862,,
11/1/1995,84.37754,90.80596,3.646906651,,
12/1/1995,24.031324,25.207977,1.059214131,,
1/1/1996,6.7015266,6.882454,0.292212601,,
2/1/1996,9.3267565,14.207576,0.473598236,,
3/1/1996,17.128906,68.172775,1.834972148,,
4/1/1996,141.4759,182.80666,6.750796877,,
5/1/1996,227.74763,239.84215,10.05858517,,
6/1/1996,303.67236,322.90033,13.04376331,,
7/1/1996,373.978,397.42358,16.59405064,,
8/1/1996,348.5842,379.63846,15.66520476,,
9/1/1996,266.0485,290.90106,11.59437421,,
10/1/1996,164.39288,181.83409,7.447881912,,
11/1/1996,29.151186,50.735935,1.663061149,,
12/1/1996,25.075102,32.715908,1.243174724,,
1/1/1997,5.5167313,12.625603,0.390269896,,
2/1/1997,13.741218,49.955055,1.237605544,,
3/1/1997,91.18449,124.09328,4.630960463,,
4/1/1997,182.72229,189.09338,7.740323945,,
5/1/1997,272.38818,287.60736,12.04637713,,
6/1/1997,276.0606,291.49277,11.81512049,,
7/1/1997,333.63745,356.35938,14.84290756,,
8/1/1997,320.40768,348.29648,14.38486903,,
9/1/1997,249.01294,269.4388,10.79294054,,
10/1/1997,164.0381,183.25801,7.47088078,,
11/1/1997,46.397724,59.807888,2.210949962,,
12/1/1997,13.985423,18.918245,0.707809197,,
1/1/1998,3.6669934,4.1675577,0.168533409,,
2/1/1998,8.817683,10.294469,0.371345201,,
3/1/1998,15.150044,29.697222,0.964734611,,
4/1/1998,39.494465,120.80405,3.337036424,,
5/1/1998,134.89249,152.37228,6.179513064,,
6/1/1998,218.42479,231.31712,9.362564184,,
7/1/1998,318.82257,340.0418,14.1731998,,
8/1/1998,323.3793,354.16928,14.57512629,,
9/1/1998,215.67201,236.8021,9.419442134,,
10/1/1998,151.6929,168.61932,6.890415237,,
11/1/1998,50.30894,56.277023,2.218867972,,
12/1/1998,25.720839,32.75874,1.257986917,,
1/1/1999,14.659461,18.32555,0.709559012,,
2/1/1999,11.454856,14.865748,0.511403947,,
3/1/1999,31.716908,82.96695,2.467028584,,
4/1/1999,142.17194,151.39726,6.111417273,,
5/1/1999,264.7691,279.76328,11.71374045,,
6/1/1999,333.9848,355.4961,14.35336364,,
7/1/1999,368.92972,400.29504,16.54722385,,
8/1/1999,320.23453,347.44904,14.36291455,,
9/1/1999,290.1664,314.5323,12.58839851,,
10/1/1999,204.62943,224.6704,9.234908645,,
11/1/1999,87.96516,99.69882,3.906720763,,
12/1/1999,76.53394,76.61536,3.294480211,,
1/1/2000,21.2544,24.687788,0.98828809,,
2/1/2000,11.918063,20.827288,0.658958161,,
3/1/2000,49.474335,98.00022,3.172407599,,
4/1/2000,186.71793,200.179,8.054280153,,
5/1/2000,271.2213,284.55975,11.95571688,,
6/1/2000,363.7417,382.06424,15.52591792,,
7/1/2000,370.78006,397.03323,16.51686093,,
8/1/2000,341.98245,373.87534,15.39921712,,
9/1/2000,249.45236,272.82794,10.87264211,,
10/1/2000,129.95586,146.92876,5.956219855,,
11/1/2000,64.948524,69.64715,2.80196399,,
12/1/2000,60.88029,59.25001,2.584190043,,
1/1/2001,11.8952875,21.590488,0.720331237,,
2/1/2001,12.209547,22.219904,0.668957184,,
3/1/2001,65.71298,89.46616,3.338145234,,
4/1/2001,151.24686,164.80411,6.579434618,,
5/1/2001,322.9957,338.32556,14.22605134,,
6/1/2001,363.82272,390.67386,15.70683652,,
7/1/2001,358.11627,385.1009,15.98776004,,
8/1/2001,352.8621,381.68747,15.80130645,,
9/1/2001,283.8769,306.9179,12.29895216,,
10/1/2001,186.97856,204.04324,8.411488543,,
11/1/2001,48.602806,66.711975,2.400581343,,
12/1/2001,5.379342,12.388253,0.382208669,,
1/1/2002,7.476061,19.930536,0.58955863,,
2/1/2002,26.961027,61.269955,1.714309917,,
3/1/2002,98.28979,104.33688,4.358815578,,
4/1/2002,171.97737,174.53325,7.213532579,,
5/1/2002,263.06116,274.0835,11.55481907,,
6/1/2002,362.14038,383.57394,15.52401061,,
7/1/2002,372.94376,403.17392,16.69550131,,
8/1/2002,342.6594,367.8909,15.28504474,,
9/1/2002,274.4979,299.4971,11.94922001,,
10/1/2002,166.84154,187.09991,7.613832404,,
11/1/2002,81.22679,99.194374,3.755942443,,
12/1/2002,6.315169,22.173677,0.612839493,,
1/1/2003,6.5836916,19.510143,0.561319064,,
2/1/2003,43.572758,70.14651,2.209542096,,
3/1/2003,102.75178,105.94113,4.489309858,,
4/1/2003,112.895294,127.201546,4.998249051,,
5/1/2003,248.11212,263.20126,10.99914797,,
6/1/2003,348.76355,372.7742,15.02071154,,
7/1/2003,382.7113,410.74677,17.06852013,,
8/1/2003,323.76593,349.1019,14.47443606,,
9/1/2003,295.29822,320.3726,12.81681213,,
10/1/2003,198.96883,215.33281,8.912274195,,
11/1/2003,64.76378,74.20848,2.893074172,,
12/1/2003,26.760353,32.862812,1.282587235,,
1/1/2004,8.307627,8.532788,0.362263582,,
2/1/2004,14.4705925,28.401583,0.862747507,,
3/1/2004,107.2832,135.09885,5.214015782,,
4/1/2004,208.12088,214.33072,8.794444395,,
5/1/2004,285.07025,294.657,12.47083697,,
6/1/2004,361.97195,379.39578,15.43352488,,
7/1/2004,377.764,403.7851,16.81233962,,
8/1/2004,327.71338,348.29938,14.54208841,,
9/1/2004,270.7431,288.81232,11.64862206,,
10/1/2004,132.09758,142.70338,5.911397079,,
11/1/2004,52.547287,67.63687,2.501950249,,
12/1/2004,22.069511,34.3477,1.213622166,,
1/1/2005,6.1408696,7.137241,0.28563286,,
2/1/2005,7.7596407,8.26406,0.311337224,,
3/1/2005,25.46363,78.591255,2.238382804,,
4/1/2005,153.00505,164.11163,6.601620183,,
5/1/2005,215.81357,225.69966,9.497637921,,
6/1/2005,307.47458,321.66727,13.09724716,,
7/1/2005,389.68958,419.16785,17.39978437,,
8/1/2005,346.3244,376.173,15.54204549,,
9/1/2005,262.28598,285.50354,11.40368382,,
10/1/2005,165.68752,184.78188,7.539143195,,
11/1/2005,99.94763,112.909294,4.431178346,,
12/1/2005,27.239912,43.556,1.522930442,,
1/1/2006,11.183878,20.720047,0.686303167,,
2/1/2006,20.879826,82.39175,2.006545579,,
3/1/2006,36.939606,65.92747,2.21283118,,
4/1/2006,113.89736,127.68907,5.029258796,,
5/1/2006,267.17102,279.53778,11.76055864,,
6/1/2006,341.2692,364.7747,14.69816618,,
7/1/2006,375.1306,406.6696,16.81774117,,
8/1/2006,328.91373,347.11264,14.54238118,,
9/1/2006,274.40103,289.7001,11.743253,,
10/1/2006,151.47272,166.60211,6.842285489,,
11/1/2006,84.68821,97.32421,3.789068634,,
12/1/2006,56.269142,55.671036,2.40800775,,
1/1/2007,42.850273,31.170918,1.592311222,,
2/1/2007,61.698433,62.64205,2.415910129,,
3/1/2007,109.68732,121.3772,4.970558068,,
4/1/2007,180.2983,189.70782,7.702653388,,
5/1/2007,297.1321,313.27856,13.13088496,,
6/1/2007,348.7899,368.06573,14.92324086,,
7/1/2007,360.41302,378.16162,15.88789198,,
8/1/2007,319.62064,337.25592,14.13043891,,
9/1/2007,232.416,250.63788,10.05604071,,
10/1/2007,143.04446,159.54439,6.509157916,,
11/1/2007,100.27595,114.53753,4.47190922,,
12/1/2007,23.083668,25.274757,1.040265115,,
1/1/2008,8.671034,9.89313,0.39934411,,
2/1/2008,11.013582,11.900004,0.461106509,,
3/1/2008,22.743565,84.112595,2.298642596,,
4/1/2008,171.48486,201.99028,7.77487019,,
5/1/2008,255.93471,272.21414,11.36130518,,
6/1/2008,345.25656,364.75928,14.78085259,,
7/1/2008,353.3219,372.86917,15.62150209,,
8/1/2008,322.65283,342.32782,14.30477052,,
9/1/2008,257.19293,274.74445,11.07367971,,
10/1/2008,167.60974,179.50845,7.467053443,,
11/1/2008,57.796898,74.408775,2.752209815,,
12/1/2008,16.612072,28.637838,0.973396111,,
1/1/2009,9.554935,13.345258,0.492618854,,
2/1/2009,26.139032,39.943718,1.283974304,,
3/1/2009,96.94152,112.2939,4.500980094,,
4/1/2009,189.32158,200.57828,8.116794062,,
5/1/2009,273.86035,285.26355,12.02762679,,
6/1/2009,273.137,284.0902,11.60015402,,
7/1/2009,357.76047,385.99664,15.99937499,,
8/1/2009,316.96326,341.59174,14.16654477,,
9/1/2009,268.09076,291.19742,11.64305875,,
10/1/2009,145.66008,161.22778,6.601636324,,
11/1/2009,97.00638,107.54271,4.258228867,,
12/1/2009,25.26706,27.416979,1.133315816,,
1/1/2010,8.760585,11.672762,0.439553151,,
2/1/2010,9.6347275,27.740263,0.726188414,,
3/1/2010,66.71601,106.74899,3.731502591,,
4/1/2010,140.42453,151.09366,6.06872009,,
5/1/2010,223.51013,237.02065,9.906735071,,
6/1/2010,307.42935,326.0636,13.18782678,,
7/1/2010,350.56555,380.51007,15.72657637,,
8/1/2010,310.15213,332.23016,13.81864457,,
9/1/2010,253.28395,268.9007,10.87065091,,
10/1/2010,129.10895,141.72275,5.826012109,,
11/1/2010,59.190342,73.88992,2.770416692,,
12/1/2010,7.283059,23.125196,0.654128973,,
1/1/2011,7.0640483,26.708202,0.726493757,,
2/1/2011,14.266638,33.13945,0.921090585,,
3/1/2011,20.814129,45.626587,1.429243386,,
4/1/2011,115.101204,149.48312,5.508020623,,
5/1/2011,215.36328,225.64735,9.486826211,,
6/1/2011,279.70926,296.9815,12.00533936,,
7/1/2011,331.1217,360.09152,14.869074,,
8/1/2011,315.20993,340.71603,14.10999002,,
9/1/2011,253.15533,274.6118,10.98686495,,
10/1/2011,148.96033,167.90036,6.816167445,,
11/1/2011,74.37527,84.45368,3.306443553,,
12/1/2011,77.07105,81.72875,3.416031276,,
1/1/2012,36.775616,41.959328,1.693711398,,
2/1/2012,18.188732,31.597654,1.001887119,,
3/1/2012,64.07412,85.03904,3.207656547,,
4/1/2012,152.77484,169.17505,6.702236198,,
5/1/2012,279.15005,296.17786,12.37620031,,
6/1/2012,331.4393,354.8844,14.2876382,,
7/1/2012,339.3887,367.80203,15.21277515,,
8/1/2012,339.8592,372.03674,15.31399155,,
9/1/2012,262.76572,287.92422,11.46406371,,
10/1/2012,151.32944,172.00056,6.955332389,,
11/1/2012,65.51925,81.337456,3.057209713,,
12/1/2012,12.808544,25.360924,0.821084765,,
1/1/2013,8.228198,34.36054,0.916150153,,
2/1/2013,13.051995,47.664093,1.17970116,,
3/1/2013,110.38385,124.81699,5.059536759,,
4/1/2013,200.81776,208.47417,8.520491151,,
5/1/2013,271.7238,285.4944,11.98663222,,
6/1/2013,332.41162,354.00958,14.28966792,,
7/1/2013,355.34262,385.85916,15.94440586,,
8/1/2013,311.88672,342.17126,14.06980686,,
9/1/2013,243.16333,264.9829,10.57840416,,
10/1/2013,155.49908,173.3798,7.074697449,,
11/1/2013,74.08956,84.06756,3.292457639,,
12/1/2013,19.7155,24.201468,0.944722451,,
1/1/2014,20.532166,29.581802,1.078029582,,
2/1/2014,41.409374,59.337814,1.957497237,,
3/1/2014,107.013535,123.68434,4.962670962,,
4/1/2014,186.23462,193.90929,7.913698228,,
5/1/2014,287.6663,300.92712,12.66156211,,
6/1/2014,348.9366,369.9394,14.96530019,,
7/1/2014,350.8533,373.70718,15.58642555,,
8/1/2014,310.62488,333.7636,13.86180084,,
9/1/2014,253.47101,271.4699,10.92802973,,
10/1/2014,175.98405,195.33559,7.987664364,,
11/1/2014,75.93245,87.41933,3.400598189,,
12/1/2014,28.878988,35.296112,1.380506454,,
