Date,"(38.06250000000001,-118.9375)","(38.06250000000001,-118.97916666666666)","(38.06250000000001,-119.02083333333333)","(38.06250000000001,-119.0625)","(38.06250000000001,-119.10416666666666)","(38.06250000000001,-119.14583333333333)","(38.02083333333334,-118.9375)","(38.02083333333334,-118.97916666666666)","(38.02083333333334,-119.02083333333333)","(38.02083333333334,-119.0625)","(38.02083333333334,-119.10416666666666)","(38.02083333333334,-119.14583333333333)","(37.97916666666667,-118.9375)","(37.97916666666667,-118.97916666666666)","(37.97916666666667,-119.02083333333333)","(37.97916666666667,-119.0625)","(37.97916666666667,-119.10416666666666)","(37.97916666666667,-119.14583333333333)",Average (mm),Average (in)
1/1/1958,30.2,32.3,34.4,36.6,40.4,44.4,33.2,34.6,37.6,39.9,42.3,46.3,34.7,37.7,40.1,42.5,45.7,56.5,39.41111111,1.551618548
2/1/1958,49.1,50.9,54,58.5,63,67.6,52.4,55.5,58.8,62.1,66.8,72.9,57,60.3,63.7,68.4,73.3,83.7,62.11111111,2.445319335
3/1/1958,38.5,40.7,42.9,48.6,56.2,67.5,40.6,44.5,46.9,52.7,58.7,70.3,44.4,48.5,54.4,58.7,64.9,89.5,53.80555556,2.118328959
4/1/1958,23.7,23.9,26.4,28.8,31.3,38.3,26.6,26.8,29.3,31.8,34.4,41.5,27.4,29.9,32.4,35,37.6,59.1,32.45555556,1.277777778
5/1/1958,14.6,14.8,16.1,16.3,16.6,17.9,14.9,16.2,16.5,16.8,18.1,19.5,16.2,16.6,16.9,18.3,18.6,21.2,17.00555556,0.669510061
6/1/1958,22.4,22.5,22.6,22.8,22.9,24.6,21.5,21.7,21.8,22,22.1,22.3,19.3,19.4,21,21.2,21.3,22.9,21.90555556,0.862423447
7/1/1958,14.2,14.4,14.5,14.7,14.8,15,14.5,14.7,14.9,13.8,15.3,15.5,14.8,15.1,14,14.2,14.4,18.6,14.85555556,0.584864392
8/1/1958,19.5,17.2,16.4,15.6,16,15.2,17.2,16.3,15.5,14.7,13.8,13,16.4,15.5,14.6,13.7,12.8,14.9,15.46111111,0.608705162
9/1/1958,19.4,19.4,19.5,20.8,22.2,22.3,19.6,19.7,21,21.1,22.5,22.6,19.8,19.9,21.3,21.4,22.8,25.5,21.15555556,0.832895888
10/1/1958,1.1,1.1,1.1,1,1,1,1.1,1.1,1,1,0.9,1,1.2,1.1,1.1,1,1,1.2,1.055555556,0.041557305
11/1/1958,11.1,11.7,11.9,12.4,13.7,14.6,11.4,11.9,12.5,12.6,13.5,14.3,11.6,12.1,12.6,13.1,13.5,17.5,12.88888889,0.50743657
12/1/1958,10.9,11.6,12.2,12.6,13.9,14.9,11.4,12,12.3,13,13.6,14.5,11.5,12.1,12.7,13.3,13.8,17.7,13,0.511811024
1/1/1959,24.8,26.9,29,31.3,35,38.8,27.7,29.3,32.2,34.6,37.1,41.1,29.4,32.4,34.9,37.4,40.8,50.9,34.08888889,1.34208224
2/1/1959,60.2,61.5,64.3,68.7,73,77.3,62.6,65.4,68.2,70.9,75.1,80.8,66.5,69.2,71.9,76,80.1,90.1,71.21111111,2.803587052
3/1/1959,2.4,2.6,2.8,3.2,3.7,4.6,2.5,2.8,2.9,3.4,3.8,4.6,2.7,2.9,3.4,3.7,4.1,5.7,3.433333333,0.135170604
4/1/1959,5,5.1,5.7,6.3,7,8.7,5.6,5.8,6.4,7.1,7.8,9.6,5.8,6.5,7.1,7.9,8.6,13.8,7.211111111,0.283902012
5/1/1959,9.6,9.6,10.3,10.4,10.5,11.2,9.1,9.8,9.8,9.9,10.6,11.3,9.2,9.2,9.3,10,10.1,11.4,10.07222222,0.396544182
6/1/1959,0.5,0.5,0.5,0.5,0.6,0.6,0.4,0.5,0.5,0.5,0.5,0.5,0.4,0.4,0.4,0.4,0.4,0.4,0.472222222,0.018591426
7/1/1959,2.3,2.2,2.2,2.2,2.2,2.1,2.2,2.2,2.1,1.9,2,2,2.1,2.1,1.9,1.8,1.8,2.2,2.083333333,0.082020997
8/1/1959,5.2,5.1,5.4,5.7,6.4,6.8,4.7,5,5.3,5.6,5.9,6.2,4.6,4.9,5.2,5.6,5.9,7.8,5.627777778,0.221566054
9/1/1959,34.3,35.4,36.6,40.2,44.1,45.3,35.9,37.1,40.9,42.2,46.2,47.5,37.5,38.8,42.7,44.1,48.3,55.6,41.81666667,1.646325459
10/1/1959,0.1,0.1,0.1,0.1,0.1,0.1,0.1,0.1,0.1,0.1,0.1,0.1,0.1,0.1,0.1,0.1,0.1,0.1,0.1,0.003937008
11/1/1959,0,0,0,0,0,0,0,0,0,0,0,0,0,0,0,0,0,0,0,0
12/1/1959,9.8,10.3,10.8,11,12.1,12.9,10.6,11.1,11.3,11.8,12.3,13,11.2,11.7,12.1,12.5,13,16.5,11.88888889,0.468066492
1/1/1960,21.2,22.9,24.7,26.5,29.6,32.7,23.5,24.8,27.3,29.2,31.3,34.6,24.8,27.3,29.3,31.4,34.2,42.6,28.77222222,1.132764654
2/1/1960,38.1,39.8,42.5,46.4,50.3,54.3,40.5,43.3,46.1,49,53,58.2,44,46.8,49.8,53.8,57.9,66.5,48.90555556,1.925415573
3/1/1960,12.5,13.4,14.3,16.4,19.1,23.2,13,14.5,15.4,17.6,19.8,23.9,14.1,15.6,17.7,19.3,21.6,30.1,17.86111111,0.703193351
4/1/1960,8.9,9,10,11.1,12.1,15,10.1,10.3,11.4,12.5,13.6,16.6,10.5,11.6,12.8,13.9,15.2,24.1,12.70555556,0.500218723
5/1/1960,2.7,2.7,2.8,2.8,2.8,3,2.7,2.8,2.8,2.8,3,3.2,2.8,2.8,2.8,3,3,3.4,2.883333333,0.11351706
6/1/1960,0.5,0.5,0.5,0.5,0.5,0.5,0.4,0.4,0.4,0.4,0.4,0.4,0.3,0.3,0.3,0.3,0.4,0.4,0.411111111,0.016185477
7/1/1960,10.2,10.2,10.2,10.2,10.2,10.2,9.5,9.5,9.5,8.7,9.4,9.4,8.8,8.7,8,8,8,10.1,9.377777778,0.36920385
8/1/1960,0,0,0,0,0,0,0,0,0,0,0,0,0,0,0,0,0,0,0,0
9/1/1960,3.4,3.4,3.5,3.8,4.1,4.2,3.3,3.3,3.6,3.7,4,4.1,3.1,3.2,3.5,3.6,3.9,4.4,3.672222222,0.144575678
10/1/1960,5.7,5.5,5.7,5.5,5.7,5.8,5.9,6.1,5.8,6,5.7,6.1,6.5,6.2,6.3,6.4,6.5,8,6.077777778,0.23928259
11/1/1960,60.7,64,65.3,68.4,75.5,80.3,63.7,66.9,69.9,70.9,75.7,80.4,66.5,69.5,72.4,75.2,77.8,100.9,72.44444444,2.852143482
12/1/1960,18.8,19.8,20.8,21.2,23.3,24.8,20,21,21.4,22.3,23.2,24.6,20.7,21.6,22.4,23.3,24.1,30.7,22.44444444,0.883639545
1/1/1961,14.2,14.9,15.6,16.3,17.8,19.2,15.8,16.2,17.3,18.1,18.8,20.3,16.8,18,18.7,19.5,20.7,25.1,17.96111111,0.707130359
2/1/1961,11.8,12.2,12.8,13.8,14.7,15.7,12.3,13,13.7,14.3,15.3,16.6,13.1,13.8,14.5,15.5,16.5,18.8,14.35555556,0.565179353
3/1/1961,15.7,16.5,17.3,19.4,22.3,26.6,16.2,17.6,18.4,20.6,22.8,27.2,17.3,18.8,20.9,22.5,24.7,33.9,21.03888889,0.828302712
4/1/1961,4.7,4.9,5.4,6,6.6,8.2,5.3,5.4,6,6.6,7.2,8.9,5.4,6,6.6,7.2,7.9,12.6,6.716666667,0.264435696
5/1/1961,19.5,19.9,21.7,22.1,22.6,24.5,19.4,21.2,21.8,22.3,24.2,26.2,20.7,21.2,21.8,23.8,24.4,27.9,22.51111111,0.886264217
6/1/1961,7.1,7.2,7.3,7.5,7.6,8.3,7,7.1,7.3,7.4,7.6,7.8,6.4,6.6,7.2,7.4,7.6,8.2,7.366666667,0.290026247
7/1/1961,20.1,20.2,20.2,20.3,20.4,20.4,20.3,20.4,20.5,18.8,20.6,20.7,20.6,20.6,19,19,19.1,24.4,20.31111111,0.799650044
8/1/1961,40.1,36.9,36.8,36.8,39.7,39.7,37.2,37.1,37.1,37,37,36.9,37.4,37.4,37.4,37.3,37.3,46.6,38.09444444,1.499781277
9/1/1961,8.5,8.7,8.9,9.7,10.5,10.7,8.3,8.5,9.3,9.5,10.3,10.6,8.1,8.3,9.1,9.3,10.1,11.6,9.444444444,0.371828521
10/1/1961,2.7,2.7,3,3,3.3,3.5,2.6,2.9,2.9,3.2,3.2,3.7,2.8,2.8,3.1,3.3,3.6,4.8,3.172222222,0.124890639
11/1/1961,24.6,26.5,27.5,29.4,33.1,36,26.1,28,30,31.1,34,36.9,27.6,29.6,31.6,33.6,35.7,47.5,31.6,1.244094488
12/1/1961,23.9,25.1,26.2,26.6,29.1,30.8,25.9,27.1,27.5,28.6,29.7,31.4,27.2,28.3,29.5,30.5,31.6,40.1,28.83888889,1.135389326
1/1/1962,19.1,20,20.8,21.6,23.4,25.1,21.3,21.7,23,23.8,24.6,26.3,22.6,23.9,24.7,25.5,26.8,32.3,23.69444444,0.932852143
2/1/1962,114.8,117.1,122.3,130.3,138.2,145.9,119.3,124.5,129.5,134.6,142.3,152.9,126.6,131.7,136.6,144.4,152,170.8,135.2111111,5.323272091
3/1/1962,18.9,19.7,20.5,23,26.2,31.1,19.4,21,21.8,24.3,26.7,31.6,20.6,22.2,24.7,26.3,28.8,39.2,24.77777778,0.975503062
4/1/1962,1.4,1.5,1.7,1.9,2.1,2.7,1.6,1.6,1.9,2.1,2.3,2.9,1.6,1.8,2,2.3,2.5,4.1,2.111111111,0.083114611
5/1/1962,22.3,21.7,22.5,21.8,21.2,21.8,21,21.7,21,20.4,20.9,21.4,21,20.3,19.6,20.1,19.4,20.9,21.05555556,0.82895888
6/1/1962,7.8,7.6,7.4,7.2,7,7.3,7.6,7.3,7.1,6.9,6.7,6.4,6.8,6.6,6.8,6.5,6.3,6.4,6.983333333,0.274934383
7/1/1962,22.8,22.9,23,23.1,23.3,23.4,22.5,22.6,22.7,20.9,22.9,23,22.2,22.3,20.5,20.6,20.7,26.4,22.54444444,0.887576553
8/1/1962,10.7,9.9,10,10.1,11,11.1,10,10.1,10.2,10.3,10.3,10.4,10.2,10.3,10.4,10.5,10.6,13.3,10.52222222,0.414260717
9/1/1962,8.1,7.9,7.6,7.9,8.1,7.9,8.2,7.9,8.2,7.9,8.1,7.8,8.3,8,8.3,7.9,8.1,8.7,8.05,0.316929134
10/1/1962,11.7,12,13.3,13.7,15.1,16.5,11.7,13,13.3,14.7,15,17.6,12.7,13,14.3,15.7,17.1,23,14.63333333,0.576115485
11/1/1962,3.9,4.2,4.3,4.6,5.2,5.7,4,4.3,4.6,4.8,5.3,5.7,4.2,4.5,4.8,5.1,5.5,7.3,4.888888889,0.192475941
12/1/1962,9,9.9,10.9,11.6,13.3,14.7,9.9,10.9,11.6,12.7,13.8,15.3,10.5,11.6,12.7,13.8,15,20,12.62222222,0.496937883
1/1/1963,47.7,50.2,52.7,55.3,60.3,65.3,51.8,53.1,56.7,59.2,61.7,66.5,53.5,57,59.4,61.8,65.3,79.1,58.7,2.311023622
2/1/1963,55.5,56.3,58.4,61.8,65.1,68.3,58.3,60.4,62.4,64.3,67.5,71.9,62.6,64.5,66.4,69.5,72.5,80.7,64.8,2.551181102
3/1/1963,18.4,19.4,20.5,23.3,27,32.5,19.5,21.5,22.6,25.5,28.5,34.1,21.6,23.6,26.5,28.7,31.8,43.9,26.05,1.025590551
4/1/1963,22.3,22.8,25.4,28.1,30.9,38.2,25.3,25.8,28.6,31.4,34.4,42.1,26.2,29,31.9,34.9,38,60.7,32,1.25984252
5/1/1963,22.8,22.8,24.3,24.3,24.3,25.8,22.7,24.2,24.2,24.3,25.8,27.3,24.1,24.2,24.2,25.8,25.8,28.9,24.76666667,0.975065617
6/1/1963,27.5,27.4,27.3,27.2,27.1,28.7,26.7,26.5,26.3,26.1,25.9,25.7,24.1,23.9,25.3,25.1,24.8,26.2,26.21111111,1.031933508
7/1/1963,0,0,0,0,0,0,0,0,0,0,0,0,0,0,0,0,0,0,0,0
8/1/1963,9.3,8.1,7.7,7.2,7.3,6.8,9.4,8.9,8.3,7.7,7.2,6.6,10.2,9.6,8.9,8.2,7.6,8.6,8.2,0.322834646
9/1/1963,19.1,18.7,18.4,19.3,20.1,19.8,18.8,18.4,19.2,18.8,19.6,19.1,18.5,18.1,18.8,18.4,19,20.7,19.04444444,0.749781277
10/1/1963,10.7,10.8,11.8,11.8,12.8,13.8,11,12.1,12.1,13.2,13.3,15.3,12.3,12.4,13.5,14.6,15.7,20.8,13.22222222,0.52055993
11/1/1963,46.1,49.7,51.8,55.6,62.7,68.2,49.6,53.4,57.2,59.4,65,70.7,53.2,57.1,61,65,69.1,92,60.37777778,2.377077865
12/1/1963,3.7,4,4.2,4.2,4.7,5,4.1,4.3,4.4,4.6,4.9,5.2,4.3,4.5,4.8,5,5.3,6.8,4.666666667,0.183727034
1/1/1964,17.3,18.5,19.7,20.9,23.1,25.4,18.9,19.7,21.4,22.7,24,26.3,19.6,21.3,22.6,24,25.9,31.9,22.4,0.881889764
2/1/1964,0.8,0.8,0.8,0.8,0.9,0.9,0.8,0.8,0.8,0.9,0.9,0.9,0.8,0.9,0.9,0.9,0.9,1,0.861111111,0.033902012
3/1/1964,11.8,12.5,13.2,15,17.4,21,12.2,13.5,14.3,16.2,18.1,21.8,13.2,14.6,16.5,17.9,20,27.7,16.49444444,0.649387576
4/1/1964,6,6.1,6.8,7.5,8.2,10.2,6.6,6.7,7.4,8.1,8.9,10.8,6.6,7.3,8,8.7,9.5,15.1,8.25,0.32480315
5/1/1964,29.6,29.5,31.3,31.2,31.1,32.9,28.9,30.7,30.6,30.5,32.3,34.1,30.1,30,29.9,31.7,31.6,35.2,31.17777778,1.227471566
6/1/1964,17.2,17.9,18.5,19.2,19.8,21.8,17.1,17.8,18.5,19.2,19.9,20.6,15.9,16.6,18.5,19.3,20.1,22.2,18.89444444,0.743875765
7/1/1964,6.7,6.4,6.1,5.9,5.6,5.3,6.5,6.2,5.9,5.2,5.4,5.1,6.4,6,5.3,5,4.7,5.6,5.738888889,0.225940507
8/1/1964,18.9,17.4,17.2,17.1,18.4,18.3,19.5,19.3,19.2,19,18.9,18.7,21.5,21.3,21.2,21,20.8,25.8,19.63888889,0.773184602
9/1/1964,3.1,3.2,3.3,3.7,4,4.1,3.2,3.4,3.7,3.8,4.2,4.3,3.4,3.5,3.8,4,4.3,5,3.777777778,0.148731409
10/1/1964,14.5,14.4,15.6,15.5,16.7,17.8,14.8,16,16,17.1,17.1,19.4,16.5,16.4,17.6,18.8,19.9,26.1,17.23333333,0.67847769
11/1/1964,31.5,34.4,36.2,39.2,44.7,49.2,34.4,37.4,40.6,42.6,47.1,51.8,37.4,40.6,43.9,47.4,50.9,68.5,43.21111111,1.701224847
12/1/1964,86,92.1,98.3,101.9,113.7,122.9,94.1,100.3,103.9,110.2,116.7,126,99.6,105.9,112.2,118.6,125.2,162,110.5333333,4.351706035
1/1/1965,32,33.7,35.4,37.1,40.5,43.8,34.6,35.5,38,39.8,41.5,44.9,35.6,38.1,39.8,41.5,44.1,53.6,39.41666667,1.55183727
2/1/1965,7.2,7.5,8.1,8.8,9.6,10.4,7.7,8.2,8.8,9.4,10.3,11.3,8.4,9,9.6,10.5,11.3,13.1,9.4,0.37007874
3/1/1965,11.2,11.7,12.2,13.7,15.7,18.6,11.7,12.7,13.2,14.8,16.3,19.4,12.7,13.7,15.3,16.4,18,24.7,15.11111111,0.594925634
4/1/1965,27,26.7,28.8,30.8,32.7,39.2,29.7,29.3,31.3,33.1,35,41.3,29.9,31.9,33.8,35.5,37.2,57.1,33.90555556,1.334864392
5/1/1965,6.1,5.9,6,5.8,5.5,5.6,5.8,5.9,5.7,5.4,5.5,5.6,5.8,5.6,5.4,5.5,5.2,5.6,5.661111111,0.22287839
6/1/1965,14.5,14.1,13.7,13.3,12.9,13.4,13.7,13.3,12.9,12.5,12.1,11.7,12,11.6,12,11.6,11.2,11.5,12.66666667,0.498687664
7/1/1965,20.1,20,19.9,19.8,19.7,19.6,19.7,19.7,19.6,17.8,19.4,19.3,19.4,19.3,17.6,17.5,17.4,22.1,19.32777778,0.760936133
8/1/1965,54.2,50.8,51.4,52.1,57.2,57.9,49.2,49.8,50.5,51.2,51.8,52.5,48.3,48.9,49.6,50.2,50.9,64.4,52.27222222,2.057961505
9/1/1965,6,6,6,6.4,6.7,6.7,5.5,5.5,5.8,5.8,6.2,6.2,5,5,5.3,5.3,5.6,6.2,5.844444444,0.230096238
10/1/1965,2.1,2.1,2.4,2.4,2.7,2.9,2.2,2.4,2.5,2.8,2.8,3.3,2.5,2.5,2.8,3.1,3.4,4.6,2.75,0.108267717
11/1/1965,90.7,96.5,99.1,104.8,116.6,125.1,95.7,101.4,106.9,109.4,117.9,126.2,100.6,106.1,111.5,116.8,122.1,159.8,111.5111111,4.390201224
12/1/1965,59.9,62.5,65,65.7,71.4,75.2,64.1,66.4,67,69.1,71.2,74.7,66.3,68.4,70.4,72.3,74,93,69.81111111,2.748468941
1/1/1966,7.8,8.3,8.8,9.3,10.2,11.1,8.7,9.1,9.8,10.3,10.9,11.8,9.3,10.1,10.6,11.2,12,14.7,10.22222222,0.402449694
2/1/1966,11.2,11.7,12.6,13.8,15.1,16.4,11.9,12.8,13.7,14.7,16.1,17.8,12.9,13.9,14.9,16.3,17.7,20.5,14.66666667,0.577427822
3/1/1966,2.1,2.3,2.4,2.8,3.3,4,2.1,2.4,2.6,2.9,3.3,4,2.3,2.5,2.8,3.1,3.5,4.9,2.961111111,0.116579178
4/1/1966,4.2,4.3,4.8,5.3,5.8,7.2,4.7,4.8,5.3,5.8,6.4,7.8,4.7,5.2,5.8,6.4,6.9,11.1,5.916666667,0.232939633
5/1/1966,9.7,9.6,10.2,10.2,10.1,10.7,9.6,10.2,10.1,10.1,10.6,11.2,10.2,10.1,10.1,10.6,10.6,11.7,10.31111111,0.405949256
6/1/1966,4.2,4.2,4.1,4.1,4.1,4.4,4.2,4.2,4.2,4.2,4.2,4.2,4,4,4.3,4.3,4.3,4.7,4.216666667,0.166010499
7/1/1966,6.4,7,7.6,8.2,8.8,9.4,7.6,8.3,8.9,8.8,10.3,11,8.7,9.5,9.4,10.1,10.8,14.6,9.188888889,0.361767279
8/1/1966,4.6,4,3.8,3.6,3.7,3.5,4.2,4,3.8,3.6,3.4,3.2,4.1,4,3.8,3.6,3.4,4,3.794444444,0.149387577
9/1/1966,15.3,14.9,14.5,15,15.4,14.9,14.6,14.2,14.6,14.1,14.5,14,13.9,13.4,13.8,13.3,13.6,14.5,14.36111111,0.565398075
10/1/1966,0,0,0,0,0,0,0,0,0,0,0,0,0,0,0,0,0,0,0,0
11/1/1966,31.2,33.9,35.6,38.4,43.6,47.8,33.7,36.6,39.4,41.3,45.5,49.8,36.3,39.3,42.3,45.4,48.5,65.1,41.87222222,1.648512686
12/1/1966,86.3,90.6,94.9,96.5,105.5,111.9,92.8,96.9,98.4,102.3,106.1,112.2,96.4,100.4,104.2,107.8,111.4,141.2,103.1,4.059055118
1/1/1967,49.2,51.7,54.3,56.9,61.9,66.9,53.9,55.2,58.9,61.5,64.1,69.1,56.1,59.9,62.4,64.9,68.7,83.3,61.05,2.403543307
2/1/1967,5.3,5.4,5.6,5.9,6.2,6.5,5.7,5.9,6.1,6.2,6.6,7,6.1,6.3,6.5,6.9,7.2,8,6.3,0.248031496
3/1/1967,31.7,33.7,35.7,40.6,47.2,56.9,32.5,35.9,38,43,48.1,57.9,34.5,38,42.9,46.6,51.9,72,43.72777778,1.721566054
4/1/1967,42.9,43.2,47.4,51.7,56,68.5,47.7,48.1,52.5,57,61.5,74.3,48.7,53.2,57.8,62.4,67.1,105.8,58.1,2.287401575
5/1/1967,10.6,10.9,11.8,12.1,12.3,13.4,10.8,11.8,12.1,12.3,13.4,14.5,11.8,12,12.3,13.4,13.7,15.6,12.48888889,0.491688539
6/1/1967,23.2,24,24.7,25.5,26.2,28.8,23.4,24.2,25.1,25.9,26.7,27.5,22,22.8,25.4,26.3,27.2,29.9,25.48888889,1.003499563
7/1/1967,13.3,13,12.7,12.4,12,11.7,12.5,12.1,11.8,10.5,11.1,10.8,11.6,11.2,10,9.6,9.3,11.4,11.5,0.452755906
8/1/1967,13.8,12.6,12.5,12.4,13.3,13.1,12.8,12.7,12.6,12.5,12.3,12.2,12.9,12.8,12.7,12.5,12.4,15.4,12.86111111,0.506342957
9/1/1967,19.4,19,18.5,19.2,19.9,19.3,19,18.5,19.3,18.7,19.4,18.8,18.6,18.1,18.8,18.3,18.9,20.5,19.01111111,0.748468941
10/1/1967,0.8,0.9,1.1,1.2,1.3,1.5,0.8,1,1.1,1.3,1.4,1.7,0.9,1,1.2,1.4,1.6,2.2,1.244444444,0.048993876
11/1/1967,18.3,19.5,20.1,21.4,23.9,25.7,20.1,21.4,22.6,23.3,25.2,27.1,22,23.3,24.6,25.9,27.2,35.8,23.74444444,0.934820647
12/1/1967,23.6,25.3,27.1,28.1,31.5,34.1,25.9,27.7,28.8,30.6,32.5,35.2,27.5,29.4,31.2,33.2,35.1,45.6,30.68888889,1.208223972
1/1/1968,20.9,22.1,23.2,24.4,26.7,29,22.7,23.4,25.2,26.4,27.6,30,23.6,25.3,26.5,27.8,29.6,36.2,26.14444444,1.029308836
2/1/1968,31.9,32.4,33.6,35.6,37.5,39.4,32.7,33.9,35.1,36.2,38.1,40.7,34.1,35.3,36.4,38.3,40.1,44.8,36.45,1.43503937
3/1/1968,13,13.8,14.6,16.5,19.2,23,13.4,14.8,15.6,17.5,19.5,23.4,14.4,15.7,17.6,19,21.1,29.1,17.84444444,0.702537183
4/1/1968,4.6,4.5,4.8,5.1,5.4,6.4,5.1,5,5.3,5.6,5.9,6.9,5.1,5.4,5.7,6.1,6.4,9.8,5.727777778,0.225503062
5/1/1968,14.2,14.4,15.6,15.8,16,17.2,14,15.2,15.4,15.6,16.8,18.1,14.7,14.9,15.2,16.4,16.6,18.9,15.83333333,0.62335958
6/1/1968,8.6,8.6,8.7,8.7,8.7,9.3,8.5,8.5,8.5,8.6,8.6,8.6,7.8,7.8,8.4,8.5,8.5,9.1,8.555555556,0.336832896
7/1/1968,8.2,7.9,7.6,7.4,7.1,6.8,8.2,7.9,7.6,6.7,7,6.7,8.3,7.9,6.9,6.6,6.3,7.6,7.372222222,0.290244969
8/1/1968,20.3,19.2,19.6,20,22.1,22.5,18.4,18.8,19.3,19.7,20.1,20.5,18.1,18.5,19,19.4,19.8,25.3,20.03333333,0.788713911
9/1/1968,0.6,0.6,0.7,0.7,0.8,0.8,0.6,0.6,0.6,0.6,0.7,0.7,0.5,0.5,0.5,0.6,0.6,0.7,0.633333333,0.024934383
10/1/1968,14.1,14.1,15.3,15.4,16.6,17.8,14.5,15.7,15.8,17,17.1,19.6,16.1,16.2,17.5,18.8,20.1,26.5,17.12222222,0.674103237
11/1/1968,25.4,27.7,29.2,31.7,36.2,39.9,27.6,30.1,32.8,34.5,38.2,42.1,30,32.7,35.4,38.3,41.3,55.8,34.93888889,1.375546807
12/1/1968,50,53.7,57.6,60,67.2,73,54.7,58.6,61.1,65.2,69.4,75.3,57.9,62,66.1,70.4,74.7,97.4,65.23888889,2.568460193
1/1/1969,132.1,137.3,142.5,147.5,158.7,169.6,144.9,146.8,155,159.8,164.5,175.3,151.3,159.5,164.2,168.9,176.6,211.6,159.2277778,6.26881015
2/1/1969,88.5,89.6,92.8,98.2,103.3,108.2,93.5,96.7,99.8,102.7,107.7,114.6,100.8,103.8,106.7,111.7,116.5,129.5,103.5888889,4.078302713
3/1/1969,13.9,14.5,15.2,17.1,19.6,23.3,14.7,16,16.6,18.6,20.5,24.3,16.1,17.4,19.4,20.7,22.7,31,18.97777778,0.747156606
4/1/1969,11.1,11.4,12.7,14,15.4,19.1,12.6,12.9,14.3,15.8,17.3,21.2,13.1,14.6,16.1,17.6,19.2,30.7,16.06111111,0.632327209
5/1/1969,5.7,5.5,5.7,5.5,5.3,5.4,5.6,5.7,5.5,5.3,5.4,5.5,5.8,5.6,5.3,5.4,5.2,5.5,5.494444444,0.21631671
6/1/1969,33.1,32.9,32.7,32.5,32.2,34.2,32.4,32.2,32,31.7,31.5,31.3,29.6,29.4,31.3,31,30.8,32.6,31.85555556,1.254155731
7/1/1969,13.2,13.7,14.1,14.6,15,15.5,14.8,15.3,15.8,15,16.9,17.4,16.3,16.9,16.1,16.6,17.2,22.6,15.94444444,0.627734033
8/1/1969,1.6,1.5,1.4,1.4,1.5,1.5,1.5,1.5,1.5,1.5,1.5,1.5,1.6,1.6,1.6,1.6,1.5,1.9,1.538888889,0.060586177
9/1/1969,4.1,4,3.9,4.1,4.3,4.2,4,3.9,4.1,4,4.2,4.1,3.9,3.9,4,4,4.1,4.5,4.072222222,0.16032371
10/1/1969,13.6,13.9,15.4,15.8,17.3,19,13.6,15.1,15.5,17,17.4,20.3,14.7,15.1,16.7,18.3,20,26.8,16.97222222,0.668197725
11/1/1969,13.9,14.9,15.3,16.3,18.2,19.6,14.7,15.7,16.7,17.2,18.7,20.2,15.5,16.6,17.6,18.6,19.7,26,17.52222222,0.689851269
12/1/1969,38.1,40.8,43.5,45.2,50.4,54.5,40.2,42.9,44.5,47.3,50.2,54.3,41,43.7,46.5,49.3,52.2,67.8,47.35555556,1.864391951
1/1/1970,63.6,67.5,71.4,75.3,82.6,90,70.3,72.7,78.3,82.3,86.5,94,74,79.6,83.7,87.8,93.7,114.6,81.55,3.210629921
2/1/1970,16.5,16.9,17.7,19,20.2,21.5,17.5,18.4,19.2,20,21.3,22.9,19,19.8,20.7,21.9,23.2,26.1,20.1,0.791338583
3/1/1970,12.8,13.5,14.2,16.1,18.5,22.2,13.7,15.1,15.8,17.8,19.7,23.6,15.3,16.6,18.7,20.1,22.2,30.6,18.13888889,0.714129484
4/1/1970,8.2,8.3,9.2,10.2,11.2,13.8,8.5,8.7,9.6,10.5,11.4,13.9,8.1,8.9,9.8,10.7,11.6,18.4,10.61111111,0.41776028
5/1/1970,0.3,0.3,0.3,0.3,0.3,0.3,0.3,0.3,0.3,0.3,0.3,0.3,0.3,0.3,0.3,0.3,0.3,0.3,0.3,0.011811024
6/1/1970,36.9,37.9,38.9,39.8,40.8,44.5,37.1,38.2,39.2,40.3,41.3,42.4,34.8,35.9,39.6,40.7,41.9,45.9,39.78333333,1.566272966
7/1/1970,6.2,5.9,5.5,5.2,4.8,4.5,5.8,5.5,5.1,4.4,4.4,4.1,5.5,5.1,4.4,4,3.7,4.2,4.905555556,0.193132109
8/1/1970,7.9,7,6.7,6.5,6.7,6.4,7.1,6.8,6.5,6.3,6,5.7,6.9,6.6,6.4,6.1,5.8,6.9,6.572222222,0.258748906
9/1/1970,0.4,0.4,0.4,0.4,0.5,0.5,0.3,0.3,0.4,0.4,0.4,0.4,0.3,0.3,0.3,0.3,0.4,0.4,0.377777778,0.014873141
10/1/1970,1.8,1.9,2.1,2.2,2.4,2.7,1.8,2.1,2.2,2.4,2.5,3,2,2.1,2.4,2.7,2.9,4,2.4,0.094488189
11/1/1970,52.4,56.3,58.5,62.5,70.2,76.2,56.8,60.8,64.7,66.9,72.8,78.7,61.4,65.3,69.3,73.3,77.3,102.1,68.08333333,2.680446194
12/1/1970,46.3,49.8,53.5,55.7,62.4,67.8,50.9,54.6,56.9,60.7,64.6,70.1,54.2,58,61.8,65.8,69.8,90.9,60.76666667,2.392388452
1/1/1971,15.3,16.3,17.3,18.4,20.3,22.2,15.9,16.6,18,19,20.1,22,15.8,17.1,18.1,19.2,20.7,25.5,18.76666667,0.738845144
2/1/1971,7.5,7.7,8,8.5,9,9.5,7.8,8.2,8.5,8.8,9.3,10,8.4,8.7,9,9.5,10,11.3,8.872222222,0.349300087
3/1/1971,13.1,13.9,14.8,16.9,19.7,23.8,13.3,14.7,15.6,17.7,19.9,24,14,15.5,17.5,19.1,21.3,29.5,18.01666667,0.709317585
4/1/1971,6.1,6.1,6.5,6.9,7.4,8.8,6.7,6.7,7.1,7.5,8,9.4,6.8,7.3,7.7,8.2,8.6,13.2,7.722222222,0.304024497
5/1/1971,39.7,39.9,42.7,42.8,42.9,45.8,40.5,43.3,43.5,43.7,46.6,49.5,43.9,44.1,44.3,47.3,47.5,53.4,44.52222222,1.752843394
6/1/1971,5.6,5.6,5.5,5.5,5.4,5.8,5.4,5.4,5.3,5.3,5.3,5.2,4.9,4.8,5.2,5.1,5.1,5.4,5.322222222,0.209536308
7/1/1971,7.7,7.6,7.5,7.4,7.3,7.2,7.5,7.4,7.3,6.6,7.1,7,7.3,7.2,6.5,6.4,6.3,7.9,7.177777778,0.282589676
8/1/1971,21.9,19.8,19.4,19,20.2,19.7,19.2,18.8,18.5,18.1,17.7,17.3,18.2,17.8,17.5,17.2,16.8,20.6,18.76111111,0.738626422
9/1/1971,8,8.1,8.3,9,9.7,9.9,8.1,8.3,9,9.2,10,10.2,8.3,8.5,9.2,9.4,10.2,11.6,9.166666667,0.360892388
10/1/1971,13.2,12.7,13.3,12.8,13.3,13.6,12.6,13.1,12.5,12.9,12.3,13.4,13,12.4,12.7,12.9,13,16.1,13.1,0.515748031
11/1/1971,31.3,33.3,34.3,36.2,40.3,43.3,33.3,35.3,37.2,38.1,41,44,35.2,37.2,39.1,41,42.8,56.1,38.83333333,1.528871391
12/1/1971,77.4,81.2,84.8,86,93.9,99.4,83.7,87.2,88.3,91.5,94.7,99.9,87.6,90.8,93.9,96.9,99.7,125.9,92.37777778,3.636920385
1/1/1972,6.1,6.6,7.2,7.7,8.7,9.6,6.9,7.3,8,8.6,9.2,10.2,7.3,8.1,8.7,9.3,10.1,12.6,8.455555556,0.332895888
2/1/1972,8.2,8.7,9.4,10.3,11.3,12.3,8.8,9.5,10.3,11.1,12.1,13.4,9.7,10.4,11.2,12.3,13.4,15.6,11,0.433070866
3/1/1972,0.3,0.3,0.3,0.4,0.5,0.6,0.3,0.3,0.3,0.4,0.5,0.6,0.3,0.3,0.4,0.4,0.5,0.7,0.411111111,0.016185477
4/1/1972,8.8,9,10,11.1,12.2,15.2,9.6,9.8,10.9,12,13.2,16.2,9.6,10.7,11.8,13,14.2,22.7,12.22222222,0.481189851
5/1/1972,5.2,5.1,5.4,5.3,5.2,5.4,5.2,5.4,5.3,5.2,5.4,5.6,5.4,5.3,5.2,5.5,5.4,5.9,5.355555556,0.210848644
6/1/1972,24.5,24.3,24.1,24,23.8,25.2,24.7,24.6,24.4,24.3,24.1,24,23.3,23.2,24.7,24.6,24.4,25.9,24.33888889,0.958223972
7/1/1972,4.3,4.4,4.5,4.5,4.6,4.7,4.6,4.7,4.8,4.4,4.9,5,4.9,5,4.7,4.7,4.8,6.3,4.766666667,0.187664042
8/1/1972,13.5,12.5,12.5,12.5,13.5,13.5,12.4,12.5,12.5,12.5,12.5,12.5,12.4,12.4,12.5,12.5,12.5,15.6,12.82222222,0.504811898
9/1/1972,18.5,18.3,18.2,19.3,20.3,20.1,18.5,18.4,19.5,19.3,20.4,20.2,18.5,18.4,19.5,19.4,20.4,22.7,19.43888889,0.765310586
10/1/1972,16.8,16.3,17.2,16.8,17.6,18.3,15.4,16.3,15.9,16.7,16.2,18,15.3,14.9,15.7,16.3,16.9,21.6,16.78888889,0.660979878
11/1/1972,32.1,34.8,36.4,39.1,44.3,48.3,35.9,38.8,41.7,43.5,47.8,52.1,40,43,46.2,49.4,52.7,70.4,44.25,1.742125984
12/1/1972,24.3,26.3,28.3,29.5,33.2,36.2,26.8,28.8,30.2,32.3,34.5,37.6,28.6,30.7,32.9,35.1,37.4,48.9,32.31111111,1.272090989
1/1/1973,40,42,44.1,46.2,50.2,54.3,44.1,45.1,48.2,50.2,52.3,56.3,46.3,49.2,51.3,53.3,56.3,68.2,49.86666667,1.963254593
2/1/1973,58.3,60.2,63.6,68.6,73.7,78.8,61.3,64.7,68.2,71.8,76.9,83.6,65.7,69.2,72.8,78,83.2,94.7,71.85,2.828740157
3/1/1973,27.6,28.4,29.2,32.2,36.2,42.4,28.8,30.7,31.5,34.5,37.3,43.5,31.2,33.1,36.1,37.9,40.7,54.5,35.32222222,1.39063867
4/1/1973,3.2,3.2,3.5,3.9,4.2,5.2,3.3,3.4,3.7,4,4.4,5.3,3.2,3.5,3.8,4.2,4.5,7.2,4.094444444,0.1611986
5/1/1973,6.5,6.5,6.9,6.8,6.8,7.1,6.6,7,6.9,6.8,7.2,7.6,7.1,7,6.9,7.3,7.2,8,7.011111111,0.276027996
6/1/1973,9.9,9.7,9.6,9.4,9.3,9.8,9.8,9.6,9.5,9.3,9.2,9,9,8.9,9.3,9.2,9,9.5,9.388888889,0.369641295
7/1/1973,0.9,0.8,0.8,0.8,0.7,0.7,0.8,0.8,0.7,0.7,0.7,0.6,0.8,0.7,0.6,0.6,0.6,0.7,0.722222222,0.028433946
8/1/1973,14.8,13.6,13.6,13.5,14.6,14.6,13.6,13.6,13.5,13.4,13.4,13.3,13.6,13.5,13.4,13.3,13.2,16.4,13.82777778,0.5444007
9/1/1973,0.6,0.6,0.6,0.7,0.7,0.8,0.6,0.6,0.7,0.7,0.7,0.8,0.6,0.6,0.7,0.7,0.7,0.9,0.683333333,0.026902887
10/1/1973,13.6,13.9,15.5,15.9,17.6,19.3,13.8,15.4,15.9,17.6,18,21.2,15.3,15.8,17.5,19.3,21.1,28.5,17.51111111,0.689413823
11/1/1973,48.6,52.1,54,57.6,64.6,69.9,51.6,55.1,58.6,60.5,65.7,71,54.5,58,61.5,65,68.6,90.6,61.52777778,2.422353456
12/1/1973,39.7,43,46.4,48.6,54.7,59.7,43.1,46.5,48.8,52.4,56.1,61.2,45.3,48.9,52.5,56.2,60.1,78.7,52.32777778,2.060148731
1/1/1974,35.4,37.3,39.2,41,44.7,48.3,39.2,40.2,43,44.9,46.8,50.4,41.3,44.1,46,47.9,50.7,61.5,44.55,1.753937008
2/1/1974,5.3,5.6,6,6.6,7.3,7.9,5.7,6.1,6.6,7.1,7.7,8.6,6.2,6.7,7.2,7.9,8.6,10,7.061111111,0.2779965
3/1/1974,23.5,25,26.4,30.1,35,42.2,24.8,27.3,28.9,32.7,36.5,43.9,27.1,29.8,33.5,36.3,40.3,55.9,33.28888889,1.310586177
4/1/1974,12.2,12.4,13.8,15.2,16.6,20.5,13.8,14.1,15.5,16.9,18.4,22.5,14.3,15.8,17.3,18.8,20.3,32.2,17.25555556,0.679352581
5/1/1974,1.9,1.9,2,1.9,1.9,2,1.9,2,2,2,2.1,2.2,2.1,2.1,2.1,2.2,2.1,2.3,2.038888889,0.080271216
6/1/1974,0.2,0.2,0.2,0.2,0.3,0.3,0.2,0.2,0.2,0.2,0.3,0.3,0.1,0.2,0.2,0.2,0.3,0.3,0.227777778,0.008967629
7/1/1974,47.7,48.3,48.8,49.4,49.9,50.5,47.9,48.5,49,45.5,50.2,50.7,48.1,48.7,45.1,45.7,46.2,59.5,48.87222222,1.924103237
8/1/1974,6.3,5.6,5.4,5.2,5.4,5.1,5.2,5,4.9,4.7,4.5,4.3,4.7,4.5,4.3,4.1,4,4.7,4.883333333,0.192257218
9/1/1974,0.1,0.1,0.1,0.1,0.1,0.1,0.1,0.1,0.1,0.1,0.1,0.1,0.1,0.1,0.1,0.1,0.1,0.1,0.1,0.003937008
10/1/1974,23.9,23.4,24.9,24.4,25.8,27.1,24.3,25.8,25.2,26.6,26,29,26.7,26.1,27.5,28.8,29.9,38.3,26.87222222,1.057961505
11/1/1974,35.4,36.9,37.1,38.4,41.7,43.8,36.4,37.7,38.8,38.7,40.6,42.3,37.3,38.3,39.1,39.8,40.4,51.2,39.66111111,1.561461067
12/1/1974,26.7,28.4,30.1,31,34.4,37,29.1,30.9,31.8,33.5,35.3,37.9,30.8,32.5,34.3,36,37.8,48.6,33.67222222,1.32567804
1/1/1975,14.7,15.6,16.5,17.4,19,20.7,16.1,16.7,17.9,18.9,19.9,21.6,16.8,18.1,19.1,20,21.4,26.3,18.70555556,0.736439195
2/1/1975,44.6,46.5,49.7,54.2,58.9,63.6,46.5,49.8,53,56.4,61.1,67.2,49.6,52.9,56.3,61,65.8,75.7,56.26666667,2.215223097
3/1/1975,39.4,41.2,43,48.2,55.2,65.7,40.1,43.5,45.2,50.3,55.4,65.5,42.4,45.7,50.6,53.8,58.7,80,51.32777778,2.020778653
4/1/1975,15.8,16.2,18,19.9,21.9,27.1,17.2,17.6,19.5,21.4,23.4,28.7,17.2,19,20.9,22.9,25,39.9,21.75555556,0.856517935
5/1/1975,6.4,6.4,6.8,6.8,6.8,7.3,6.1,6.5,6.5,6.5,6.9,7.4,6.2,6.2,6.2,6.6,6.6,7.4,6.644444444,0.261592301
6/1/1975,6.2,6.2,6.1,6.1,6,6.3,6.1,6.1,6,5.9,5.9,5.8,5.6,5.6,5.9,5.8,5.7,6,5.961111111,0.234689414
7/1/1975,1.7,1.7,1.8,1.9,2,2.1,1.7,1.8,1.9,1.8,2,2.1,1.8,1.8,1.7,1.8,1.8,2.4,1.877777778,0.073928259
8/1/1975,48.1,45.8,47.1,48.5,54,55.4,45.4,46.8,48.2,49.5,50.9,52.3,46.3,47.7,49.2,50.6,52.1,66.9,50.26666667,1.979002625
9/1/1975,12.2,11.8,11.4,11.8,12,11.6,12.3,11.9,12.2,11.7,11.9,11.4,12.4,11.9,12.2,11.7,11.8,12.6,11.93333333,0.469816273
10/1/1975,21.1,21.6,24,24.5,27,29.5,21.5,23.9,24.5,27,27.6,32.2,23.8,24.4,26.9,29.5,32.3,43.3,26.92222222,1.059930009
11/1/1975,9.8,10.4,10.8,11.4,12.8,13.8,10.2,10.8,11.5,11.9,12.9,13.9,10.5,11.2,11.9,12.6,13.3,17.5,12.06666667,0.475065617
12/1/1975,6,6.3,6.6,6.8,7.5,8,6.3,6.7,6.8,7.1,7.4,7.8,6.5,6.8,7.1,7.3,7.6,9.7,7.127777778,0.280621172
1/1/1976,5.8,5.9,6.1,6.2,6.6,7,5.8,5.8,6.1,6.2,6.3,6.6,5.5,5.7,5.8,5.9,6.1,7.3,6.15,0.242125984
2/1/1976,50,50.5,52.2,55.1,57.8,60.4,52.3,54,55.7,57.2,59.9,63.6,56,57.6,59.1,61.7,64.3,71.3,57.70555556,2.271872266
3/1/1976,11.1,11.6,12.1,13.6,15.6,18.5,11.5,12.5,13,14.5,16,18.9,12.5,13.5,14.9,15.9,17.4,23.7,14.82222222,0.583552056
4/1/1976,9.8,9.6,10.2,10.8,11.4,13.5,11,10.8,11.4,11.9,12.5,14.6,11.3,11.9,12.5,13.1,13.6,20.7,12.25555556,0.482502187
5/1/1976,7.5,7.3,7.5,7.3,7.1,7.3,7.6,7.9,7.6,7.3,7.5,7.6,8.3,8,7.7,7.8,7.5,8,7.6,0.299212598
6/1/1976,12.5,12.2,11.9,11.6,11.3,11.8,12.9,12.6,12.3,12.1,11.8,11.5,12.5,12.2,12.8,12.5,12.2,12.7,12.18888889,0.479877515
7/1/1976,27.6,27.1,26.7,26.3,25.8,25.4,27.1,26.7,26.3,23.8,25.5,25.1,26.7,26.3,23.8,23.4,23.1,29,25.87222222,1.018591426
8/1/1976,61.9,58.3,59.5,60.7,67.1,68.4,58.5,59.8,61,62.2,63.4,64.7,60,61.2,62.5,63.7,65,82.8,63.37222222,2.494969379
9/1/1976,39.2,38.8,38.5,40.8,42.9,42.6,39.9,39.6,41.9,41.5,43.7,43.3,40.7,40.4,42.7,42.3,44.5,49.3,41.81111111,1.646106737
10/1/1976,9.4,9.3,9.9,9.8,10.4,11,9.5,10.2,10.1,10.8,10.6,12,10.5,10.4,11.1,11.7,12.4,16.2,10.85,0.427165354
11/1/1976,6.8,7.4,7.7,8.3,9.4,10.3,7.6,8.2,8.9,9.3,10.2,11.1,8.5,9.2,9.8,10.5,11.3,15.1,9.422222222,0.370953631
12/1/1976,3.2,3.5,3.9,4.1,4.7,5.2,3.8,4.2,4.5,4.9,5.3,5.9,4.3,4.8,5.2,5.7,6.2,8.3,4.872222222,0.191819773
1/1/1977,18.7,19.4,20,20.6,22.1,23.5,20.1,20.2,21.2,21.8,22.3,23.6,20.5,21.4,21.9,22.4,23.3,27.7,21.70555556,0.854549431
2/1/1977,10,10.4,11.1,12.1,13.1,14.2,10.3,10.9,11.6,12.3,13.3,14.6,10.7,11.4,12.1,13,14,16.1,12.28888889,0.483814523
3/1/1977,6.7,7,7.3,8.2,9.4,11.2,7.1,7.7,8,8.9,9.9,11.7,7.7,8.3,9.3,9.9,10.9,14.9,9.116666667,0.358923885
4/1/1977,1,1,1.1,1.1,1.2,1.5,1,1,1.1,1.2,1.2,1.5,1,1.1,1.1,1.2,1.3,1.9,1.194444444,0.047025372
5/1/1977,35,35,37.2,37.2,37.1,39.4,35.5,37.8,37.8,37.7,40,42.3,38.4,38.4,38.3,40.6,40.6,45.2,38.52777778,1.516841645
6/1/1977,42.3,41.5,40.8,40,39.2,41,42.2,41.4,40.7,39.9,39.1,38.4,39.3,38.6,40.6,39.8,39,40.8,40.25555556,1.584864392
7/1/1977,2.9,2.8,2.7,2.5,2.4,2.3,2.8,2.7,2.5,2.2,2.2,2.1,2.7,2.5,2.2,2,1.9,2.2,2.422222222,0.09536308
8/1/1977,10.5,9.2,8.7,8.2,8.3,7.7,10,9.4,8.9,8.3,7.8,7.2,10.2,9.7,9.1,8.5,7.9,9.2,8.822222222,0.347331584
9/1/1977,2.7,2.8,2.8,3.1,3.3,3.4,2.7,2.8,3,3.1,3.3,3.4,2.7,2.8,3,3.1,3.4,3.8,3.066666667,0.120734908
10/1/1977,1.4,1.4,1.5,1.5,1.6,1.7,1.4,1.5,1.5,1.7,1.7,1.9,1.6,1.6,1.7,1.9,2,2.6,1.677777778,0.066054243
11/1/1977,19,20.7,21.9,23.7,27,29.7,20.1,21.8,23.7,24.9,27.5,30.3,21.1,22.9,24.8,26.7,28.7,38.6,25.17222222,0.991032371
12/1/1977,66.6,70.8,75,77.2,85.6,91.9,71.9,76.2,78.5,82.8,87.2,93.6,75.1,79.5,83.9,88.4,92.9,119.7,83.15555556,3.27384077
1/1/1978,64.5,67.3,70,72.7,78.4,84.1,71.2,72.3,76.5,79.1,81.7,87.2,74.8,79,81.5,84,88,105.8,78.78333333,3.101706037
2/1/1978,76.3,77.2,80,84.5,88.9,93.2,80.5,83.2,85.8,88.4,92.6,98.6,86.6,89.2,91.7,96,100.1,111.3,89.11666667,3.508530184
3/1/1978,44.2,45.7,47.2,52.4,59.3,69.8,46.2,49.6,51,56.1,61.2,71.6,50.2,53.5,58.7,61.8,66.7,89.8,57.5,2.263779528
4/1/1978,25.2,25.4,27.9,30.5,33.1,40.5,28,28.2,30.9,33.6,36.3,44,28.5,31.2,34,36.8,39.7,62.8,34.25555556,1.34864392
5/1/1978,1,0.9,1,0.9,0.9,0.9,0.9,1,0.9,0.9,0.9,0.9,1,0.9,0.9,0.9,0.9,0.9,0.922222222,0.036307961
6/1/1978,1.9,1.9,1.9,2,2,2.2,1.8,1.9,1.9,2,2,2,1.6,1.7,1.9,1.9,2,2.1,1.927777778,0.075896763
7/1/1978,3.7,3.7,3.7,3.6,3.6,3.6,4.1,4,4,3.6,3.9,3.8,4.4,4.3,3.9,3.8,3.8,4.7,3.9,0.153543307
8/1/1978,6.3,5.8,5.9,5.9,6.5,6.5,5.8,5.8,5.9,5.9,6,6,5.7,5.8,5.8,5.9,5.9,7.5,6.05,0.238188976
9/1/1978,59,59.5,60.1,64.7,69.4,70.1,60.1,60.7,65.4,66.1,71,71.7,61.3,61.9,66.8,67.5,72.5,81.8,66.08888889,2.601924759
10/1/1978,7.7,7.3,7.5,7.1,7.2,7.2,7.3,7.4,7,7.1,6.6,7,7.4,7,7,6.9,6.8,8.2,7.205555556,0.28368329
11/1/1978,26.6,28.5,29.4,31.3,35,37.9,28.3,30.3,32.2,33.2,36.1,39,30,32,34,36,38,50.3,33.78333333,1.330052493
12/1/1978,25.9,27.4,28.9,29.6,32.5,34.7,27.3,28.7,29.4,30.7,32.1,34.2,27.8,29.1,30.5,31.8,33,42.2,30.87777778,1.215660543
1/1/1979,50.7,53.8,56.9,60.1,65.9,71.8,56.2,58.1,62.6,65.9,69.2,75.3,59.3,63.8,67.1,70.5,75.3,92.2,65.26111111,2.569335083
2/1/1979,45.5,47,49.7,53.7,57.7,61.7,48,50.8,53.6,56.4,60.5,65.9,51.7,54.6,57.4,61.6,65.8,75,56.47777778,2.223534558
3/1/1979,26.5,27.5,28.4,31.5,35.7,42,27.7,29.8,30.6,33.8,36.8,43.1,30,32.1,35.2,37.1,40.2,54.2,34.56666667,1.360892389
4/1/1979,4.4,4.4,4.9,5.3,5.8,7.1,4.6,4.7,5.1,5.6,6.1,7.3,4.5,4.9,5.4,5.8,6.3,9.9,5.672222222,0.223315836
5/1/1979,8.1,8,8.5,8.5,8.4,8.9,8.2,8.7,8.6,8.6,9.1,9.6,8.9,8.8,8.8,9.3,9.3,10.3,8.811111111,0.346894138
6/1/1979,1.8,1.7,1.6,1.5,1.4,1.4,1.8,1.6,1.5,1.4,1.3,1.2,1.6,1.4,1.4,1.3,1.2,1.1,1.455555556,0.057305337
7/1/1979,26.8,26.9,26.9,26.9,26.9,26.9,27.4,27.4,27.5,25.2,27.5,27.6,27.9,28,25.7,25.8,25.8,33,27.22777778,1.071959755
8/1/1979,11.7,10.1,9.5,8.9,8.9,8.2,10.1,9.6,9,8.4,7.8,7.2,9.5,9,8.5,7.9,7.4,8.6,8.905555556,0.350612423
9/1/1979,1.8,1.7,1.5,1.5,1.4,1.3,1.9,1.8,1.7,1.5,1.4,1.2,2,1.8,1.8,1.6,1.4,1.4,1.594444444,0.062773403
10/1/1979,10,10.4,11.6,12,13.3,14.6,10.2,11.4,11.8,13.1,13.5,15.9,11.3,11.7,13,14.3,15.7,21.2,13.05555556,0.51399825
11/1/1979,17.1,18.6,19.6,21.2,24.2,26.6,18.7,20.3,22,23.1,25.6,28.1,20.3,22,23.8,25.7,27.6,37.2,23.42777778,0.922353456
12/1/1979,26.7,28.8,31,32.4,36.4,39.6,28.6,30.7,32.1,34.3,36.6,39.8,29.5,31.7,33.9,36.1,38.5,50.2,34.27222222,1.349300087
1/1/1980,82,86,90.1,94.1,102.2,110.3,90,92,98.1,102.2,106.2,114.3,94,100.1,104.1,108.2,114.3,138.4,101.4777778,3.995188102
2/1/1980,65.9,67.7,71.2,76.3,81.5,86.7,70,73.4,76.8,80.2,85.4,92.2,75.8,79.2,82.6,87.6,92.7,104.6,80.54444444,3.17104112
3/1/1980,20.6,21.4,22.1,24.7,28,33.1,21.5,23.1,23.8,26.3,28.7,33.7,23.2,24.8,27.3,28.8,31.2,42.2,26.91666667,1.059711286
4/1/1980,9.4,9.3,10.1,10.9,11.7,14.1,10.4,10.3,11,11.7,12.5,14.8,10.5,11.2,11.9,12.6,13.2,20.4,12,0.472440945
5/1/1980,21,20.9,22.3,22.3,22.2,23.6,20.7,22.1,22,22,23.4,24.8,21.7,21.8,21.8,23.2,23.2,26,22.5,0.885826772
6/1/1980,1.1,1.1,1.1,1.1,1.2,1.3,1,1.1,1.1,1.1,1.2,1.2,0.9,1,1.1,1.1,1.2,1.3,1.122222222,0.044181977
7/1/1980,11.3,11.5,11.6,11.8,11.9,12.1,11.3,11.4,11.6,10.8,12,12.2,11.2,11.4,10.7,10.9,11.1,14.3,11.61666667,0.457349081
8/1/1980,1.5,1.4,1.4,1.4,1.6,1.6,1.4,1.4,1.4,1.4,1.4,1.4,1.3,1.3,1.3,1.3,1.3,1.7,1.416666667,0.055774278
9/1/1980,15.1,14.3,13.5,13.6,13.6,12.8,14.4,13.5,13.6,12.7,12.6,11.7,13.6,12.8,12.7,11.8,11.6,11.9,13.1,0.515748031
10/1/1980,3.3,3.3,3.5,3.5,3.7,4,3.3,3.5,3.5,3.8,3.7,4.2,3.5,3.5,3.8,4,4.3,5.5,3.772222222,0.148512686
11/1/1980,17.7,18.3,18.3,18.7,20.1,20.9,18.1,18.5,18.9,18.7,19.4,20,18.3,18.6,18.9,19,19.1,23.9,19.18888889,0.755468067
12/1/1980,20.5,21.7,22.9,23.4,25.7,27.5,22.1,23.2,23.6,24.7,25.7,27.4,22.9,23.9,24.9,25.9,26.9,34.2,24.83888889,0.977909011
1/1/1981,45.9,48,50.1,52.1,56.4,60.6,50.6,51.6,54.8,56.9,58.9,63.2,53.1,56.4,58.5,60.6,63.8,77,56.58333333,2.227690289
2/1/1981,18.3,18.7,19.4,20.6,21.8,23,19.2,19.9,20.7,21.4,22.6,24.2,20.4,21.2,21.9,23.1,24.2,27.1,21.53888889,0.847987752
3/1/1981,30.7,31.7,32.7,36.3,41,48.2,32.4,34.7,35.6,39.2,42.6,49.8,35.4,37.7,41.3,43.4,46.8,62.9,40.13333333,1.580052493
4/1/1981,11.4,11.2,12.1,12.9,13.6,16.3,12.5,12.3,13,13.8,14.5,17,12.5,13.3,14,14.7,15.3,23.3,14.09444444,0.554899387
5/1/1981,15.1,14.7,15.2,14.8,14.3,14.7,14.7,15.3,14.8,14.3,14.7,15.1,15.4,14.9,14.4,14.8,14.2,15.3,14.81666667,0.583333333
6/1/1981,0,0,0,0,0,0,0,0,0,0,0,0,0,0,0,0,0,0,0,0
7/1/1981,2.6,2.8,3.1,3.3,3.6,3.8,2.5,2.8,3.1,3,3.6,3.8,2.5,2.8,2.8,3,3.3,4.5,3.161111111,0.124453193
8/1/1981,5,4.5,4.4,4.3,4.5,4.4,4.6,4.5,4.4,4.3,4.2,4,4.6,4.5,4.4,4.3,4.2,5.1,4.455555556,0.175415573
9/1/1981,2.2,2.2,2.2,2.4,2.6,2.7,2.2,2.2,2.4,2.4,2.6,2.6,2.1,2.1,2.3,2.4,2.5,2.9,2.388888889,0.094050744
10/1/1981,16.9,17.2,19,19.4,21.2,23.1,17.1,18.8,19.2,21.1,21.5,25,18.6,19,20.9,22.8,24.8,33.1,21.03888889,0.828302712
11/1/1981,40.1,43.4,45.2,48.6,54.9,59.9,42.9,46.2,49.6,51.6,56.5,61.5,45.8,49.1,52.5,56,59.5,79.2,52.36111111,2.061461067
12/1/1981,26.2,28.7,31.2,33,37.6,41.4,28.6,31.2,33,35.8,38.6,42.5,30.2,32.9,35.7,38.5,41.5,54.8,35.63333333,1.402887139
1/1/1982,48.9,51.6,54.4,57.3,62.6,68,53.5,55.2,59.2,62.2,65.1,70.6,55.7,59.9,62.8,65.9,70.2,85.7,61.6,2.42519685
2/1/1982,28.5,29.7,31.7,34.4,37.3,40.2,30,32,34,36.1,39,42.8,32.3,34.3,36.4,39.3,42.3,48.5,36.04444444,1.419072616
3/1/1982,39.1,40.8,42.5,47.6,54.4,64.7,41.3,44.7,46.5,51.7,56.9,67.2,45.3,48.8,54,57.6,62.8,85.5,52.85555556,2.080927384
4/1/1982,24.2,24.2,26.4,28.6,30.8,37.4,26.7,26.7,28.9,31.1,33.3,39.9,27.1,29.3,31.5,33.6,35.8,55.8,31.73888889,1.249562555
5/1/1982,4.1,4.1,4.3,4.3,4.3,4.6,4,4.3,4.2,4.2,4.5,4.7,4.2,4.2,4.2,4.4,4.4,4.9,4.327777778,0.170384952
6/1/1982,38.9,38.2,37.6,36.9,36.3,38,38.4,37.8,37.2,36.5,35.9,35.2,35.5,34.9,36.7,36.1,35.5,37.2,36.82222222,1.449693788
7/1/1982,20.8,20.6,20.5,20.4,20.2,20.1,21.2,21.1,20.9,19.1,20.6,20.5,21.6,21.5,19.6,19.4,19.3,24.4,20.65555556,0.813210849
8/1/1982,24.9,22.6,22.2,21.8,23.2,22.8,23.6,23.2,22.8,22.4,22,21.6,24.1,23.7,23.3,22.9,22.5,27.6,23.17777778,0.912510936
9/1/1982,50.2,50.8,51.4,55.4,59.6,60.2,50.9,51.6,55.7,56.4,60.6,61.3,51.7,52.3,56.6,57.3,61.7,69.8,56.30555556,2.216754156
10/1/1982,29,29.2,31.8,32,34.7,37.4,29.1,31.7,31.9,34.5,34.6,39.7,31.7,31.8,34.3,36.9,39.5,52,34.54444444,1.360017498
11/1/1982,65,69,70.8,74.7,82.9,88.8,69.9,73.9,77.9,79.5,85.5,91.5,74.9,78.9,82.8,86.6,90.4,118.2,81.17777778,3.195975503
12/1/1982,50.4,53.3,56.1,57.4,63.3,67.6,55.9,58.7,59.9,62.6,65.4,69.6,59.9,62.6,65.3,68,70.6,89.9,63.13888889,2.485783027
1/1/1983,67.1,70,72.9,75.7,81.8,87.7,73.6,74.9,79.4,82.2,85,91,76.9,81.5,84.3,87.1,91.5,110.2,81.82222222,3.221347331
2/1/1983,52.4,54,57.1,61.5,66,70.5,55.8,58.9,62,65.2,69.7,75.8,60.8,63.9,67.1,71.7,76.4,86.8,65.31111111,2.571303587
3/1/1983,54.1,56.4,58.8,65.8,75.2,89.3,56.4,61.1,63.4,70.5,77.5,91.6,61.1,65.7,72.8,77.4,84.5,115,72.03333333,2.835958005
4/1/1983,24.2,24.4,26.8,29.2,31.7,38.7,26,26.2,28.6,31,33.4,40.4,25.7,28,30.3,32.7,35.1,55.2,31.53333333,1.241469816
5/1/1983,10.6,11,12.2,12.6,13,14.2,10.9,12.1,12.5,13,14.3,15.6,12,12.4,12.9,14.2,14.8,17.1,13.07777778,0.514873141
6/1/1983,8.7,8.6,8.4,8.2,8.1,8.4,8.3,8.1,7.9,7.8,7.6,7.4,7.3,7.1,7.5,7.3,7.1,7.4,7.844444444,0.308836395
7/1/1983,0,0,0,0,0,0,0,0,0,0,0,0,0,0,0,0,0,0,0,0
8/1/1983,61.9,57.6,58,58.5,63.9,64.3,57.5,57.9,58.4,58.9,59.4,59.9,57.8,58.3,58.8,59.3,59.9,75.5,60.32222222,2.374890639
9/1/1983,33.2,33.6,34,36.7,39.5,39.9,32.8,33.3,36,36.4,39.2,39.7,32.5,33,35.7,36.2,38.9,44.1,36.37222222,1.431977253
10/1/1983,9.4,9.3,9.9,9.7,10.2,10.8,9.4,10,9.8,10.4,10.2,11.4,10.2,10,10.5,11,11.5,14.8,10.47222222,0.412292213
11/1/1983,83.7,89.8,93,99.2,111.2,120.5,88.5,94.5,100.6,103.8,112.8,121.9,93.1,99.1,105.1,111.1,117.2,154.8,105.55,4.155511811
12/1/1983,72.8,76.7,80.7,82.4,90.5,96.4,79.7,83.6,85.3,89.1,92.9,98.8,84.5,88.4,92.2,95.9,99.6,127,89.80555556,3.535651794
1/1/1984,4.6,4.7,4.8,4.9,5.1,5.3,4.9,4.8,5,5,5,5.2,4.8,4.9,5,5,5.1,5.9,5,0.196850394
2/1/1984,24.3,24.9,26.1,27.9,29.7,31.5,25.5,26.7,27.9,29.1,30.9,33.4,27.3,28.6,29.8,31.6,33.4,37.7,29.23888889,1.151137358
3/1/1984,11.7,12.2,12.6,14,16,18.8,12.1,13,13.4,14.8,16.2,19,12.9,13.8,15.1,16,17.3,23.4,15.12777778,0.595581802
4/1/1984,7.7,7.7,8.3,9,9.6,11.6,8.2,8.1,8.8,9.4,10,11.9,8,8.6,9.2,9.8,10.4,16.1,9.577777778,0.377077865
5/1/1984,3.1,3.1,3.2,3.2,3.2,3.3,3,3.2,3.2,3.1,3.3,3.5,3.2,3.2,3.1,3.3,3.3,3.6,3.227777778,0.127077865
6/1/1984,17.8,18.2,18.6,19,19.4,21.2,18.1,18.5,18.9,19.4,19.8,20.2,17.1,17.5,19.2,19.7,20.1,22,19.15,0.753937008
7/1/1984,34.2,34,33.8,33.6,33.4,33.2,34.1,33.9,33.7,30.7,33.3,33.1,34,33.8,30.8,30.6,30.4,38.5,33.28333333,1.310367454
8/1/1984,10.7,9.2,8.5,7.9,7.8,7.1,10.7,10,9.2,8.4,7.6,6.9,11.6,10.7,9.8,8.9,8,8.9,8.994444444,0.354111986
9/1/1984,4.4,4.4,4.3,4.5,4.7,4.7,4.2,4.1,4.3,4.3,4.5,4.4,3.9,3.9,4.1,4,4.2,4.6,4.305555556,0.169510061
10/1/1984,16.1,16.1,17.5,17.5,18.9,20.3,16,17.4,17.4,18.8,18.8,21.5,17.3,17.4,18.7,20.1,21.4,28.1,18.85,0.742125984
11/1/1984,49.7,53.2,55,58.4,65.4,70.6,53.5,57,60.5,62.3,67.6,72.8,57.5,61,64.5,68,71.5,94.2,63.48333333,2.499343832
12/1/1984,19.5,20.3,21.1,21.3,23.1,24.2,22.8,23.6,23.8,24.5,25.1,26.3,25.7,26.5,27.2,27.9,28.5,35.7,24.83888889,0.977909011
1/1/1985,14.1,14.5,14.9,15.3,16.2,17.1,15.4,15.5,16.2,16.5,16.8,17.7,16.1,16.8,17.1,17.5,18.1,21.5,16.51666667,0.650262467
2/1/1985,13.3,13.9,14.9,16.3,17.7,19.1,14,15,16,17,18.4,20.3,15,16,17,18.5,19.9,22.9,16.95555556,0.667541557
3/1/1985,27.7,28.6,29.5,32.7,37,43.5,28.1,30.2,31.1,34.2,37.3,43.7,29.6,31.6,34.8,36.8,39.8,53.9,35.00555556,1.378171479
4/1/1985,3,3,3.2,3.4,3.6,4.3,3.2,3.2,3.4,3.6,3.9,4.6,3.2,3.4,3.6,3.9,4.1,6.4,3.722222222,0.146544182
5/1/1985,5.9,5.9,6.2,6.1,6.1,6.4,5.3,5.6,5.6,5.5,5.8,6.1,5.1,5,5,5.2,5.1,5.7,5.644444444,0.222222222
6/1/1985,13.1,12.9,12.7,12.5,12.3,12.9,14.6,14.4,14.1,13.8,13.6,13.3,15.1,14.8,15.5,15.1,14.8,15.4,13.93888889,0.548775153
7/1/1985,30.7,30.4,30,29.7,29.3,29,31.8,31.4,31,28.1,30.3,29.9,32.9,32.5,29.4,29,28.6,36,30.55555556,1.202974628
8/1/1985,3.1,3.2,3.5,3.8,4.4,4.7,3.2,3.5,3.9,4.2,4.5,4.9,3.5,3.9,4.2,4.6,5,6.7,4.155555556,0.163604549
9/1/1985,26.4,26.8,27.2,29.4,31.7,32.1,25.7,26.1,28.2,28.6,30.8,31.2,25,25.3,27.4,27.8,29.9,33.9,28.52777778,1.123140857
10/1/1985,15.6,15.6,16.8,16.7,18,19.2,15.5,16.8,16.7,18,17.9,20.4,16.8,16.7,18,19.2,20.4,26.8,18.06111111,0.711067367
11/1/1985,44.5,46.9,47.8,50.2,55.4,58.9,48.7,51.3,53.7,54.6,58.4,62.1,53.2,55.7,58.2,60.7,63,82,55.85,2.198818898
12/1/1985,25.3,26.8,28.2,28.9,31.9,34.1,27.2,28.7,29.4,30.9,32.4,34.6,28.4,29.9,31.4,32.8,34.3,44,31.06666667,1.223097113
1/1/1986,23.4,24.4,25.5,26.5,28.7,30.8,26.4,26.8,28.4,29.4,30.4,32.5,28.4,30,30.9,31.9,33.4,40.2,29.33333333,1.154855643
2/1/1986,112.1,115.1,120.9,129.6,138.3,147,116.5,122.1,127.7,133.4,141.9,153.2,123.4,128.9,134.4,142.6,150.9,170.3,133.7944444,5.267497811
3/1/1986,26.5,27.8,29.2,32.9,37.9,45.3,28.4,31,32.3,36,39.8,47.2,31.7,34.2,37.9,40.5,44.2,60.3,36.83888889,1.450349956
4/1/1986,8.4,8.3,8.9,9.5,10.1,12.1,9.2,9.1,9.6,10.2,10.7,12.6,9.3,9.8,10.4,10.9,11.3,17.3,10.42777778,0.410542432
5/1/1986,5.6,5.8,6.3,6.5,6.6,7.2,5.7,6.2,6.4,6.5,7.1,7.7,6.1,6.3,6.4,7,7.1,8.2,6.594444444,0.259623797
6/1/1986,1.9,1.8,1.7,1.6,1.5,1.5,1.7,1.6,1.6,1.5,1.4,1.3,1.5,1.4,1.5,1.4,1.3,1.3,1.527777778,0.060148731
7/1/1986,22.7,22.9,23,23.2,23.3,23.5,22.2,22.4,22.5,20.8,22.9,23,21.7,21.9,20.2,20.4,20.5,26.4,22.41666667,0.882545932
8/1/1986,3.3,2.9,2.8,2.6,2.7,2.6,3.1,2.9,2.8,2.6,2.5,2.4,3.1,2.9,2.8,2.6,2.5,2.9,2.777777778,0.10936133
9/1/1986,21.9,22.6,23.2,25.5,27.8,28.6,22.3,23,25.2,25.9,28.2,28.9,22.7,23.4,25.6,26.2,28.6,32.7,25.68333333,1.011154856
10/1/1986,1,1,1,1,1,1,1,1,0.9,1,0.9,1,0.9,0.9,0.9,0.9,1,1.2,0.977777778,0.038495188
11/1/1986,1.5,1.5,1.5,1.5,1.6,1.7,1.8,1.8,1.8,1.8,1.8,1.8,2.1,2.1,2.1,2,2,2.4,1.822222222,0.071741032
12/1/1986,11.8,12.5,13.2,13.5,14.8,15.8,13.3,14,14.3,15,15.7,16.8,14.4,15.1,15.9,16.6,17.3,22.2,15.12222222,0.59536308
1/1/1987,33.2,34.6,36,37.4,40.3,43.2,35.9,36.5,38.7,40.1,41.4,44.3,37,39.2,40.6,41.9,44,53.1,39.85555556,1.569116361
2/1/1987,32.2,33.3,35.1,37.8,40.5,43.3,33.8,35.7,37.5,39.4,42.1,45.7,36.3,38.1,40,42.7,45.4,51.6,39.47222222,1.554024497
3/1/1987,21.8,22.9,23.9,26.9,30.9,36.9,22.8,24.8,25.9,28.9,32,38,24.8,26.8,29.8,31.9,35,47.8,29.54444444,1.163167104
4/1/1987,3.6,3.5,3.8,4,4.2,5,3.9,3.8,4.1,4.3,4.5,5.4,3.8,4.1,4.3,4.6,4.9,7.5,4.405555556,0.173447069
5/1/1987,20.3,19.7,20.4,19.7,19.1,19.6,19.9,20.7,20,19.4,20,20.4,20.9,20.3,19.7,20.3,19.6,21.2,20.06666667,0.790026247
6/1/1987,6.1,5.8,5.6,5.3,5,5.1,6,5.7,5.4,5.2,4.9,4.6,5.5,5.2,5.3,5,4.8,4.8,5.294444444,0.208442695
7/1/1987,1.2,1.2,1.1,1.1,1,1,1.2,1.1,1.1,0.9,1,0.9,1.1,1,0.9,0.9,0.8,1,1.027777778,0.040463692
8/1/1987,0.3,0.2,0.2,0.2,0.2,0.2,0.2,0.2,0.2,0.2,0.2,0.2,0.2,0.2,0.2,0.2,0.2,0.3,0.211111111,0.008311461
9/1/1987,2.5,2.5,2.6,2.7,2.9,2.9,2.6,2.6,2.8,2.8,3,3,2.6,2.6,2.8,2.8,3,3.4,2.783333333,0.109580052
10/1/1987,19.7,19.6,21.2,21.2,22.8,24.4,19.5,21.1,21.1,22.7,22.7,25.9,20.9,20.9,22.6,24.2,25.8,33.9,22.78888889,0.89720035
11/1/1987,37.1,38.9,39.3,41,44.8,47.3,39.7,41.5,43.1,43.4,46,48.4,42.4,44,45.6,47,48.3,62.2,44.44444444,1.749781277
12/1/1987,32.6,34.3,36,36.6,40.1,42.7,35.5,37.2,37.8,39.5,41,43.6,37.4,39,40.7,42.3,43.8,55.8,39.77222222,1.56583552
1/1/1988,27.2,28.3,29.3,30.3,32.6,34.8,29.9,30.3,32,33,34,36.2,31.4,33.1,34.1,35,36.6,43.9,32.88888889,1.294838145
2/1/1988,10.5,10.5,10.8,11.2,11.6,12,11.1,11.3,11.6,11.8,12.2,12.8,11.9,12.1,12.4,12.8,13.3,14.6,11.91666667,0.469160105
3/1/1988,3.9,4,4.2,4.7,5.3,6.3,4.3,4.6,4.8,5.3,5.8,6.8,4.9,5.3,5.8,6.1,6.6,8.9,5.422222222,0.213473316
4/1/1988,30.6,30.1,32.2,34.2,36.1,43,33.2,32.6,34.7,36.7,38.5,45.4,33,35.1,37.2,39.1,41,62.9,37.53333333,1.477690289
5/1/1988,12.5,12.7,13.7,13.8,13.9,14.9,12.8,13.8,13.9,14.1,15.1,16.2,13.9,14,14.2,15.3,15.5,17.5,14.32222222,0.563867017
6/1/1988,9.2,9.2,9.2,9.2,9.2,9.8,9.1,9.1,9.1,9.1,9.1,9.1,8.4,8.4,9,9,9,9.5,9.094444444,0.358048994
7/1/1988,9,9.1,9.1,9.1,9.2,9.2,9.1,9.1,9.2,8.4,9.2,9.3,9.1,9.2,8.4,8.5,8.6,11,9.1,0.358267717
8/1/1988,7.3,6.5,6.3,6.1,6.4,6.2,6.4,6.2,6,5.8,5.6,5.4,6.2,6,5.8,5.6,5.4,6.5,6.094444444,0.239938758
9/1/1988,5.1,4.9,4.6,4.6,4.7,4.4,5.3,5,5.1,4.8,4.8,4.5,5.5,5.2,5.3,4.9,4.9,5.1,4.927777778,0.194006999
10/1/1988,0.8,0.7,0.8,0.8,0.8,0.8,0.7,0.8,0.7,0.8,0.8,0.8,0.8,0.7,0.8,0.8,0.8,1.1,0.794444444,0.03127734
11/1/1988,32.1,34.7,36.2,39,44.1,48.1,33.8,36.5,39.2,40.8,44.8,48.9,35.5,38.2,41,43.8,46.7,62.3,41.42777778,1.631014873
12/1/1988,35.7,37.6,39.5,40.3,44.2,47,39.6,41.5,42.3,44.1,45.9,48.7,42.5,44.3,46.2,48,49.8,63.3,44.47222222,1.750874891
1/1/1989,6.6,7.1,7.6,8.1,8.9,9.8,7.1,7.5,8.1,8.6,9.1,10,7.3,8,8.5,9,9.6,11.9,8.488888889,0.334208224
2/1/1989,20.9,20.9,21.5,22.4,23.3,24.2,21.4,22,22.6,23.1,24,25.4,22.4,23,23.6,24.7,25.7,28.5,23.31111111,0.91776028
3/1/1989,21.3,22.6,24,27.4,31.9,38.5,22.2,24.5,26,29.4,32.9,39.7,24.1,26.5,29.9,32.4,36,50,29.96111111,1.179571304
4/1/1989,3.6,3.6,4.1,4.5,4.9,6.1,3.8,3.9,4.3,4.7,5.1,6.3,3.7,4.1,4.5,4.9,5.3,8.4,4.766666667,0.187664042
5/1/1989,20.1,19.8,20.8,20.4,20,20.9,20.1,21.1,20.7,20.4,21.2,22.1,21.4,21,20.7,21.6,21.2,23.3,20.93333333,0.824146981
6/1/1989,17,17,16.9,16.8,16.8,17.8,16.2,16.2,16.1,16,16,15.9,14.4,14.3,15.3,15.2,15.1,16.1,16.06111111,0.632327209
7/1/1989,3.6,3.5,3.3,3.2,3.1,3,3.5,3.4,3.3,2.9,3.1,3,3.4,3.3,3,2.9,2.8,3.4,3.205555556,0.126202975
8/1/1989,21.4,19.9,20,20.1,21.8,21.9,19.9,20,20.1,20.2,20.3,20.4,19.9,20,20.2,20.3,20.4,25.6,20.68888889,0.814523185
9/1/1989,47.9,48.4,48.9,52.7,56.6,57.1,48.2,48.7,52.5,53.1,57,57.6,48.6,49.1,52.9,53.5,57.4,64.8,53.05555556,2.0888014
10/1/1989,14.2,14.6,16.3,16.7,18.4,20.2,14.2,15.8,16.2,18,18.4,21.6,15.3,15.8,17.5,19.2,21.1,28.4,17.88333333,0.704068241
11/1/1989,13,14,14.7,15.8,17.8,19.5,14,15.1,16.1,16.8,18.4,20,15,16.1,17.2,18.3,19.4,25.9,17.06111111,0.671697288
12/1/1989,0,0,0,0,0,0,0,0,0,0,0,0,0,0,0,0,0,0,0,0
1/1/1990,50.3,52.3,54.2,56,60.1,64.2,55,55.7,58.8,60.6,62.3,66.4,57.3,60.4,62.2,64,66.9,80.2,60.38333333,2.377296588
2/1/1990,28.8,29.7,31.3,33.7,36.1,38.6,29.8,31.4,33,34.6,37,40.2,31.5,33.1,34.7,37,39.3,44.6,34.68888889,1.365704287
3/1/1990,8.5,8.9,9.3,10.5,12.1,14.4,8.8,9.6,10,11.2,12.4,14.8,9.5,10.3,11.5,12.3,13.5,18.5,11.45,0.450787402
4/1/1990,21.5,21.2,22.8,24.3,25.8,30.8,23,22.7,24.2,25.7,27.1,32,22.6,24.1,25.6,27,28.4,43.7,26.25,1.033464567
5/1/1990,31.8,32.1,34.5,34.8,35,37.5,32.4,34.8,35,35.3,37.8,40.3,35.1,35.3,35.6,38.1,38.3,43.1,35.93333333,1.414698163
6/1/1990,3.5,3.6,3.6,3.6,3.7,3.9,3.4,3.4,3.5,3.5,3.5,3.6,3.1,3.1,3.4,3.4,3.4,3.7,3.494444444,0.137576553
7/1/1990,15.5,15.8,16.1,16.4,16.7,17,15.2,15.5,15.8,14.7,16.4,16.7,14.9,15.2,14.2,14.5,14.7,19.1,15.8,0.622047244
8/1/1990,5.8,5.4,5.4,5.4,5.8,5.8,5,5,5,5,5,5,4.6,4.6,4.6,4.6,4.6,5.7,5.127777778,0.201881015
9/1/1990,12.2,11.9,11.6,12.2,12.6,12.3,12,11.8,12.3,12,12.5,12.2,11.9,11.6,12.2,11.9,12.4,13.6,12.17777778,0.47944007
10/1/1990,1,1.1,1.2,1.2,1.4,1.5,1,1.1,1.2,1.3,1.3,1.6,1.1,1.1,1.2,1.4,1.5,2,1.288888889,0.050743657
11/1/1990,9.5,10.2,10.6,11.3,12.7,13.8,9.9,10.7,11.4,11.8,12.8,13.9,10.4,11.1,11.8,12.5,13.2,17.6,11.95555556,0.470691164
12/1/1990,18.9,19.9,20.9,21.2,23.3,24.8,20.1,21.1,21.4,22.4,23.3,24.7,20.7,21.6,22.5,23.4,24.3,30.9,22.52222222,0.886701662
1/1/1991,8.1,8.4,8.6,8.8,9.4,9.9,8.9,9,9.4,9.6,9.7,10.3,9.3,9.7,9.9,10.1,10.5,12.4,9.555555556,0.376202975
2/1/1991,17.2,17.7,18.5,19.8,21.1,22.4,18.2,19,19.9,20.8,22.1,23.8,19.6,20.4,21.3,22.6,23.9,27,20.85,0.820866142
3/1/1991,51.5,53.9,56.3,63.3,72.5,86.3,54.2,58.9,61.3,68.3,75.4,89.3,59.2,64,71,75.8,82.9,113.1,69.84444444,2.749781277
4/1/1991,3.7,3.8,4.2,4.7,5.2,6.4,3.9,3.9,4.4,4.8,5.2,6.4,3.7,4,4.4,4.9,5.3,8.4,4.85,0.190944882
5/1/1991,13.2,13.4,14.5,14.7,14.9,16,12.7,13.8,14,14.2,15.3,16.4,13.1,13.3,13.5,14.6,14.8,16.7,14.39444444,0.566710411
6/1/1991,15.9,16.2,16.5,16.7,17,18.4,15.7,15.9,16.2,16.4,16.7,16.9,14.4,14.6,15.9,16.1,16.3,17.7,16.30555556,0.641951006
7/1/1991,4.7,4.7,4.7,4.7,4.7,4.6,4.3,4.3,4.3,3.9,4.2,4.2,3.9,3.9,3.5,3.5,3.5,4.4,4.222222222,0.166229221
8/1/1991,9,8.7,9.1,9.5,10.7,11.1,8.2,8.5,8.9,9.2,9.5,9.9,8,8.3,8.6,8.9,9.2,11.9,9.288888889,0.365704287
9/1/1991,8.9,8.8,8.6,9,9.4,9.2,8.6,8.5,8.9,8.7,9.1,8.9,8.3,8.2,8.6,8.4,8.7,9.6,8.8,0.346456693
10/1/1991,15.7,15.9,17.4,17.5,19.1,20.6,16.2,17.7,17.8,19.4,19.6,22.6,18,18.2,19.7,21.3,23,30.4,19.45,0.765748031
11/1/1991,11.9,12.9,13.5,14.6,16.5,18.1,12.2,13.2,14.2,14.8,16.2,17.7,12.4,13.4,14.3,15.3,16.3,21.8,14.96111111,0.589020122
12/1/1991,28.7,30.2,31.7,32.3,35.5,37.7,31.6,33.2,33.8,35.4,36.8,39.2,33.8,35.4,36.9,38.4,40,51,35.64444444,1.403324584
1/1/1992,35.6,36.6,37.6,38.5,40.9,43.2,39.2,39.3,41.1,42,42.7,45,41.1,42.9,43.8,44.6,46.2,54.8,41.95,1.651574803
2/1/1992,49.9,51.1,53.5,57.3,61,64.8,53.3,55.9,58.4,60.9,64.7,69.8,58.2,60.8,63.4,67.3,71.2,80.3,61.21111111,2.409886264
3/1/1992,23,23.8,24.5,27.2,30.8,36.2,23.9,25.6,26.4,29,31.7,37.1,25.7,27.5,30.2,31.8,34.4,46.5,29.73888889,1.170822397
4/1/1992,3.3,3.2,3.4,3.6,3.8,4.5,3.6,3.6,3.8,4,4.2,4.9,3.7,3.9,4.2,4.4,4.6,7,4.094444444,0.1611986
5/1/1992,2.7,2.6,2.8,2.8,2.8,2.9,2.7,2.8,2.8,2.8,2.9,3.1,2.8,2.8,2.8,3,2.9,3.3,2.85,0.112204724
6/1/1992,16.8,17.2,17.7,18.1,18.5,20.2,16,16.4,16.8,17.2,17.6,18,14.2,14.6,16,16.4,16.7,18.2,17.03333333,0.670603674
7/1/1992,35.8,37,38.2,39.3,40.5,41.7,35.5,36.6,37.7,35.5,39.9,41,35.1,36.2,34.1,35,36,46.9,37.88888889,1.491688539
8/1/1992,6.4,5.9,5.8,5.7,6.1,6,5.8,5.7,5.7,5.6,5.5,5.4,5.7,5.6,5.5,5.4,5.4,6.6,5.766666667,0.227034121
9/1/1992,5.1,5.1,5,5.2,5.5,5.4,4.9,4.8,5,5,5.2,5.1,4.6,4.5,4.7,4.7,4.9,5.4,5.005555556,0.197069116
10/1/1992,13.8,13.9,15.2,15.3,16.6,17.9,14.2,15.5,15.6,17,17.1,19.7,15.8,15.9,17.3,18.7,20.2,26.7,17.02222222,0.670166229
11/1/1992,0.7,0.8,0.9,1,1.2,1.3,0.7,0.8,0.9,1,1.1,1.3,0.8,0.8,0.9,1,1.1,1.5,0.988888889,0.038932633
12/1/1992,67.4,71.7,76.1,78.4,86.9,93.5,73,77.3,79.6,84,88.4,94.8,76.5,80.8,85.1,89.5,93.8,120.8,84.31111111,3.319335083
1/1/1993,84,88,92,95.9,104,112,92.5,94.5,100.5,104.5,108.5,116.6,96.9,103.1,107.1,111.1,117.2,141.8,103.9,4.090551181
2/1/1993,56.8,58,60.6,64.6,68.6,72.5,60.4,63,65.6,68.2,72.2,77.6,65.5,68.1,70.7,74.8,78.8,88.6,68.58888889,2.700349956
3/1/1993,22.8,23.8,24.7,27.6,31.5,37.3,24,26,26.9,29.8,32.7,38.6,26.2,28.2,31.1,33.1,36,48.9,30.51111111,1.201224847
4/1/1993,4,4.1,4.6,5.1,5.6,7,4.3,4.4,4.9,5.4,5.9,7.3,4.3,4.7,5.2,5.7,6.2,9.9,5.477777778,0.215660542
5/1/1993,13.5,14,15.4,15.9,16.4,18,13.5,14.9,15.4,15.8,17.3,18.9,14.4,14.9,15.3,16.7,17.2,19.7,15.95555556,0.628171479
6/1/1993,26.7,27.2,27.7,28.2,28.6,31,26.7,27.2,27.7,28.1,28.6,29.1,24.9,25.3,27.6,28.1,28.6,31,27.90555556,1.09864392
7/1/1993,0,0,0,0,0,0,0,0,0,0,0,0,0,0,0,0,0,0,0,0
8/1/1993,0.2,0.2,0.2,0.3,0.3,0.4,0.1,0.2,0.2,0.2,0.3,0.3,0.1,0.1,0.2,0.2,0.2,0.3,0.222222222,0.008748906
9/1/1993,2.8,2.8,2.8,3,3.1,3.1,2.4,2.4,2.6,2.6,2.7,2.7,2.1,2.1,2.2,2.2,2.3,2.6,2.583333333,0.101706037
10/1/1993,11.8,11.8,12.8,12.7,13.7,14.6,11.4,12.3,12.3,13.2,13.1,15,11.8,11.8,12.7,13.5,14.3,18.8,13.2,0.519685039
11/1/1993,25,26.4,26.8,28.1,31,33,26.7,28.1,29.4,29.8,31.9,33.9,28.4,29.8,31.1,32.4,33.6,43.7,30.50555556,1.201006124
12/1/1993,18.6,19.9,21.2,21.9,24.4,26.3,20.2,21.5,22.2,23.5,24.8,26.7,21.3,22.5,23.8,25,26.3,34,23.56111111,0.9276028
1/1/1994,13.8,14.6,15.5,16.3,17.9,19.5,15.5,16,17.2,18.1,19,20.6,16.6,17.8,18.7,19.6,20.8,25.4,17.93888889,0.706255468
2/1/1994,36.4,37.5,39.5,42.5,45.5,48.5,38.2,40.1,42.1,44.2,47.1,51,40.8,42.8,44.8,47.7,50.6,57.3,44.25555556,1.742344707
3/1/1994,11,11.3,11.5,12.6,14.2,16.5,11.4,12.2,12.4,13.5,14.6,17,12.3,13.1,14.2,14.9,16,21.4,13.89444444,0.547025372
4/1/1994,11.7,11.7,12.7,13.7,14.7,17.7,13,12.9,13.9,14.9,15.9,19,13.1,14.2,15.2,16.2,17.2,26.8,15.25,0.600393701
5/1/1994,31.2,31,32.8,32.5,32.3,34,31.6,33.5,33.3,33.1,34.9,36.7,34.2,34,33.8,35.7,35.5,39.4,33.86111111,1.333114611
6/1/1994,0.1,0.1,0.1,0.1,0.1,0.2,0.1,0.1,0.1,0.1,0.1,0.1,0.1,0.1,0.1,0.1,0.1,0.1,0.105555556,0.004155731
7/1/1994,1.1,1.1,1.1,1.1,1.1,1.1,1,1,1,0.9,1,1,0.8,0.8,0.7,0.8,0.8,1,0.966666667,0.038057743
8/1/1994,0.2,0.2,0.2,0.2,0.2,0.2,0.2,0.2,0.2,0.2,0.1,0.1,0.1,0.1,0.1,0.1,0.1,0.2,0.161111111,0.006342957
9/1/1994,17.5,17.6,17.6,18.9,20.2,20.3,18.2,18.2,19.5,19.6,20.9,21,18.8,18.9,20.3,20.3,21.7,24.4,19.66111111,0.774059493
10/1/1994,21.3,21,22.5,22.2,23.7,25,21.4,22.9,22.6,24.1,23.8,26.8,23.2,23,24.5,25.9,27.3,35.4,24.25555556,0.954943132
11/1/1994,49.7,53.3,55.2,58.9,66,71.5,52.6,56.2,59.8,61.7,67.1,72.6,55.4,59,62.6,66.3,69.9,92.4,62.78888889,2.4720035
12/1/1994,36.9,38.8,40.7,41.4,45.4,48.3,40,41.9,42.7,44.5,46.3,49.1,42.1,43.9,45.8,47.6,49.3,62.8,44.86111111,1.766185477
1/1/1995,105.5,110.2,114.8,119.4,129,138.5,116.5,118.6,125.9,130.5,135,144.6,122.5,129.8,134.5,139.1,146.3,176.4,129.8388889,5.11176728
2/1/1995,13.7,13.8,14.3,15.1,15.9,16.7,14.1,14.6,15.1,15.5,16.3,17.4,14.8,15.3,15.8,16.6,17.3,19.3,15.64444444,0.615923009
3/1/1995,45.7,48.1,50.6,57.2,65.9,79,48,52.5,55,61.7,68.5,81.7,52.3,56.9,63.6,68.4,75.3,103.5,62.99444444,2.480096238
4/1/1995,18.9,19,20.9,22.8,24.7,30.2,20.5,20.6,22.4,24.3,26.2,31.6,20.3,22.1,23.9,25.8,27.6,43.4,24.73333333,0.973753281
5/1/1995,42.6,42.6,45.3,45.2,45.1,47.8,42.7,45.4,45.3,45.2,48,50.7,45.5,45.5,45.4,48.1,48,53.6,46.22222222,1.819772528
6/1/1995,34.6,34.9,35.3,35.7,36,38.8,34.2,34.6,34.9,35.2,35.5,35.9,31.6,31.9,34.5,34.8,35.1,37.7,35.06666667,1.380577428
7/1/1995,5.9,6,6.1,6.3,6.4,6.5,6,6.1,6.2,5.8,6.5,6.6,6.1,6.2,5.8,5.9,6,7.8,6.233333333,0.245406824
8/1/1995,1.9,1.7,1.7,1.6,1.7,1.6,1.8,1.7,1.7,1.6,1.5,1.5,1.8,1.7,1.6,1.6,1.5,1.8,1.666666667,0.065616798
9/1/1995,1,1,0.9,0.9,0.9,0.8,1.1,1,1,1,1,0.9,1.1,1.1,1.1,1,1,1.1,0.994444444,0.039151356
10/1/1995,0,0,0,0,0,0,0,0,0,0,0,0,0,0,0,0,0,0,0,0
11/1/1995,1.1,1.2,1.3,1.4,1.6,1.8,1.1,1.2,1.3,1.4,1.5,1.7,1,1.1,1.2,1.3,1.5,2,1.372222222,0.054024497
12/1/1995,83.9,88.2,92.4,94,102.9,109.2,90.9,95.1,96.7,100.7,104.7,111,95.2,99.4,103.4,107.4,111.3,141.5,101.55,3.998031496
1/1/1996,44.8,47.5,50.3,53.1,58.3,63.5,48.7,50.4,54.2,57.1,59.9,65.1,50.5,54.3,57,59.8,63.8,78,56.46111111,2.22287839
2/1/1996,61.9,63.2,66.1,70.4,74.8,79.1,65.5,68.4,71.3,74.1,78.5,84.4,70.7,73.7,76.6,81,85.5,96.2,74.52222222,2.933945757
3/1/1996,27.2,28.3,29.4,32.9,37.5,44.4,27.9,30.2,31.3,34.7,38.1,45,29.8,32.1,35.4,37.6,41,55.7,35.47222222,1.396544182
4/1/1996,11.3,11.4,12.6,13.7,14.9,18.2,12.6,12.7,13.9,15.1,16.3,19.7,12.9,14,15.2,16.5,17.7,27.8,15.36111111,0.604768154
5/1/1996,27.5,27.9,30.1,30.6,31,33.3,27,29.2,29.5,29.9,32.2,34.6,28.2,28.6,28.9,31.2,31.5,35.7,30.38333333,1.196194226
6/1/1996,12.9,13,13.2,13.3,13.5,14.6,12.4,12.6,12.7,12.9,13,13.2,11.1,11.3,12.2,12.4,12.6,13.6,12.80555556,0.504155731
7/1/1996,7.8,7.5,7.3,7.1,6.8,6.6,7.9,7.7,7.4,6.6,7,6.8,8,7.8,7,6.8,6.6,8.1,7.266666667,0.286089239
8/1/1996,3.1,2.8,2.9,2.9,3.1,3.2,2.5,2.5,2.5,2.5,2.6,2.6,2.2,2.2,2.2,2.2,2.2,2.8,2.611111111,0.10279965
9/1/1996,2.2,2.3,2.4,2.6,2.9,3,2,2.1,2.3,2.4,2.6,2.7,1.8,1.8,2,2.1,2.3,2.7,2.344444444,0.092300962
10/1/1996,20.7,20.6,22.1,22,23.5,25,21.3,22.9,22.8,24.4,24.3,27.6,23.7,23.6,25.3,26.9,28.6,37.4,24.59444444,0.968285214
11/1/1996,61.1,64.7,66.2,69.6,77,82.3,65.9,69.6,73.2,74.6,80.2,85.6,70.8,74.6,78.2,81.9,85.4,111.6,76.25,3.001968504
12/1/1996,77,81.5,86.1,88.3,97.4,104.2,85.1,89.7,92,96.7,101.3,108.3,90.9,95.7,100.5,105.3,110.1,141.2,97.29444444,3.830489939
1/1/1997,111.4,116.5,121.6,126.7,137,147.4,121,123.3,130.9,135.8,140.7,150.9,124.9,132.5,137.3,142.1,149.5,180.4,134.9944444,5.314741906
2/1/1997,10.3,10.5,11,11.7,12.4,13.1,10.4,10.9,11.3,11.7,12.4,13.2,10.7,11.1,11.5,12.1,12.8,14.3,11.74444444,0.462379702
3/1/1997,1.4,1.5,1.6,1.8,2.1,2.5,1.5,1.7,1.8,2,2.2,2.7,1.7,1.9,2.1,2.3,2.5,3.5,2.044444444,0.080489939
4/1/1997,3.1,3.1,3.5,3.8,4.2,5.1,3.1,3.2,3.5,3.8,4.2,5.1,2.9,3.2,3.5,3.8,4.1,6.5,3.872222222,0.152449694
5/1/1997,2,2,2.2,2.3,2.3,2.5,1.9,2,2.1,2.1,2.3,2.5,1.9,1.9,2,2.1,2.2,2.5,2.155555556,0.084864392
6/1/1997,20.4,20.3,20.2,20.2,20.1,21.4,19.6,19.5,19.4,19.3,19.3,19.2,17.5,17.4,18.6,18.5,18.4,19.6,19.38333333,0.763123359
7/1/1997,20,19.4,18.8,18.3,17.7,17.1,20.5,20,19.4,17.3,18.3,17.8,21,20.5,18.3,17.8,17.4,21.5,18.95,0.746062992
8/1/1997,7.5,7.1,7.3,7.5,8.4,8.6,6.9,7.1,7.3,7.5,7.7,7.9,6.9,7.1,7.3,7.5,7.7,9.8,7.616666667,0.299868766
9/1/1997,17.9,17.5,17,17.7,18.3,17.8,18,17.6,18.3,17.9,18.5,18.1,18.1,17.7,18.5,18.1,18.8,20.5,18.12777778,0.713692039
10/1/1997,3.5,3.6,4,4.1,4.5,4.9,3.4,3.8,3.9,4.3,4.4,5.1,3.7,3.7,4.1,4.5,4.9,6.5,4.272222222,0.168197725
11/1/1997,34.4,36.7,37.9,40.2,44.8,48.3,37.6,40,42.4,43.6,47.1,50.7,40.9,43.4,45.8,48.3,50.7,66.8,44.42222222,1.748906387
12/1/1997,29.6,31.3,33.1,34,37.5,40.2,32.5,34.3,35.2,37,38.7,41.4,34.6,36.4,38.2,40,41.8,53.6,37.18888889,1.464129484
1/1/1998,51,54.1,57.3,60.6,66.5,72.6,56.5,58.4,62.9,66.2,69.5,75.6,59.5,63.9,67.2,70.5,75.2,92,65.52777778,2.579833771
2/1/1998,113.3,115.4,120.2,127.9,135.3,142.7,119.8,124.7,129.6,134.4,142,152.2,129.2,134.2,139.1,146.8,154.4,173.2,135.2444444,5.324584425
3/1/1998,34.4,36,37.6,42.2,48.4,57.6,35.6,38.7,40.3,44.9,49.6,58.8,38.3,41.4,46,49.1,53.7,73.4,45.88888889,1.806649169
4/1/1998,16.1,15.9,17.3,18.6,19.9,24,18,17.8,19.2,20.6,21.9,26.1,18.4,19.8,21.2,22.6,24,37.3,21.03888889,0.828302712
5/1/1998,44.1,44.1,47,47,47,49.9,44.4,47.3,47.3,47.3,50.2,53.1,47.5,47.5,47.5,50.5,50.5,56.5,48.26111111,1.900043744
6/1/1998,47.8,47.8,47.7,47.7,47.7,50.8,48.9,48.9,48.9,48.9,48.9,48.9,46.7,46.7,50,50.1,50.1,53.4,48.88333333,1.924540682
7/1/1998,7.9,7.8,7.6,7.4,7.3,7.1,7.7,7.5,7.4,6.6,7.1,6.9,7.5,7.3,6.6,6.4,6.3,7.8,7.233333333,0.284776903
8/1/1998,1.3,1.2,1.2,1.2,1.2,1.2,1.1,1.1,1.1,1.1,1.1,1,1,1,1,1,1,1.2,1.111111111,0.043744532
9/1/1998,35.1,34.5,34,35.7,37.3,36.7,33.8,33.2,34.9,34.3,35.9,35.3,32.4,31.9,33.5,32.9,34.4,37.8,34.64444444,1.363954506
10/1/1998,6.9,6.9,7.5,7.5,8.1,8.7,6.9,7.5,7.5,8.1,8.1,9.3,7.5,7.5,8.1,8.6,9.2,12.1,8.111111111,0.319335083
11/1/1998,21.1,23.1,24.4,26.5,30.3,33.4,22.2,24.2,26.2,27.6,30.5,33.6,23.2,25.2,27.2,29.3,31.5,42.3,27.87777778,1.097550306
12/1/1998,14.4,15.3,16.3,16.8,18.7,20.2,15.5,16.5,17,18,19,20.4,16.3,17.2,18.2,19.1,20.1,25.9,18.05,0.710629921
1/1/1999,51.6,53.9,56.1,58.4,63,67.6,57.4,58.4,61.9,64.1,66.3,71,60.6,64.2,66.5,68.7,72.2,87,63.82777778,2.512904637
2/1/1999,41.6,43.6,46.6,50.9,55.4,59.9,42.8,45.7,48.8,51.9,56.2,61.8,44.8,47.7,50.7,54.8,59,67.8,51.66666667,2.034120735
3/1/1999,13.3,13.9,14.6,16.4,18.9,22.5,13.3,14.4,15.1,16.8,18.6,22.1,13.7,14.8,16.5,17.7,19.4,26.5,17.13888889,0.674759405
4/1/1999,15.8,15.7,17.1,18.5,19.9,24.1,17.2,17.2,18.5,19.9,21.3,25.5,17.2,18.6,19.9,21.3,22.7,35.3,20.31666667,0.799868767
5/1/1999,7.4,7.3,7.8,7.7,7.7,8.1,7.3,7.7,7.6,7.6,8,8.5,7.6,7.6,7.5,7.9,7.9,8.8,7.777777778,0.306211724
6/1/1999,9.4,9.2,9.1,9,8.9,9.4,9.3,9.2,9.1,9,8.9,8.9,8.6,8.5,9.1,9,8.9,9.5,9.055555556,0.356517935
7/1/1999,7.6,7.6,7.7,7.7,7.7,7.7,7.4,7.4,7.4,6.8,7.4,7.5,7.2,7.2,6.6,6.6,6.6,8.4,7.361111111,0.289807524
8/1/1999,12.1,11.1,11,11,11.8,11.8,10.5,10.5,10.4,10.4,10.3,10.3,9.9,9.8,9.8,9.7,9.7,12,10.67222222,0.420166229
9/1/1999,3.8,3.8,3.7,3.8,4,3.9,3.8,3.7,3.9,3.8,3.9,3.8,3.8,3.7,3.8,3.7,3.9,4.2,3.833333333,0.150918635
10/1/1999,2.6,2.7,3,3.1,3.5,3.9,2.4,2.7,2.8,3.1,3.2,3.8,2.4,2.5,2.8,3.1,3.4,4.6,3.088888889,0.121609799
11/1/1999,10.2,11.2,11.9,12.9,14.8,16.3,11,12,13,13.7,15.2,16.7,11.7,12.8,13.8,14.9,16,21.5,13.86666667,0.545931759
12/1/1999,2.2,2.4,2.7,2.8,3.3,3.6,2.3,2.5,2.7,2.9,3.2,3.5,2.3,2.5,2.7,2.9,3.2,4.2,2.883333333,0.11351706
1/1/2000,46.9,49.9,52.9,56.1,61.7,67.4,50.4,52.3,56.5,59.6,62.8,68.5,51.6,55.7,58.8,61.9,66.2,81.2,58.91111111,2.319335083
2/1/2000,78.3,80.3,84.2,90.2,96.1,102.1,82.6,86.5,90.5,94.4,100.4,108.3,88.8,92.8,96.8,102.7,108.7,122.7,94.8,3.732283465
3/1/2000,11.5,11.9,12.3,13.7,15.5,18.3,12.2,13.2,13.6,14.9,16.3,19.1,13.4,14.4,15.8,16.7,18.1,24.5,15.3,0.602362205
4/1/2000,10.8,10.9,12,13.2,14.3,17.6,11.9,12.1,13.2,14.3,15.5,18.8,12.1,13.2,14.4,15.5,16.7,26.4,14.60555556,0.575021872
5/1/2000,19,19.3,20.9,21.2,21.5,23.1,18.9,20.4,20.7,21,22.6,24.3,20,20.3,20.6,22.1,22.4,25.3,21.31111111,0.839020122
6/1/2000,21.5,21.5,21.5,21.4,21.4,22.8,23.3,23.3,23.3,23.3,23.3,23.3,23.4,23.4,25.1,25.2,25.2,26.9,23.28333333,0.916666667
7/1/2000,0,0,0,0,0,0,0,0,0,0,0,0,0,0,0,0,0,0,0,0
8/1/2000,13.2,11.9,11.6,11.3,11.9,11.5,12,11.7,11.4,11.1,10.7,10.4,11.8,11.5,11.1,10.8,10.5,12.7,11.50555556,0.452974628
9/1/2000,7.3,7.4,7.5,8.2,8.8,8.9,7.2,7.3,7.9,8,8.6,8.7,7,7.1,7.7,7.8,8.4,9.5,7.961111111,0.313429571
10/1/2000,29.8,29.7,32.1,32,34.3,36.6,30.1,32.5,32.4,34.7,34.6,39.4,32.9,32.8,35.2,37.6,39.9,52.2,34.93333333,1.375328084
11/1/2000,10.8,11.6,12,12.7,14.2,15.4,11.1,11.8,12.5,12.9,14,15.1,11.3,12,12.7,13.4,14,18.5,13.11111111,0.516185477
12/1/2000,7.9,8.4,8.9,9.1,10.1,10.8,8.4,8.9,9.1,9.5,10,10.7,8.7,9.1,9.5,9.9,10.4,13.3,9.594444444,0.377734033
1/1/2001,52.5,54.4,56.2,58,62.1,66.1,58.2,58.8,61.9,63.6,65.3,69.3,61.4,64.5,66.3,68.1,71,84.9,63.47777778,2.499125109
2/1/2001,37.9,38.7,40.4,43.1,45.8,48.4,40.2,41.9,43.7,45.4,48.1,51.7,43.5,45.3,47,49.7,52.4,58.9,45.67222222,1.798118985
3/1/2001,13.6,14,14.5,16.1,18.2,21.5,14.3,15.4,15.9,17.5,19.1,22.4,15.7,16.8,18.5,19.6,21.2,28.7,17.94444444,0.706474191
4/1/2001,15.8,15.8,17.3,18.7,20.2,24.5,17.5,17.6,19,20.5,22,26.3,17.8,19.3,20.8,22.3,23.8,37.2,20.91111111,0.823272091
5/1/2001,2.9,2.7,2.7,2.6,2.4,2.4,3,3,2.9,2.7,2.7,2.7,3.3,3.1,3,3,2.8,3,2.827777778,0.111329834
6/1/2001,0.9,0.9,0.9,1,1,1.1,0.8,0.9,0.9,0.9,1,1,0.7,0.8,0.9,0.9,0.9,1,0.916666667,0.036089239
7/1/2001,16.2,15.8,15.4,15,14.5,14.1,17.3,16.9,16.5,14.8,15.7,15.3,18.3,18,16.1,15.8,15.5,19.3,16.13888889,0.635389326
8/1/2001,1.5,1.3,1.3,1.3,1.4,1.3,1.3,1.3,1.2,1.2,1.2,1.1,1.2,1.2,1.1,1.1,1.1,1.3,1.244444444,0.048993876
9/1/2001,5.2,5.3,5.4,5.8,6.2,6.3,5.1,5.2,5.6,5.7,6.1,6.2,5.1,5.1,5.5,5.6,6,6.7,5.672222222,0.223315836
10/1/2001,2.9,3,3.3,3.4,3.7,4.1,2.9,3.3,3.4,3.7,3.8,4.4,3.3,3.3,3.7,4,4.4,5.9,3.694444444,0.145450569
11/1/2001,51.3,54.7,56.2,59.6,66.4,71.4,55,58.4,61.8,63.3,68.4,73.5,58.7,62.1,65.5,68.9,72.3,95,64.58333333,2.542650919
12/1/2001,62.5,66.8,71.2,73.7,82.2,88.7,67.4,71.7,74.1,78.6,83,89.5,70.2,74.5,78.8,83.2,87.7,113.3,78.72777778,3.09951881
1/1/2002,18.5,19.5,20.5,21.5,23.4,25.4,19.9,20.4,21.8,22.8,23.8,25.7,20.3,21.7,22.7,23.6,25,30.4,22.60555556,0.889982502
2/1/2002,9.4,9.8,10.6,11.6,12.6,13.7,9.7,10.4,11.2,11.9,12.9,14.2,10.3,11,11.7,12.7,13.7,15.8,11.84444444,0.46631671
3/1/2002,11.4,12.2,12.9,14.8,17.2,20.8,11.9,13.1,13.9,15.7,17.6,21.2,12.8,14,15.8,17.1,19,26.4,15.98888889,0.629483815
4/1/2002,8.1,8.1,8.8,9.6,10.3,12.5,8.5,8.5,9.2,9.9,10.6,12.8,8.2,8.9,9.6,10.2,10.9,17,10.09444444,0.397419072
5/1/2002,11.6,12.1,13.3,13.8,14.2,15.6,11.9,13.2,13.6,14,15.3,16.7,13.1,13.5,13.9,15.2,15.6,17.9,14.13888889,0.556649169
6/1/2002,2.9,2.8,2.8,2.7,2.6,2.7,2.8,2.8,2.7,2.6,2.6,2.5,2.6,2.5,2.6,2.6,2.5,2.6,2.661111111,0.104768154
7/1/2002,2.6,2.6,2.6,2.5,2.5,2.5,2.4,2.4,2.4,2.2,2.3,2.3,2.3,2.2,2,2,2,2.5,2.35,0.092519685
8/1/2002,2.4,2.2,2.3,2.3,2.5,2.5,1.9,1.9,2,2,2,2,1.6,1.6,1.7,1.7,1.7,2.1,2.022222222,0.079615048
9/1/2002,2.8,2.8,2.8,3,3.2,3.2,2.8,2.8,3,3,3.2,3.2,2.8,2.8,3,3,3.2,3.6,3.011111111,0.118547682
10/1/2002,0.6,0.6,0.7,0.7,0.8,0.9,0.6,0.6,0.7,0.7,0.7,0.8,0.6,0.6,0.7,0.7,0.8,1,0.711111111,0.0279965
11/1/2002,39.2,42,43.4,46.2,51.7,55.9,42.4,45.2,48.1,49.6,53.8,58.1,45.5,48.5,51.4,54.4,57.4,75.8,50.47777778,1.987314086
12/1/2002,64.1,68.5,73,75.5,84.1,90.7,69.8,74.2,76.7,81.2,85.8,92.4,73.6,78,82.4,87,91.5,118.2,81.48333333,3.208005249
1/1/2003,7.5,8,8.4,8.9,9.8,10.7,7.9,8.2,8.8,9.3,9.8,10.7,7.9,8.5,9,9.5,10.1,12.4,9.188888889,0.361767279
2/1/2003,29.8,29.9,30.7,32.2,33.5,34.8,31.8,32.7,33.5,34.3,35.7,37.7,34.7,35.6,36.4,38,39.4,43.6,34.68333333,1.365485564
3/1/2003,12.1,12.5,13,14.5,16.5,19.5,12.6,13.6,14.1,15.6,17.2,20.2,13.8,14.8,16.3,17.3,18.8,25.6,16,0.62992126
4/1/2003,28.7,28.7,31.3,33.9,36.5,44.4,31.2,31.2,33.8,36.4,39,46.8,31.1,33.7,36.3,38.9,41.5,64.8,37.12222222,1.461504812
5/1/2003,21.6,21.6,23.1,23.1,23.1,24.5,22.3,23.8,23.8,23.8,25.3,26.8,24.6,24.6,24.6,26.2,26.2,29.3,24.35,0.958661417
6/1/2003,1.4,1.4,1.4,1.4,1.5,1.6,1.2,1.2,1.3,1.3,1.3,1.3,1,1,1.1,1.1,1.1,1.2,1.266666667,0.049868766
7/1/2003,14.6,14.3,14.1,13.9,13.7,13.5,15.2,15,14.8,13.4,14.4,14.2,15.9,15.7,14.3,14.1,13.9,17.5,14.58333333,0.574146981
8/1/2003,36.3,34,34.6,35.2,38.7,39.3,33.6,34.1,34.6,35.2,35.7,36.2,33.7,34.2,34.7,35.2,35.7,45.2,35.9,1.413385827
9/1/2003,2.1,2,1.9,1.9,1.9,1.8,2.1,2,2.1,2,2,1.9,2.2,2.1,2.1,2,2.1,2.2,2.022222222,0.079615048
10/1/2003,0.2,0.2,0.2,0.3,0.3,0.3,0.2,0.2,0.2,0.3,0.3,0.3,0.2,0.2,0.3,0.3,0.3,0.4,0.261111111,0.010279965
11/1/2003,19.2,20.5,21.1,22.4,25,27,20.2,21.5,22.8,23.4,25.4,27.3,21.2,22.5,23.8,25.1,26.4,34.7,23.86111111,0.939413823
12/1/2003,62.3,66.4,70.5,72.7,80.8,86.9,67.7,71.8,74,78.1,82.3,88.5,71.1,75.2,79.3,83.5,87.7,113,78.43333333,3.087926509
1/1/2004,14.2,15,15.9,16.8,18.4,20.1,15.8,16.4,17.6,18.5,19.4,21.1,16.8,18.1,19,19.9,21.2,26,18.34444444,0.722222222
2/1/2004,59.2,60.4,63.2,67.4,71.7,75.8,62,64.7,67.4,70.1,74.3,79.9,66.2,68.9,71.6,75.7,79.8,89.7,70.44444444,2.773403324
3/1/2004,9.1,9.4,9.8,10.9,12.4,14.7,9.1,9.9,10.2,11.3,12.4,14.7,9.6,10.3,11.4,12.1,13.2,17.9,11.57777778,0.455818023
4/1/2004,5,4.9,5.2,5.6,5.8,6.9,5.5,5.3,5.7,6,6.2,7.3,5.4,5.8,6.1,6.4,6.6,10.1,6.1,0.24015748
5/1/2004,6.3,6.3,6.8,6.9,6.9,7.4,6.1,6.6,6.6,6.7,7.2,7.7,6.3,6.4,6.4,6.9,7,7.9,6.8,0.267716535
6/1/2004,2.1,2.1,2.1,2.1,2.1,2.3,1.9,1.9,1.9,1.9,1.9,1.9,1.5,1.5,1.7,1.7,1.7,1.8,1.894444444,0.074584427
7/1/2004,4.9,4.8,4.7,4.5,4.4,4.3,4.9,4.8,4.7,4.1,4.4,4.3,4.9,4.8,4.2,4.1,4,5,4.544444444,0.178915136
8/1/2004,2.9,2.6,2.6,2.5,2.6,2.5,2.7,2.6,2.5,2.4,2.4,2.3,2.6,2.5,2.5,2.4,2.3,2.8,2.538888889,0.099956255
9/1/2004,2.7,2.8,2.9,3.2,3.4,3.5,2.7,2.8,3.1,3.1,3.4,3.5,2.7,2.8,3.1,3.1,3.4,3.9,3.116666667,0.122703412
10/1/2004,35.6,35.6,38.7,38.7,41.8,44.8,35.8,38.8,38.9,42,42,48.1,38.9,39,42.1,45.2,48.3,63.6,42.10555556,1.657699038
11/1/2004,42.6,44.8,45.4,47.4,52,55.1,44.7,46.8,48.8,49.4,52.5,55.6,46.7,48.8,50.7,52.6,54.3,70.3,50.47222222,1.987095363
12/1/2004,80.1,83.7,87.3,88.3,96.2,101.5,87.5,91.2,92.3,95.7,98.9,104.3,92.6,96.2,99.7,103.1,106.4,134.6,96.64444444,3.804899387
1/1/2005,88.5,91.7,94.8,97.9,104.9,111.8,97.1,98.1,103.3,106.3,109.2,116,101.4,106.7,109.7,112.7,117.6,140.7,106.0222222,4.174103236
2/1/2005,49.7,50.2,51.9,54.8,57.6,60.2,52.3,54.1,55.8,57.4,60.2,64.1,56.2,58,59.7,62.5,65.3,72.7,57.92777778,2.280621172
3/1/2005,19.1,20.2,21.3,24.2,28.1,33.8,20.1,22,23.2,26.1,29.1,34.9,21.9,23.9,26.8,28.9,32,44.1,26.65,1.049212598
4/1/2005,10.7,10.7,11.8,12.8,13.8,16.8,11.7,11.7,12.7,13.8,14.8,17.8,11.7,12.7,13.7,14.7,15.7,24.6,14.01111111,0.551618548
5/1/2005,30.2,30.3,32.5,32.7,32.9,35.1,30.8,33,33.2,33.4,35.7,38,33.6,33.7,33.9,36.2,36.4,40.9,34.02777778,1.339676291
6/1/2005,8.5,8.8,9.1,9.4,9.6,10.6,8.1,8.3,8.6,8.9,9.1,9.4,7.1,7.3,8.1,8.3,8.6,9.4,8.733333333,0.343832021
7/1/2005,4.1,4,4,4,4,3.9,3.7,3.7,3.7,3.4,3.6,3.6,3.4,3.4,3.1,3.1,3,3.8,3.638888889,0.143263342
8/1/2005,9.2,8.7,8.9,9.1,10.1,10.3,8.8,9,9.1,9.3,9.5,9.7,9.1,9.2,9.4,9.6,9.7,12.4,9.505555556,0.374234471
9/1/2005,10,9.9,9.8,10.4,10.9,10.8,10.3,10.3,10.9,10.8,11.4,11.3,10.7,10.6,11.3,11.2,11.8,13.1,10.86111111,0.4276028
10/1/2005,8.8,8.7,9.2,9,9.5,9.9,8.9,9.5,9.3,9.8,9.6,10.7,9.8,9.6,10.1,10.6,11.1,14.3,9.911111111,0.390201225
11/1/2005,8,8.8,9.3,10.2,11.7,12.9,8.4,9.1,10,10.5,11.7,12.9,8.7,9.5,10.3,11.1,12,16.2,10.62777778,0.418416448
12/1/2005,70.9,75,79.1,81.1,89.4,95.6,76.5,80.5,82.5,86.5,90.5,96.5,79.8,83.8,87.8,91.7,95.6,122.3,86.95,3.423228346
1/1/2006,63.8,66,68.2,70.3,75.3,80.1,70.6,71.3,75,77.2,79.2,84.2,74.3,78.2,80.5,82.7,86.3,103.3,77.02777778,3.032589676
2/1/2006,20.9,21.7,23,24.9,26.8,28.8,21.4,22.7,24,25.3,27.2,29.6,22.4,23.6,24.9,26.7,28.5,32.5,25.27222222,0.994969379
3/1/2006,31.8,33.4,35.1,39.5,45.5,54.4,33.1,36.1,37.8,42.2,46.8,55.6,35.7,38.7,43.2,46.3,50.9,69.7,43.1,1.696850394
4/1/2006,29.1,29.4,32.5,35.6,38.8,47.6,32.2,32.6,35.7,38.8,42.1,51,32.7,35.8,38.9,42.2,45.4,71.7,39.56111111,1.557524059
5/1/2006,9.7,9.9,10.8,11.1,11.3,12.3,10,10.9,11.2,11.4,12.4,13.4,11.1,11.3,11.5,12.4,12.7,14.4,11.54444444,0.454505687
6/1/2006,2.1,1.9,1.8,1.7,1.6,1.6,2.1,2,1.9,1.8,1.7,1.6,2.1,2,2,1.9,1.8,1.8,1.855555556,0.073053368
7/1/2006,3.8,3.7,3.6,3.5,3.4,3.3,3.7,3.6,3.5,3.2,3.3,3.2,3.7,3.6,3.2,3.1,3,3.7,3.45,0.135826772
8/1/2006,0,0,0,0,0,0,0,0,0,0,0,0,0,0,0,0,0,0,0,0
9/1/2006,0,0,0,0,0,0,0,0,0,0,0,0,0,0,0,0,0,0,0,0
10/1/2006,6.9,6.8,7.2,7.1,7.5,7.9,6.8,7.3,7.2,7.6,7.4,8.4,7.3,7.2,7.6,8,8.4,10.9,7.638888889,0.300743657
11/1/2006,8.4,9.1,9.6,10.3,11.7,12.9,8.7,9.4,10.1,10.5,11.5,12.6,8.9,9.5,10.2,10.9,11.6,15.5,10.63333333,0.41863517
12/1/2006,26.1,28.1,30.2,31.5,35.3,38.3,28.4,30.5,31.7,33.8,36,39,30,32,34.1,36.2,38.3,49.8,33.85,1.332677165
1/1/2007,11.2,11.6,11.9,12.2,13,13.8,12.4,12.5,13.1,13.4,13.7,14.5,13.1,13.7,14.1,14.4,14.9,17.8,13.40555556,0.527777778
2/1/2007,28.8,29.6,31.1,33.3,35.5,37.7,29.7,31.1,32.6,34,36.2,39,31.2,32.6,34,36.1,38.1,43.1,34.09444444,1.342300962
3/1/2007,10,10.3,10.6,11.7,13.2,15.5,10.4,11.1,11.4,12.5,13.6,15.9,11.2,12,13.1,13.8,14.9,20,12.84444444,0.505686789
4/1/2007,11.1,11.1,12.2,13.2,14.2,17.2,12,12,12.9,13.9,14.9,17.9,11.8,12.7,13.7,14.7,15.6,24.4,14.19444444,0.558836395
5/1/2007,4.4,4.4,4.8,4.8,4.9,5.2,4.2,4.6,4.6,4.7,5,5.4,4.3,4.4,4.4,4.8,4.8,5.4,4.727777778,0.186132983
6/1/2007,1.1,1.2,1.2,1.3,1.4,1.5,1,1,1.1,1.2,1.2,1.3,0.8,0.8,1,1,1.1,1.2,1.133333333,0.044619423
7/1/2007,1.7,1.6,1.6,1.6,1.5,1.5,1.6,1.6,1.6,1.4,1.5,1.5,1.6,1.6,1.4,1.4,1.4,1.7,1.544444444,0.060804899
8/1/2007,10.7,9.6,9.4,9.1,9.6,9.3,11.3,11,10.8,10.5,10.3,10.1,12.6,12.4,12.2,12,11.7,14.4,10.94444444,0.430883639
9/1/2007,9,9.1,9.2,10,10.7,10.9,9,9.1,9.8,9.9,10.6,10.8,9,9.1,9.8,9.8,10.6,11.9,9.905555556,0.389982502
10/1/2007,6.1,6.3,7,7.1,7.8,8.6,6.4,7,7.2,7.9,8.1,9.4,7.1,7.3,8,8.7,9.5,12.6,7.894444444,0.310804899
11/1/2007,5.5,5.8,6,6.3,6.9,7.4,5.8,6.2,6.5,6.6,7,7.5,6.2,6.5,6.8,7,7.3,9.5,6.711111111,0.264216973
12/1/2007,43.1,45,46.8,47.3,51.5,54.3,47.3,49.2,49.8,51.6,53.3,56.2,50.3,52.2,54.1,56,57.7,73.1,52.15555556,2.053368329
1/1/2008,89.7,92.6,95.4,98,104.7,111,98.5,99.2,104.1,106.7,109.1,115.5,103,108,110.7,113.2,117.8,140.4,106.5333333,4.19422572
2/1/2008,34.8,35.6,37.3,39.9,42.5,45,36.4,38.1,39.8,41.5,44,47.5,38.9,40.6,42.3,44.8,47.4,53.4,41.65555556,1.639982502
3/1/2008,2.5,2.6,2.8,3.1,3.6,4.3,2.5,2.8,2.9,3.2,3.6,4.2,2.6,2.9,3.2,3.4,3.7,5.1,3.277777778,0.129046369
4/1/2008,0.5,0.5,0.6,0.6,0.7,0.9,0.5,0.5,0.6,0.6,0.7,0.9,0.5,0.5,0.6,0.6,0.7,1.1,0.644444444,0.025371829
5/1/2008,11.4,11.3,11.9,11.8,11.6,12.2,11.4,12,11.9,11.8,12.4,13,12.1,12,11.9,12.5,12.4,13.7,12.07222222,0.475284339
6/1/2008,0,0,0,0,0,0,0,0,0,0,0,0,0,0,0,0,0,0,0,0
7/1/2008,1.8,1.8,1.7,1.7,1.6,1.6,1.8,1.8,1.7,1.5,1.6,1.6,1.8,1.8,1.6,1.6,1.5,1.9,1.688888889,0.066491689
8/1/2008,0,0,0,0,0,0,0,0,0,0,0,0,0,0,0,0,0,0,0,0
9/1/2008,1.4,1.3,1.3,1.3,1.4,1.3,1.4,1.3,1.4,1.3,1.4,1.3,1.4,1.3,1.4,1.3,1.4,1.5,1.355555556,0.053368329
10/1/2008,3.6,3.6,4,4.1,4.5,4.9,3.5,3.9,3.9,4.3,4.4,5.1,3.8,3.8,4.2,4.5,4.9,6.5,4.305555556,0.169510061
11/1/2008,32.2,34.2,35,36.9,40.9,43.8,34.4,36.4,38.3,39.1,42,44.9,36.6,38.6,40.5,42.4,44.3,57.9,39.91111111,1.571303587
12/1/2008,34.8,36.9,38.9,39.8,43.9,46.9,38.3,40.3,41.3,43.3,45.3,48.4,40.7,42.7,44.8,46.8,48.9,62.6,43.58888889,1.716097988
1/1/2009,30.2,31.3,32.4,33.4,35.7,38,32.5,32.8,34.5,35.4,36.3,38.5,33.3,35,35.9,36.8,38.3,45.6,35.32777778,1.390857393
2/1/2009,36.8,37.6,39.3,41.9,44.5,47.1,38.8,40.5,42.2,43.9,46.4,49.9,41.8,43.4,45.1,47.7,50.2,56.4,44.08333333,1.735564304
3/1/2009,11.6,12.4,13.1,15,17.5,21.1,11.7,12.9,13.7,15.5,17.3,20.9,12.2,13.4,15.1,16.4,18.2,25.2,15.73333333,0.619422572
4/1/2009,4.8,4.9,5.5,6.1,6.7,8.3,5.2,5.4,5.9,6.5,7.1,8.7,5.3,5.8,6.4,7,7.6,12,6.622222222,0.26071741
5/1/2009,14.6,14.8,15.9,16.1,16.3,17.5,14.2,15.3,15.5,15.6,16.8,17.9,14.8,14.9,15,16.1,16.2,18.3,15.87777778,0.625109361
6/1/2009,23.7,23.3,22.8,22.4,22,23,24.5,24.1,23.8,23.4,23,22.7,23.7,23.4,24.7,24.4,24.1,25.3,23.57222222,0.928040245
7/1/2009,3.1,3.1,3,2.9,2.9,2.8,3.1,3,2.9,2.6,2.8,2.7,3,2.9,2.6,2.5,2.5,3.1,2.861111111,0.11264217
8/1/2009,6,5.4,5.2,5,5.2,5,5.5,5.4,5.2,5,4.8,4.6,5.5,5.4,5.2,5,4.8,5.8,5.222222222,0.2055993
9/1/2009,1.1,1.1,1.2,1.3,1.4,1.4,1.2,1.2,1.4,1.4,1.5,1.5,1.3,1.3,1.4,1.5,1.6,1.8,1.366666667,0.053805774
10/1/2009,15.6,15.6,16.8,16.8,18,19.2,15.9,17.1,17.1,18.4,18.3,20.9,17.4,17.4,18.7,20,21.3,27.8,18.46111111,0.726815398
11/1/2009,4.1,4.4,4.6,4.9,5.5,6,4.2,4.5,4.8,5,5.4,5.9,4.3,4.5,4.8,5.1,5.4,7.2,5.033333333,0.19816273
12/1/2009,50.9,53.6,56.1,57.1,62.6,66.4,56.2,58.9,60,62.6,65.1,69.1,60.1,62.8,65.5,68.1,70.7,90.1,63.10555556,2.484470691
1/1/2010,45,47.3,49.6,51.9,56.5,61,49,50.2,53.6,56,58.3,62.8,50.9,54.2,56.5,58.8,62.2,75.5,55.51666667,2.185695538
2/1/2010,34.4,35.3,37,39.6,42.2,44.7,36,37.7,39.4,41,43.6,47,38.3,40,41.7,44.2,46.8,52.7,41.2,1.622047244
3/1/2010,12.7,13.3,13.9,15.7,18,21.5,13,14.1,14.8,16.5,18.2,21.7,13.8,15,16.6,17.8,19.5,26.7,16.82222222,0.662292213
4/1/2010,17.7,17.8,19.5,21.3,23.1,28.3,19.4,19.5,21.3,23,24.8,30,19.5,21.3,23,24.8,26.5,41.7,23.47222222,0.924103237
5/1/2010,9.8,10,10.8,11,11.2,12.1,9.6,10.5,10.6,10.8,11.7,12.6,10.1,10.3,10.4,11.2,11.4,12.9,10.94444444,0.430883639
6/1/2010,1.1,1.2,1.2,1.2,1.3,1.4,1,1,1.1,1.1,1.1,1.2,0.8,0.9,0.9,1,1,1.1,1.088888889,0.042869641
7/1/2010,2.5,2.5,2.4,2.4,2.3,2.3,2.4,2.4,2.3,2.1,2.2,2.2,2.3,2.3,2.1,2,2,2.5,2.288888889,0.090113736
8/1/2010,2.5,2.3,2.3,2.2,2.4,2.3,2.2,2.2,2.1,2.1,2.1,2,2.1,2.1,2,2,1.9,2.4,2.177777778,0.085739283
9/1/2010,0.1,0.1,0.1,0.1,0.1,0.1,0.1,0.1,0.1,0.1,0.1,0.1,0.1,0.1,0.1,0.1,0.1,0.1,0.1,0.003937008
10/1/2010,22.2,22.3,24.3,24.4,26.4,28.4,21.8,23.7,23.8,25.8,25.9,29.7,23.2,23.3,25.2,27.1,29,38.2,25.81666667,1.0164042
11/1/2010,27,29.4,31,33.6,38.2,42,28.9,31.4,34,35.6,39.3,43.1,30.9,33.4,36,38.6,41.3,55.4,36.06111111,1.419728784
12/1/2010,90.7,95.8,101,103.3,113.8,121.5,98.4,103.6,105.9,111,116,123.7,103.4,108.5,113.5,118.5,123.5,157.9,111.6666667,4.396325461
1/1/2011,19.3,20.2,21.2,22.1,23.9,25.8,21.4,21.8,23.2,24.1,25.1,26.9,22.5,23.9,24.8,25.7,27.1,32.8,23.98888889,0.944444444
2/1/2011,47.6,48.5,50.6,53.8,57,60.2,49.5,51.6,53.5,55.5,58.6,62.8,52.6,54.5,56.4,59.4,62.4,69.8,55.79444444,2.196631671
3/1/2011,39.1,41.1,43.1,48.6,55.9,66.9,40.7,44.5,46.5,52,57.7,68.6,44.1,47.8,53.4,57.2,62.9,86.2,53.12777778,2.091644794
4/1/2011,5.7,5.6,6,6.4,6.8,8.1,6.2,6.1,6.5,6.8,7.2,8.4,6.1,6.5,6.9,7.2,7.6,11.6,6.983333333,0.274934383
5/1/2011,21.8,21.9,23.4,23.4,23.5,25,21.7,23.1,23.2,23.2,24.8,26.3,22.9,23,23,24.5,24.6,27.5,23.71111111,0.933508311
6/1/2011,26.5,26.7,26.9,27.1,27.3,29.3,26,26.2,26.4,26.6,26.8,27,23.8,24,25.9,26.1,26.3,28.3,26.51111111,1.043744532
7/1/2011,3.1,2.9,2.7,2.5,2.3,2.1,3.1,2.9,2.7,2.3,2.3,2.1,3.1,2.9,2.5,2.3,2.1,2.4,2.572222222,0.101268591
8/1/2011,0.3,0.2,0.2,0.2,0.2,0.2,0.3,0.2,0.2,0.2,0.2,0.2,0.2,0.2,0.2,0.2,0.2,0.2,0.211111111,0.008311461
9/1/2011,3.7,3.5,3.3,3.3,3.3,3.1,3.7,3.5,3.5,3.3,3.3,3.1,3.7,3.5,3.5,3.3,3.3,3.5,3.411111111,0.134295713
10/1/2011,13.2,13.3,14.5,14.6,15.8,17,13.4,14.6,14.6,15.9,16,18.3,14.6,14.7,15.9,17.2,18.4,24.3,15.90555556,0.626202975
11/1/2011,12.4,13.3,13.8,14.8,16.6,18,13.4,14.3,15.3,15.8,17.2,18.6,14.4,15.4,16.3,17.3,18.3,24.2,16.07777778,0.632983377
12/1/2011,1.8,1.8,1.9,1.8,1.9,2,1.9,2,2,2,2,2,2,2.1,2.1,2.1,2.1,2.6,2.005555556,0.07895888
1/1/2012,31.7,33.3,34.9,36.6,39.7,42.9,34.5,35.3,37.6,39.2,40.9,44,35.6,38,39.5,41.1,43.5,52.7,38.94444444,1.533245844
2/1/2012,18.5,18.8,19.5,20.7,21.8,22.9,19.2,19.9,20.6,21.2,22.3,23.8,20.3,21,21.6,22.7,23.7,26.4,21.38333333,0.841863517
3/1/2012,20.5,21.5,22.6,25.5,29.3,35,21.5,23.5,24.5,27.5,30.5,36.3,23.4,25.4,28.4,30.5,33.5,46,28.07777778,1.105424322
4/1/2012,16.4,16.6,18.2,19.9,21.6,26.4,18.3,18.4,20.1,21.8,23.6,28.5,18.6,20.3,22.1,23.8,25.6,40.3,22.25,0.875984252
5/1/2012,2.3,2.3,2.4,2.4,2.4,2.6,2.2,2.3,2.3,2.3,2.5,2.7,2.2,2.2,2.2,2.4,2.4,2.7,2.377777778,0.093613298
6/1/2012,1.6,1.6,1.6,1.7,1.7,1.8,1.5,1.6,1.6,1.6,1.6,1.7,1.4,1.4,1.6,1.6,1.6,1.8,1.611111111,0.063429571
7/1/2012,4.5,4.5,4.4,4.4,4.3,4.3,4.4,4.4,4.4,4,4.3,4.2,4.4,4.3,3.9,3.9,3.9,4.9,4.3,0.169291339
8/1/2012,6.5,5.6,5.3,4.9,4.9,4.5,6.2,5.8,5.4,5,4.6,4.2,6.3,5.9,5.5,5.1,4.7,5.4,5.322222222,0.209536308
9/1/2012,4,3.7,3.5,3.4,3.4,3.1,4.1,3.8,3.8,3.5,3.4,3.2,4.1,3.9,3.8,3.6,3.5,3.6,3.633333333,0.143044619
10/1/2012,7.5,7.4,7.9,7.8,8.3,8.7,7.6,8.1,8,8.5,8.4,9.4,8.3,8.2,8.7,9.2,9.7,12.6,8.572222222,0.337489064
11/1/2012,30,32.3,33.7,36.1,40.7,44.3,31.9,34.3,36.7,38.1,41.7,45.3,33.9,36.3,38.7,41.2,43.7,58.1,38.72222222,1.524496938
12/1/2012,66.9,71.1,75.3,77.6,85.9,92.3,72.3,76.5,78.7,82.9,87.1,93.4,75.6,79.7,83.9,88.1,92.3,118.7,83.23888889,3.27712161
1/1/2013,10.5,10.9,11.1,11.4,12.1,12.8,11.6,11.6,12.2,12.4,12.6,13.3,12.1,12.7,12.9,13.2,13.6,16.2,12.4,0.488188976
2/1/2013,8.8,8.9,9.3,9.8,10.4,10.9,9.3,9.7,10,10.4,10.9,11.7,10.1,10.4,10.8,11.4,12,13.4,10.45555556,0.411636046
3/1/2013,7.3,7.7,8,9,10.4,12.3,7.6,8.3,8.7,9.7,10.7,12.6,8.3,8.9,9.9,10.6,11.6,15.8,9.855555556,0.388013998
4/1/2013,4.8,4.8,5.3,5.7,6.1,7.4,5.2,5.2,5.6,6,6.4,7.7,5.1,5.5,5.9,6.4,6.8,10.5,6.133333333,0.241469816
5/1/2013,7.6,7.6,8,8,8,8.5,7.4,7.9,7.9,7.9,8.3,8.8,7.7,7.7,7.7,8.2,8.2,9.1,8.027777778,0.316054243
6/1/2013,5.7,5.8,5.9,6,6.1,6.5,5.6,5.7,5.8,5.9,5.9,6,5.1,5.2,5.6,5.7,5.8,6.3,5.811111111,0.228783902
7/1/2013,7.5,7.4,7.4,7.3,7.3,7.2,7.3,7.3,7.2,6.6,7.1,7,7.2,7.1,6.5,6.4,6.3,8,7.116666667,0.280183727
8/1/2013,17.8,16.4,16.3,16.2,17.5,17.5,16.1,16,15.9,15.9,15.8,15.7,15.8,15.7,15.6,15.5,15.4,19.1,16.34444444,0.643482065
9/1/2013,7.9,7.8,7.7,8.1,8.5,8.5,7.7,7.6,8.1,8,8.4,8.3,7.6,7.5,8,7.9,8.3,9.2,8.061111111,0.317366579
10/1/2013,3.2,3.1,3.3,3.3,3.5,3.6,3.1,3.3,3.3,3.4,3.4,3.8,3.3,3.2,3.4,3.6,3.8,4.9,3.472222222,0.136701662
11/1/2013,16,16.8,17,17.8,19.5,20.6,17.2,18,18.7,18.9,20,21.1,18.5,19.2,19.9,20.5,21.1,27.2,19.33333333,0.761154856
12/1/2013,9.8,10.3,10.6,10.7,11.6,12.2,10.4,10.8,10.9,11.3,11.6,12.2,10.6,11,11.4,11.7,12.1,15.3,11.36111111,0.447287839
1/1/2014,9.7,10,10.3,10.6,11.3,11.9,10.5,10.5,11,11.3,11.5,12.2,10.7,11.2,11.5,11.8,12.2,14.6,11.26666667,0.443569554
2/1/2014,41.3,42.3,44.4,47.5,50.6,53.7,43.2,45.3,47.4,49.4,52.6,56.7,46.2,48.2,50.3,53.5,56.6,63.9,49.61666667,1.953412074
3/1/2014,9.3,9.7,10.1,11.4,13.1,15.6,9.6,10.4,10.9,12.2,13.5,16,10.3,11.2,12.5,13.4,14.7,20.1,12.44444444,0.489938757
4/1/2014,10.5,10.6,11.5,12.5,13.6,16.5,11.5,11.5,12.5,13.6,14.6,17.5,11.5,12.5,13.5,14.6,15.6,24.5,13.81111111,0.543744532
5/1/2014,4.7,4.7,4.9,4.9,4.8,5,4.6,4.8,4.8,4.7,4.9,5.2,4.7,4.6,4.6,4.8,4.8,5.3,4.822222222,0.189851269
6/1/2014,0.6,0.6,0.6,0.6,0.6,0.6,0.6,0.6,0.6,0.6,0.6,0.6,0.6,0.6,0.6,0.6,0.6,0.6,0.6,0.023622047
7/1/2014,3.3,3.2,3.2,3.1,3.1,3,3.2,3.2,3.1,2.8,3,3,3.1,3.1,2.8,2.7,2.7,3.4,3.055555556,0.120297463
8/1/2014,19.9,18.2,18,17.9,19.2,19.1,17.9,17.8,17.6,17.4,17.3,17.1,17.5,17.3,17.2,17,16.8,20.8,18,0.708661417
9/1/2014,17.2,17.2,17.1,18.2,19.3,19.2,17.2,17.1,18.2,18.1,19.2,19.1,17.1,17,18.1,18,19.1,21.2,18.2,0.716535433
10/1/2014,7.3,7.4,8.1,8.2,8.9,9.7,7.4,8.1,8.2,8.9,9,10.4,8.1,8.2,8.9,9.7,10.4,13.8,8.927777778,0.351487314
11/1/2014,14.5,15.5,16,17,19.1,20.6,15.3,16.4,17.4,17.9,19.4,20.9,16.2,17.2,18.2,19.2,20.2,26.6,18.2,0.716535433
12/1/2014,62.2,66.6,71.1,73.7,82.2,88.9,67.8,72.3,74.9,79.5,84.1,90.8,71.5,76,80.5,85.2,89.9,116.4,79.64444444,3.135608049
1/1/2015,4.5,4.5,4.5,4.5,4.6,4.7,5.1,5,5,5,4.9,4.9,5.5,5.5,5.5,5.3,5.3,6,5.016666667,0.197506562
2/1/2015,31.3,32,33.5,35.8,38.1,40.4,32.6,34.1,35.6,37,39.3,42.2,34.7,36.2,37.6,39.8,41.9,47.2,37.18333333,1.463910761
3/1/2015,1.6,1.6,1.6,1.8,2,2.3,1.6,1.7,1.7,1.9,2,2.3,1.8,1.9,2,2.1,2.2,2.9,1.944444444,0.076552931
4/1/2015,14.9,14.9,16.2,17.5,18.9,22.9,16.3,16.3,17.6,19,20.3,24.4,16.4,17.8,19.1,20.5,21.8,34.1,19.38333333,0.763123359
5/1/2015,19.3,19.1,20.3,20.1,19.9,21,19.2,20.4,20.2,20,21.1,22.2,20.4,20.3,20.1,21.2,21.1,23.4,20.51666667,0.807742782
6/1/2015,13.4,13.5,13.6,13.6,13.7,14.7,13.2,13.2,13.3,13.4,13.4,13.5,12,12.1,13,13.1,13.2,14.1,13.33333333,0.524934383
7/1/2015,18.4,18.7,18.9,19.2,19.4,19.7,18.9,19.1,19.4,17.9,19.8,20,19.4,19.6,18.2,18.3,18.5,23.7,19.28333333,0.759186352
8/1/2015,5.3,4.8,4.8,4.7,5,4.9,4.9,4.9,4.8,4.7,4.6,4.5,5,4.9,4.8,4.7,4.6,5.7,4.866666667,0.19160105
9/1/2015,6.2,6.2,6.2,6.6,7,7,6.2,6.2,6.6,6.6,7,7,6.2,6.2,6.6,6.6,7,7.9,6.627777778,0.260936133
10/1/2015,14.8,14.6,15.7,15.5,16.5,17.5,14.7,15.7,15.6,16.6,16.4,18.5,15.9,15.7,16.7,17.6,18.5,24,16.69444444,0.657261592
11/1/2015,45.8,48.9,50.5,53.6,59.8,64.5,48.6,51.7,54.8,56.3,61,65.6,51.4,54.5,57.5,60.6,63.7,83.8,57.36666667,2.258530184
12/1/2015,46.4,49.1,51.9,53.2,58.7,62.8,50.5,53.3,54.7,57.4,60.2,64.4,53.2,56,58.9,61.7,64.5,82.8,57.76111111,2.274059493
1/1/2016,63.7,66.6,69.5,72.3,78.2,84.1,69.4,70.8,75.2,78,80.9,86.7,72,76.4,79.3,82.1,86.5,104.5,77.56666667,3.053805774
2/1/2016,11.7,11.8,12.3,13,13.7,14.4,12.1,12.5,13,13.4,14.1,15.1,12.8,13.2,13.6,14.3,15,16.8,13.48888889,0.531058618
3/1/2016,31,32.5,34,38.3,44,52.5,32.3,35.2,36.7,41.1,45.4,54,34.9,37.8,42.1,45.2,49.6,68,41.92222222,1.65048119
4/1/2016,15.7,15.7,17,18.3,19.6,23.7,17.2,17.1,18.5,19.8,21.1,25.2,17.2,18.6,19.9,21.2,22.5,35,20.18333333,0.794619422
5/1/2016,15.1,15,16,16,15.9,16.9,15,16,15.9,15.9,16.9,17.9,15.9,15.9,15.9,16.9,16.8,18.8,16.26111111,0.640201225
6/1/2016,6.9,6.7,6.6,6.5,6.4,6.7,6.8,6.7,6.5,6.4,6.3,6.2,6.2,6.1,6.5,6.3,6.2,6.5,6.472222222,0.254811899
7/1/2016,0.9,0.9,0.8,0.8,0.7,0.7,0.9,0.9,0.8,0.7,0.7,0.7,0.9,0.8,0.7,0.7,0.6,0.8,0.777777778,0.030621172
8/1/2016,1.6,1.4,1.4,1.3,1.4,1.3,1.5,1.4,1.4,1.3,1.2,1.2,1.4,1.4,1.3,1.3,1.2,1.4,1.355555556,0.053368329
9/1/2016,1.8,1.7,1.6,1.7,1.7,1.6,1.7,1.6,1.6,1.6,1.6,1.5,1.6,1.5,1.5,1.5,1.5,1.6,1.605555556,0.063210849
10/1/2016,20.7,21,23,23.3,25.4,27.5,20.8,22.8,23.1,25.1,25.4,29.4,22.6,22.8,24.9,27,29.1,38.7,25.14444444,0.989938757
11/1/2016,19.2,20.5,21.2,22.6,25.2,27.3,20.4,21.8,23.2,23.9,25.9,28,21.7,23.1,24.5,25.9,27.3,36,24.31666667,0.957349081
12/1/2016,51.1,54.1,57,58.3,64.3,68.7,55.4,58.3,59.6,62.5,65.3,69.7,58,60.9,63.8,66.6,69.4,88.7,62.87222222,2.475284339
1/1/2017,85,89.2,93.4,97.6,106,114.4,93.6,95.8,102.1,106.3,110.5,119,98.1,104.5,108.7,113,119.3,144.5,105.6111111,4.15791776
2/1/2017,78.7,80.8,85,91.2,97.4,103.7,82.7,86.9,91.1,95.3,101.5,109.8,88.8,92.9,97.1,103.4,109.6,124,95.55,3.761811024
3/1/2017,18.9,19.7,20.5,22.8,26,30.8,19.5,21.1,21.9,24.2,26.6,31.4,20.9,22.4,24.8,26.4,28.8,39.1,24.76666667,0.975065617
4/1/2017,24.8,24.8,27.1,29.4,31.8,38.6,27.2,27.2,29.6,31.9,34.2,41.2,27.3,29.7,32,34.4,36.8,57.6,32.53333333,1.280839895
5/1/2017,7.2,7.2,7.6,7.6,7.6,8.1,7.2,7.7,7.7,7.7,8.1,8.6,7.7,7.7,7.7,8.2,8.2,9.1,7.827777778,0.308180227
6/1/2017,13.7,13.7,13.6,13.6,13.6,14.5,13.6,13.5,13.5,13.5,13.5,13.5,12.5,12.5,13.4,13.4,13.4,14.3,13.51666667,0.532152231
7/1/2017,2,1.9,1.8,1.7,1.6,1.5,1.9,1.8,1.7,1.5,1.6,1.5,1.8,1.7,1.5,1.4,1.4,1.7,1.666666667,0.065616798
8/1/2017,4.2,3.8,3.7,3.6,3.8,3.7,3.8,3.7,3.6,3.5,3.4,3.3,3.8,3.7,3.6,3.5,3.4,4.1,3.677777778,0.144794401
9/1/2017,13.2,13.2,13.1,13.9,14.7,14.7,13.4,13.3,14.1,14.1,14.9,14.8,13.5,13.4,14.3,14.2,15,16.7,14.13888889,0.556649169
10/1/2017,3.6,3.6,4,4,4.3,4.6,3.6,3.9,3.9,4.2,4.3,4.9,3.9,3.9,4.2,4.5,4.8,6.3,4.25,0.167322835
11/1/2017,24.5,26.2,27.1,28.9,32.3,34.9,25.9,27.7,29.4,30.3,32.9,35.5,27.3,29.1,30.8,32.6,34.4,45.4,30.84444444,1.214348206
12/1/2017,4.9,5.1,5.3,5.3,5.7,6,5.2,5.3,5.3,5.5,5.6,5.9,5.2,5.4,5.5,5.6,5.8,7.2,5.544444444,0.218285214
1/1/2018,31.2,32.6,33.8,35.1,37.9,40.6,34.4,34.9,36.9,38.1,39.4,42,36,38,39.2,40.4,42.4,50.9,37.98888889,1.495625547
2/1/2018,9.1,9.2,9.5,10,10.6,11.1,9.3,9.6,9.9,10.2,10.7,11.4,9.7,10,10.3,10.8,11.3,12.5,10.28888889,0.405074366
3/1/2018,43.1,45,46.9,52.5,60,71.3,44.8,48.6,50.5,56.2,61.9,73.2,48.5,52.3,58,61.8,67.5,92,57.45,2.261811024
4/1/2018,16.2,16.3,17.9,19.5,21.1,25.8,17.7,17.8,19.4,21,22.6,27.3,17.6,19.2,20.8,22.5,24.1,37.9,21.37222222,0.841426072
5/1/2018,16.7,16.6,17.6,17.5,17.4,18.4,16.4,17.4,17.3,17.2,18.2,19.1,17.2,17.1,17,18,17.9,19.9,17.60555556,0.693132109
6/1/2018,1.9,1.8,1.8,1.8,1.8,1.8,1.8,1.8,1.7,1.7,1.7,1.7,1.6,1.6,1.7,1.6,1.6,1.7,1.727777778,0.068022747
7/1/2018,15.6,15.5,15.4,15.3,15.2,15.1,15.7,15.6,15.5,14.1,15.3,15.2,15.8,15.7,14.3,14.2,14.1,17.8,15.3,0.602362205
8/1/2018,1.2,1.1,1,1,1,0.9,1.1,1,1,0.9,0.9,0.8,1,1,0.9,0.9,0.8,1,0.972222222,0.038276465
9/1/2018,0.9,0.8,0.8,0.8,0.8,0.8,0.8,0.8,0.8,0.8,0.8,0.8,0.8,0.7,0.8,0.7,0.7,0.8,0.788888889,0.031058618
10/1/2018,5.8,5.8,6.2,6.2,6.6,7.1,5.8,6.3,6.2,6.7,6.6,7.5,6.3,6.2,6.7,7.1,7.5,9.8,6.688888889,0.263342082
11/1/2018,36.1,38.7,40.2,42.8,48.1,52.1,38.6,41.3,44,45.5,49.5,53.6,41.2,43.9,46.7,49.5,52.3,69.2,46.29444444,1.822615923
12/1/2018,30.8,32.6,34.5,35.3,39,41.8,33,34.8,35.7,37.5,39.3,42,34.3,36.1,37.8,39.6,41.4,53,37.69444444,1.484033246
1/1/2019,68.1,71.5,74.7,77.8,84.1,90.4,74.8,76.5,81.3,84.3,87.2,93.4,78.1,83.1,86.2,89.1,93.7,112.9,83.73333333,3.296587926
2/1/2019,150.2,154.6,162.1,172.4,182.5,192.5,158.1,166.6,174,180.2,190,203.5,170.2,178.9,186.3,196,205.4,229.7,180.7333333,7.115485563
3/1/2019,29.3,30.9,32.5,36.8,42.4,50.9,31.1,34,35.6,40,44.5,53.1,34.3,37.1,41.5,44.6,49.1,67.5,40.84444444,1.608048994
4/1/2019,5.9,5.8,6.5,7.3,8.2,10.4,6.2,6.2,6.9,7.8,8.8,11,5.9,6.4,7.2,8.2,9.3,15.3,7.961111111,0.313429571
5/1/2019,31.7,32.9,35.7,35.9,36.1,38.5,32.3,35.6,36.3,36.3,38.7,41,35.3,36.5,37.1,39.4,39.3,43.9,36.80555556,1.44903762
6/1/2019,12.1,11.7,11.6,11.7,11.8,12.7,11.8,11.3,11.2,11.3,11.4,11.5,10.8,10.4,10.9,11,11.1,11.9,11.45555556,0.451006124
7/1/2019,11.7,12.3,12.5,12.2,12,11.7,11.3,11.9,12.1,10.9,11.7,11.5,10.7,11.3,10.6,10.5,10.3,12.9,11.56111111,0.455161855
8/1/2019,1.5,1.4,1.6,1.9,2.4,2.8,1.4,1.4,1.6,1.9,2.3,2.6,1.5,1.5,1.7,2,2.4,3.4,1.961111111,0.077209099
9/1/2019,10.5,10.8,10.9,11.5,12.1,11.9,10,10.4,11.2,11.1,11.7,11.6,9.9,10.3,11.1,11,11.5,12.7,11.12222222,0.437882765
10/1/2019,0.1,0.1,0.1,0.2,0.2,0.3,0.1,0.1,0.1,0.2,0.2,0.3,0.1,0.1,0.2,0.2,0.3,0.4,0.183333333,0.007217848
11/1/2019,19.6,20.3,20.4,21.4,23.5,24.9,20.7,21.4,22.1,22.4,23.8,25.2,22.2,22.8,23.5,24.3,25.1,32.4,23.11111111,0.909886264
12/1/2019,39.7,43.4,47.1,49.6,56.1,61.5,43.5,47.2,49.8,53.6,57.7,63.2,46,49.8,53.7,57.7,61.9,81.4,53.49444444,2.10608049
1/1/2020,11.7,12.1,12.6,13.3,14.5,15.8,12.6,12.7,13.5,14.1,14.9,16.1,13,13.6,14.1,14.8,15.8,19.3,14.13888889,0.556649169
2/1/2020,3.6,3.5,3.5,3.6,3.6,3.7,3.7,3.7,3.6,3.6,3.7,3.7,3.9,3.9,3.8,3.9,3.9,4.1,3.722222222,0.146544182
3/1/2020,17.3,17.9,18.7,21.1,24.3,29,17.7,19,19.8,22.2,24.8,29.6,18.6,19.8,22.1,24,26.7,36.9,22.75,0.895669291
4/1/2020,22.3,22.6,24.5,26,27.5,32.7,24.3,24.5,26.4,27.7,29,33.9,24.2,26.4,28.2,29.2,30.4,46.3,28.11666667,1.106955381
5/1/2020,5.1,5.5,6.4,7,7.6,8.8,5.3,6.1,6.7,7.3,8.4,9.6,5.9,6.4,7,8.1,8.7,10.5,7.244444444,0.285214348
6/1/2020,11.9,12.5,12.8,12.7,12.6,13.5,12.4,13.1,13.4,13.3,13.2,13.1,11.5,12.2,13.4,13.3,13.2,14,12.89444444,0.507655293
7/1/2020,1.9,2.1,2.4,2.9,3.3,3.8,1.9,2.1,2.4,2.7,3.4,3.9,2,2.2,2.3,2.8,3.3,4.7,2.783333333,0.109580052
8/1/2020,2.9,2.5,2.6,2.8,3.3,3.5,2.7,2.5,2.6,2.8,3,3.3,2.9,2.7,2.7,3,3.2,4.3,2.961111111,0.116579178
9/1/2020,2.4,2.2,2.3,2.9,3.4,3.8,2.3,2.2,2.5,2.9,3.5,3.9,2.3,2.2,2.5,2.9,3.5,4.4,2.894444444,0.113954506
10/1/2020,0,0,0,0,0,0,0,0,0,0,0,0,0,0,0,0,0,0,0,0
11/1/2020,13.8,14.8,15.4,16.6,18.8,20.6,14.2,15.2,16.3,17.2,19,20.8,14.7,15.8,16.9,18.3,19.8,26.6,17.48888889,0.688538933
12/1/2020,17.3,18.4,19.7,20.7,23.3,25.5,18.7,19.8,20.6,22.2,23.8,26,19.6,20.8,22.2,23.8,25.4,33.3,22.28333333,0.877296588
1/1/2021,77.6,80.9,83.2,84.3,88.6,92.6,84.6,85.9,90,90.6,91.2,94.9,87.2,92.3,94.3,94.9,96.9,113.2,90.17777778,3.550306212
2/1/2021,9.1,9.5,10.5,12,13.6,15.4,9.5,10.1,11.1,12.5,14.2,16.3,10.1,10.8,11.8,13.5,15.3,18.4,12.42777778,0.48928259
3/1/2021,9,9.2,9.7,11.1,13.1,16,8.9,9.5,10,11.5,13.2,16.1,9.4,10,11.3,12.5,14.2,20.1,11.93333333,0.469816273
4/1/2021,5.3,5.3,5.8,6.2,6.5,7.8,5.9,6,6.4,6.7,7,8.2,6,6.5,6.9,7.2,7.4,11.3,6.8,0.267716535
5/1/2021,9.2,9.4,10.3,10.3,10.3,11,9.2,10,10.2,10.1,10.8,11.4,10,10.2,10.4,10.9,10.8,12,10.36111111,0.40791776
6/1/2021,4.6,4.7,5.1,5.7,6.3,7.4,4.7,4.8,5.2,5.8,6.5,7.1,4.6,4.8,5.5,6.1,6.7,7.9,5.75,0.226377953
7/1/2021,9,8.7,8.8,9.3,9.7,10.1,8.9,8.5,8.6,8.4,9.7,10.1,8.8,8.5,7.9,8.4,8.9,11.9,9.122222222,0.359142607
8/1/2021,1.5,1.4,1.4,1.4,1.5,1.5,1.1,1.1,1.1,1.1,1.1,1.2,0.9,0.9,0.9,1,1,1.3,1.188888889,0.046806649
9/1/2021,0.6,0.7,0.8,1,1.3,1.5,0.6,0.7,0.9,1,1.3,1.5,0.7,0.7,0.9,1.1,1.4,1.8,1.027777778,0.040463692
10/1/2021,45.8,46.1,49.7,48.6,51.1,53.5,45.2,49.4,49.1,51.6,50.7,56.5,48.2,48.7,52.1,54.8,57,72.9,51.72222222,2.036307961
11/1/2021,3.2,3.5,3.9,4.7,5.7,6.7,3.5,3.8,4.4,5.1,6.1,7.1,3.8,4.2,4.8,5.6,6.5,9.4,5.111111111,0.201224847
12/1/2021,113.2,118.9,124.2,125.9,136.9,144.8,123,128.5,130.5,135.2,139.8,147.2,129.4,134.9,139.9,144.5,148.8,187.8,136.3,5.366141732
