Date,GLEV,CRUTS_PET,REA,ERA5,MERRA2,NCEP_NARR,Area
1/1/1901,,1.3832021,,,,,
2/1/1901,,1.506561717,,,,,
3/1/1901,,2.685039411,,,,,
4/1/1901,,3.976377953,,,,,
5/1/1901,,5.166666667,,,,,
6/1/1901,,7.125984252,,,,,
7/1/1901,,8.339895135,,,,,
8/1/1901,,7.32283489,,,,,
9/1/1901,,5.472441063,,,,,
10/1/1901,,3.824146982,,,,,
11/1/1901,,2.165354409,,,,,
12/1/1901,,1.667979043,,,,,
1/1/1902,,1.505249385,,,,,
2/1/1902,,1.653543307,,,,,
3/1/1902,,2.440944923,,,,,
4/1/1902,,3.700787402,,,,,
5/1/1902,,5.248031496,,,,,
6/1/1902,,7.716535551,,,,,
7/1/1902,,8.543307209,,,,,
8/1/1902,,7.282152475,,,,,
9/1/1902,,5.944882008,,,,,
10/1/1902,,3.783464608,,,,,
11/1/1902,,1.968503937,,,,,
12/1/1902,,1.54593184,,,,,
1/1/1903,,1.261154856,,,,,
2/1/1903,,1.800524934,,,,,
3/1/1903,,2.440944923,,,,,
4/1/1903,,3.74015748,,,,,
5/1/1903,,6.061680034,,,,,
6/1/1903,,7.480314961,,,,,
7/1/1903,,8.05511811,,,,,
8/1/1903,,7.607611671,,,,,
9/1/1903,,5.55118122,,,,,
10/1/1903,,3.986876681,,,,,
11/1/1903,,2.125984291,,,,,
12/1/1903,,1.667979043,,,,,
1/1/1904,,1.749343832,,,,,
2/1/1904,,1.788713911,,,,,
3/1/1904,,2.440944923,,,,,
4/1/1904,,3.858267756,,,,,
5/1/1904,,6.427821522,,,,,
6/1/1904,,7.755905512,,,,,
7/1/1904,,8.339895135,,,,,
8/1/1904,,7.688976378,,,,,
9/1/1904,,5.433070866,,,,,
10/1/1904,,3.539370079,,,,,
11/1/1904,,2.519685039,,,,,
12/1/1904,,1.54593184,,,,,
1/1/1905,,1.586614214,,,,,
2/1/1905,,1.800524934,,,,,
3/1/1905,,2.644356955,,,,,
4/1/1905,,4.133858268,,,,,
5/1/1905,,5.410761277,,,,,
6/1/1905,,7.322834764,,,,,
7/1/1905,,8.909448941,,,,,
8/1/1905,,7.851706037,,,,,
9/1/1905,,5.86614185,,,,,
10/1/1905,,4.108923885,,,,,
11/1/1905,,2.440944961,,,,,
12/1/1905,,1.586614295,,,,,
1/1/1906,,1.749343832,,,,,
2/1/1906,,1.837270341,,,,,
3/1/1906,,2.562992167,,,,,
4/1/1906,,3.818897677,,,,,
5/1/1906,,5.166666667,,,,,
6/1/1906,,6.88976378,,,,,
7/1/1906,,8.950131356,,,,,
8/1/1906,,7.607611671,,,,,
9/1/1906,,5.826771772,,,,,
10/1/1906,,4.06824147,,,,,
11/1/1906,,2.362204764,,,,,
12/1/1906,,1.30183727,,,,,
1/1/1907,,1.342519685,,,,,
2/1/1907,,1.690288714,,,,,
3/1/1907,,2.440944923,,,,,
4/1/1907,,4.251968543,,,,,
5/1/1907,,5.939632668,,,,,
6/1/1907,,7.007874134,,,,,
7/1/1907,,8.624671916,,,,,
8/1/1907,,7.485564304,,,,,
9/1/1907,,5.354330827,,,,,
10/1/1907,,3.173228387,,,,,
11/1/1907,,2.401574843,,,,,
12/1/1907,,1.423884514,,,,,
1/1/1908,,1.3832021,,,,,
2/1/1908,,1.902887139,,,,,
3/1/1908,,3.213910802,,,,,
4/1/1908,,4.645669291,,,,,
5/1/1908,,5.370078862,,,,,
6/1/1908,,7.244094488,,,,,
7/1/1908,,9.072178478,,,,,
8/1/1908,,7.933070988,,,,,
9/1/1908,,5.708661417,,,,,
10/1/1908,,3.620734949,,,,,
11/1/1908,,2.440944961,,,,,
12/1/1908,,1.423884514,,,,,
1/1/1909,,1.220472473,,,,,
2/1/1909,,1.46981631,,,,,
3/1/1909,,2.603674541,,,,,
4/1/1909,,4.803149724,,,,,
5/1/1909,,6.102362205,,,,,
6/1/1909,,7.519685039,,,,,
7/1/1909,,8.665354331,,,,,
8/1/1909,,7.851706281,,,,,
9/1/1909,,5.708661417,,,,,
10/1/1909,,3.661417404,,,,,
11/1/1909,,2.125984291,,,,,
12/1/1909,,1.46456697,,,,,
1/1/1910,,1.586614214,,,,,
2/1/1910,,1.837270341,,,,,
3/1/1910,,3.295275591,,,,,
4/1/1910,,4.803149606,,,,,
5/1/1910,,6.834645669,,,,,
6/1/1910,,7.716535551,,,,,
7/1/1910,,9.153543429,,,,,
8/1/1910,,8.095800647,,,,,
9/1/1910,,5.826771772,,,,,
10/1/1910,,3.986876681,,,,,
11/1/1910,,2.362204764,,,,,
12/1/1910,,1.627296669,,,,,
1/1/1911,,1.586614214,,,,,
2/1/1911,,1.6167979,,,,,
3/1/1911,,2.847769029,,,,,
4/1/1911,,4.015748071,,,,,
5/1/1911,,5.654855765,,,,,
6/1/1911,,7.440944882,,,,,
7/1/1911,,8.868766404,,,,,
8/1/1911,,7.811023744,,,,,
9/1/1911,,5.393700906,,,,,
10/1/1911,,3.783464608,,,,,
11/1/1911,,2.480315,,,,,
12/1/1911,,1.749343832,,,,,
1/1/1912,,1.3832021,,,,,
2/1/1912,,2.131233634,,,,,
3/1/1912,,2.685039411,,,,,
4/1/1912,,3.582677244,,,,,
5/1/1912,,5.61417335,,,,,
6/1/1912,,7.283464685,,,,,
7/1/1912,,8.421259965,,,,,
8/1/1912,,7.566929256,,,,,
9/1/1912,,5.511811024,,,,,
10/1/1912,,3.661417364,,,,,
11/1/1912,,2.401574882,,,,,
12/1/1912,,1.749343832,,,,,
1/1/1913,,1.627296669,,,,,
2/1/1913,,1.984252005,,,,,
3/1/1913,,3.091863517,,,,,
4/1/1913,,4.251968543,,,,,
5/1/1913,,5.898950131,,,,,
6/1/1913,,6.653543425,,,,,
7/1/1913,,8.339895013,,,,,
8/1/1913,,7.566929256,,,,,
9/1/1913,,5.86614185,,,,,
10/1/1913,,4.06824147,,,,,
11/1/1913,,1.929133858,,,,,
12/1/1913,,1.54593184,,,,,
1/1/1914,,1.220472457,,,,,
2/1/1914,,1.690288714,,,,,
3/1/1914,,3.335958046,,,,,
4/1/1914,,3.818897638,,,,,
5/1/1914,,6.061680034,,,,,
6/1/1914,,7.007874134,,,,,
7/1/1914,,8.706036745,,,,,
8/1/1914,,8.014435696,,,,,
9/1/1914,,5.590551181,,,,,
10/1/1914,,3.661417364,,,,,
11/1/1914,,2.716535433,,,,,
12/1/1914,,1.505249385,,,,,
1/1/1915,,1.46456697,,,,,
2/1/1915,,1.396325533,,,,,
3/1/1915,,2.929133858,,,,,
4/1/1915,,3.700787441,,,,,
5/1/1915,,5.00393713,,,,,
6/1/1915,,7.283464685,,,,,
7/1/1915,,8.543307209,,,,,
8/1/1915,,8.136483062,,,,,
9/1/1915,,5.669291339,,,,,
10/1/1915,,4.475065617,,,,,
11/1/1915,,2.322834646,,,,,
12/1/1915,,1.586614214,,,,,
1/1/1916,,1.179790059,,,,,
2/1/1916,,1.712598425,,,,,
3/1/1916,,3.132545972,,,,,
4/1/1916,,4.527559094,,,,,
5/1/1916,,5.939632546,,,,,
6/1/1916,,7.637795394,,,,,
7/1/1916,,8.909448819,,,,,
8/1/1916,,7.566929134,,,,,
9/1/1916,,5.905511811,,,,,
10/1/1916,,3.417322835,,,,,
11/1/1916,,2.401574843,,,,,
12/1/1916,,1.586614214,,,,,
1/1/1917,,1.423884555,,,,,
2/1/1917,,1.763779528,,,,,
3/1/1917,,2.725721825,,,,,
4/1/1917,,3.976377953,,,,,
5/1/1917,,5.085301959,,,,,
6/1/1917,,7.913385827,,,,,
7/1/1917,,9.112861014,,,,,
8/1/1917,,8.014435696,,,,,
9/1/1917,,5.826771772,,,,,
10/1/1917,,4.597112902,,,,,
11/1/1917,,2.559055157,,,,,
12/1/1917,,1.790026247,,,,,
1/1/1918,,1.505249385,,,,,
2/1/1918,,1.763779528,,,,,
3/1/1918,,2.644356955,,,,,
4/1/1918,,4.330708661,,,,,
5/1/1918,,5.736220594,,,,,
6/1/1918,,8.188976496,,,,,
7/1/1918,,8.583989501,,,,,
8/1/1918,,7.526246841,,,,,
9/1/1918,,5.236220591,,,,,
10/1/1918,,3.661417364,,,,,
11/1/1918,,2.125984291,,,,,
12/1/1918,,1.586614295,,,,,
1/1/1919,,1.790026247,,,,,
2/1/1919,,1.396325533,,,,,
3/1/1919,,2.562992167,,,,,
4/1/1919,,4.37007874,,,,,
5/1/1919,,6.427821644,,,,,
6/1/1919,,7.716535551,,,,,
7/1/1919,,8.950131234,,,,,
8/1/1919,,7.973753403,,,,,
9/1/1919,,5.669291339,,,,,
10/1/1919,,3.580052493,,,,,
11/1/1919,,2.440944961,,,,,
12/1/1919,,1.586614214,,,,,
1/1/1920,,1.708661417,,,,,
2/1/1920,,1.94094492,,,,,
3/1/1920,,2.644356955,,,,,
4/1/1920,,3.937007874,,,,,
5/1/1920,,6.143044741,,,,,
6/1/1920,,7.086614409,,,,,
7/1/1920,,8.746719282,,,,,
8/1/1920,,7.688976378,,,,,
9/1/1920,,5.393700906,,,,,
10/1/1920,,3.458005249,,,,,
11/1/1920,,2.086614252,,,,,
12/1/1920,,1.423884514,,,,,
1/1/1921,,1.423884514,,,,,
2/1/1921,,2.057742856,,,,,
3/1/1921,,2.929133858,,,,,
4/1/1921,,4.212598465,,,,,
5/1/1921,,5.207349081,,,,,
6/1/1921,,7.283464567,,,,,
7/1/1921,,9.031496185,,,,,
8/1/1921,,7.729658793,,,,,
9/1/1921,,5.787401693,,,,,
10/1/1921,,4.230971169,,,,,
11/1/1921,,2.637795276,,,,,
12/1/1921,,1.54593184,,,,,
1/1/1922,,1.505249385,,,,,
2/1/1922,,1.543307123,,,,,
3/1/1922,,2.644356996,,,,,
4/1/1922,,4.015748031,,,,,
5/1/1922,,6.183727156,,,,,
6/1/1922,,7.598425315,,,,,
7/1/1922,,9.031496185,,,,,
8/1/1922,,7.526246841,,,,,
9/1/1922,,6.377952874,,,,,
10/1/1922,,3.905511852,,,,,
11/1/1922,,2.283464567,,,,,
12/1/1922,,1.46456697,,,,,
1/1/1923,,1.46456697,,,,,
2/1/1923,,1.984252005,,,,,
3/1/1923,,3.335958046,,,,,
4/1/1923,,3.779527559,,,,,
5/1/1923,,5.939632546,,,,,
6/1/1923,,6.535433189,,,,,
7/1/1923,,8.787401697,,,,,
8/1/1923,,7.648293963,,,,,
9/1/1923,,5.590551181,,,,,
10/1/1923,,3.702099819,,,,,
11/1/1923,,2.598425236,,,,,
12/1/1923,,1.667979043,,,,,
1/1/1924,,1.749343832,,,,,
2/1/1924,,2.283464605,,,,,
3/1/1924,,2.847769029,,,,,
4/1/1924,,4.448818937,,,,,
5/1/1924,,6.916010621,,,,,
6/1/1924,,7.952755906,,,,,
7/1/1924,,8.950131356,,,,,
8/1/1924,,7.892388696,,,,,
9/1/1924,,6.299212598,,,,,
10/1/1924,,3.742782193,,,,,
11/1/1924,,2.440944961,,,,,
12/1/1924,,1.667979043,,,,,
1/1/1925,,1.667979043,,,,,
2/1/1925,,1.763779528,,,,,
3/1/1925,,3.091863517,,,,,
4/1/1925,,3.937007953,,,,,
5/1/1925,,5.858267717,,,,,
6/1/1925,,7.362204724,,,,,
7/1/1925,,8.583989623,,,,,
8/1/1925,,7.363517182,,,,,
9/1/1925,,5.236220591,,,,,
10/1/1925,,3.864829396,,,,,
11/1/1925,,2.204724449,,,,,
12/1/1925,,1.667979043,,,,,
1/1/1926,,1.708661417,,,,,
2/1/1926,,1.727034121,,,,,
3/1/1926,,3.458005249,,,,,
4/1/1926,,4.015748031,,,,,
5/1/1926,,6.305774278,,,,,
6/1/1926,,8.188976378,,,,,
7/1/1926,,9.0721786,,,,,
8/1/1926,,7.933070988,,,,,
9/1/1926,,5.866141732,,,,,
10/1/1926,,4.190288755,,,,,
11/1/1926,,2.401574882,,,,,
12/1/1926,,1.586614295,,,,,
1/1/1927,,1.54593184,,,,,
2/1/1927,,1.58005253,,,,,
3/1/1927,,2.766404199,,,,,
4/1/1927,,4.133858268,,,,,
5/1/1927,,6.265091986,,,,,
6/1/1927,,7.519685157,,,,,
7/1/1927,,9.153543429,,,,,
8/1/1927,,7.729658793,,,,,
9/1/1927,,5.472441063,,,,,
10/1/1927,,4.271653584,,,,,
11/1/1927,,2.047244134,,,,,
12/1/1927,,1.708661417,,,,,
1/1/1928,,1.54593184,,,,,
2/1/1928,,2.093175853,,,,,
3/1/1928,,2.929133899,,,,,
4/1/1928,,4.291338583,,,,,
5/1/1928,,6.63123384,,,,,
6/1/1928,,7.716535551,,,,,
7/1/1928,,9.072178478,,,,,
8/1/1928,,8.014435696,,,,,
9/1/1928,,6.25984252,,,,,
10/1/1928,,3.905511852,,,,,
11/1/1928,,2.401574843,,,,,
12/1/1928,,1.586614295,,,,,
1/1/1929,,1.586614295,,,,,
2/1/1929,,1.984252005,,,,,
3/1/1929,,3.173228387,,,,,
4/1/1929,,3.818897677,,,,,
5/1/1929,,6.387139108,,,,,
6/1/1929,,7.204724646,,,,,
7/1/1929,,8.909448819,,,,,
8/1/1929,,7.973753281,,,,,
9/1/1929,,5.984252087,,,,,
10/1/1929,,4.271653584,,,,,
11/1/1929,,2.755905512,,,,,
12/1/1929,,1.790026247,,,,,
1/1/1930,,1.46456697,,,,,
2/1/1930,,2.131233633,,,,,
3/1/1930,,3.051181143,,,,,
4/1/1930,,4.173228386,,,,,
5/1/1930,,5.207349081,,,,,
6/1/1930,,7.992125984,,,,,
7/1/1930,,8.909448819,,,,,
8/1/1930,,7.566929134,,,,,
9/1/1930,,5.433070866,,,,,
10/1/1930,,3.864829437,,,,,
11/1/1930,,2.559055157,,,,,
12/1/1930,,1.912073491,,,,,
1/1/1931,,1.708661458,,,,,
2/1/1931,,1.800524934,,,,,
3/1/1931,,3.132545972,,,,,
4/1/1931,,4.803149724,,,,,
5/1/1931,,6.590551303,,,,,
6/1/1931,,7.047244094,,,,,
7/1/1931,,9.519685161,,,,,
8/1/1931,,7.933070988,,,,,
9/1/1931,,5.433071102,,,,,
10/1/1931,,3.946194266,,,,,
11/1/1931,,2.204724449,,,,,
12/1/1931,,1.46456697,,,,,
1/1/1932,,1.505249385,,,,,
2/1/1932,,1.864829396,,,,,
3/1/1932,,3.091863598,,,,,
4/1/1932,,4.05511815,,,,,
5/1/1932,,5.695538058,,,,,
6/1/1932,,7.677165591,,,,,
7/1/1932,,8.787401697,,,,,
8/1/1932,,7.93307111,,,,,
9/1/1932,,6.338582795,,,,,
10/1/1932,,4.027559055,,,,,
11/1/1932,,2.677165354,,,,,
12/1/1932,,1.627296669,,,,,
1/1/1933,,1.423884514,,,,,
2/1/1933,,1.874015785,,,,,
3/1/1933,,2.888451444,,,,,
4/1/1933,,4.212598465,,,,,
5/1/1933,,5.125984252,,,,,
6/1/1933,,7.204724409,,,,,
7/1/1933,,9.356955503,,,,,
8/1/1933,,8.014435696,,,,,
9/1/1933,,5.984251969,,,,,
10/1/1933,,4.556430487,,,,,
11/1/1933,,2.795275591,,,,,
12/1/1933,,1.586614214,,,,,
1/1/1934,,1.54593184,,,,,
2/1/1934,,1.763779528,,,,,
3/1/1934,,3.702099738,,,,,
4/1/1934,,5.078740157,,,,,
5/1/1934,,6.468503937,,,,,
6/1/1934,,6.929133858,,,,,
7/1/1934,,9.072178478,,,,,
8/1/1934,,7.973753281,,,,,
9/1/1934,,6.102362323,,,,,
10/1/1934,,3.986876681,,,,,
11/1/1934,,2.047244173,,,,,
12/1/1934,,1.423884514,,,,,
1/1/1935,,1.46456697,,,,,
2/1/1935,,1.763779528,,,,,
3/1/1935,,2.685039411,,,,,
4/1/1935,,3.622047283,,,,,
5/1/1935,,5.736220594,,,,,
6/1/1935,,7.952755906,,,,,
7/1/1935,,8.543307209,,,,,
8/1/1935,,7.973753281,,,,,
9/1/1935,,6.141732402,,,,,
10/1/1935,,3.661417364,,,,,
11/1/1935,,2.283464567,,,,,
12/1/1935,,1.749343832,,,,,
1/1/1936,,1.545931759,,,,,
2/1/1936,,1.636482978,,,,,
3/1/1936,,3.132545972,,,,,
4/1/1936,,4.448818898,,,,,
5/1/1936,,6.143044741,,,,,
6/1/1936,,7.244094606,,,,,
7/1/1936,,8.787401697,,,,,
8/1/1936,,7.973753403,,,,,
9/1/1936,,6.023622283,,,,,
10/1/1936,,3.905511852,,,,,
11/1/1936,,2.755905512,,,,,
12/1/1936,,1.54593184,,,,,
1/1/1937,,1.627296669,,,,,
2/1/1937,,1.837270341,,,,,
3/1/1937,,2.725721825,,,,,
4/1/1937,,3.976377953,,,,,
5/1/1937,,6.509186352,,,,,
6/1/1937,,7.047244213,,,,,
7/1/1937,,8.909448819,,,,,
8/1/1937,,8.217847769,,,,,
9/1/1937,,6.102362205,,,,,
10/1/1937,,4.06824147,,,,,
11/1/1937,,2.283464606,,,,,
12/1/1937,,1.627296669,,,,,
1/1/1938,,1.423884514,,,,,
2/1/1938,,1.433070903,,,,,
3/1/1938,,2.115485646,,,,,
4/1/1938,,3.858267756,,,,,
5/1/1938,,5.776903009,,,,,
6/1/1938,,7.283464685,,,,,
7/1/1938,,8.583989501,,,,,
8/1/1938,,7.607611671,,,,,
9/1/1938,,5.905511929,,,,,
10/1/1938,,3.37664042,,,,,
11/1/1938,,2.322834646,,,,,
12/1/1938,,1.505249385,,,,,
1/1/1939,,1.54593184,,,,,
2/1/1939,,1.800524934,,,,,
3/1/1939,,2.888451444,,,,,
4/1/1939,,4.724409567,,,,,
5/1/1939,,6.102362327,,,,,
6/1/1939,,7.598425315,,,,,
7/1/1939,,8.868766526,,,,,
8/1/1939,,8.014435696,,,,,
9/1/1939,,5.433070866,,,,,
10/1/1939,,3.702099819,,,,,
11/1/1939,,2.755905512,,,,,
12/1/1939,,1.708661458,,,,,
1/1/1940,,1.342519685,,,,,
2/1/1940,,1.522309711,,,,,
3/1/1940,,2.888451444,,,,,
4/1/1940,,4.05511815,,,,,
5/1/1940,,6.63123384,,,,,
6/1/1940,,8.149606417,,,,,
7/1/1940,,8.706036745,,,,,
8/1/1940,,8.014435696,,,,,
9/1/1940,,5.078740157,,,,,
10/1/1940,,3.783464608,,,,,
11/1/1940,,2.086614252,,,,,
12/1/1940,,1.505249385,,,,,
1/1/1941,,1.423884514,,,,,
2/1/1941,,1.469816346,,,,,
3/1/1941,,2.725721825,,,,,
4/1/1941,,3.543307126,,,,,55221.48
5/1/1941,,5.69553818,,,,,55233.87
6/1/1941,,6.850393701,,,,,55235.64
7/1/1941,,8.38057755,,,,,55263.96
8/1/1941,,6.916010621,,,,,55288.74
9/1/1941,,5.511811142,,,,,55240.95
10/1/1941,,3.498687664,,,,,55175.46
11/1/1941,,2.283464567,,,,,55180.77
12/1/1941,,1.3832021,,,,,55157.76
1/1/1942,,1.46456697,,,,,55203.78
2/1/1942,,1.690288714,,,,,55237.41
3/1/1942,,3.010498688,,,,,55248.03
4/1/1942,,3.74015748,,,,,55272.81
5/1/1942,,5.410761277,,,,,55306.44
6/1/1942,,7.322834646,,,,,55311.75
7/1/1942,,8.99081377,,,,,55324.14
8/1/1942,,7.851706281,,,,,55347.15
9/1/1942,,5.905511929,,,,,55308.21
10/1/1942,,4.027559055,,,,,55267.5
11/1/1942,,2.244094528,,,,,55223.25
12/1/1942,,1.54593184,,,,,55202.01
1/1/1943,,1.627296669,,,,,55205.55
2/1/1943,,1.947506635,,,,,55292.28
3/1/1943,,2.725721825,,,,,55327.68
4/1/1943,,4.251968543,,,,,55357.77
5/1/1943,,6.265091986,,,,,55377.24
6/1/1943,,6.811023622,,,,,55389.63
7/1/1943,,8.665354331,,,,,55402.02
8/1/1943,,7.688976378,,,,,55433.88
9/1/1943,,6.25984252,,,,,55403.79
10/1/1943,,3.783464608,,,,,55364.85
11/1/1943,,2.480315,,,,,55285.2
12/1/1943,,1.667979043,,,,,55271.04
1/1/1944,,1.708661458,,,,,55272.81
2/1/1944,,1.750656168,,,,,55292.28
3/1/1944,,3.051181143,,,,,55322.37
4/1/1944,,3.897637835,,,,,55340.07
5/1/1944,,6.143044741,,,,,55343.61
6/1/1944,,6.574803386,,,,,55332.99
7/1/1944,,8.706036745,,,,,55304.67
8/1/1944,,8.095800525,,,,,55260.42
9/1/1944,,6.102362323,,,,,55180.77
10/1/1944,,4.149606299,,,,,55109.97
11/1/1944,,1.850393701,,,,,55079.88
12/1/1944,,1.667979043,,,,,55058.64
1/1/1945,,1.586614214,,,,,55060.41
2/1/1945,,1.690288714,,,,,55071.03
3/1/1945,,2.644356955,,,,,55122.36
4/1/1945,,4.566929173,,,,,55132.98
5/1/1945,,5.654855765,,,,,55138.29
6/1/1945,,7.204724528,,,,,55179
7/1/1945,,9.153543429,,,,,55230.33
8/1/1945,,7.729658793,,,,,55260.42
9/1/1945,,5.984252087,,,,,55251.57
10/1/1945,,3.742782193,,,,,55207.32
11/1/1945,,2.007874055,,,,,55205.55
12/1/1945,,1.3832021,,,,,55193.16
1/1/1946,,1.790026247,,,,,55246.26
2/1/1946,,2.020997449,,,,,55260.42
3/1/1946,,2.929133858,,,,,55281.66
4/1/1946,,4.685039488,,,,,55334.76
5/1/1946,,6.102362327,,,,,55368.39
6/1/1946,,7.480314961,,,,,55347.15
7/1/1946,,8.502624794,,,,,55315.29
8/1/1946,,7.933070988,,,,,55292.28
9/1/1946,,5.866141732,,,,,55244.49
10/1/1946,,3.417322835,,,,,55170.15
11/1/1946,,1.850393701,,,,,55141.83
12/1/1946,,1.423884514,,,,,55200.24
1/1/1947,,1.790026247,,,,,55244.49
2/1/1947,,1.984252005,,,,,55278.12
3/1/1947,,3.132545972,,,,,55324.14
4/1/1947,,4.212598465,,,,,55361.31
5/1/1947,,6.63123384,,,,,55356
6/1/1947,,7.007874134,,,,,55320.6
7/1/1947,,8.665354331,,,,,55271.04
8/1/1947,,7.44488189,,,,,55198.47
9/1/1947,,6.25984252,,,,,55111.74
10/1/1947,,3.580052534,,,,,55060.41
11/1/1947,,1.968503937,,,,,54998.46
12/1/1947,,1.54593184,,,,,54959.52
1/1/1948,,1.952755906,,,,,54945.36
2/1/1948,,1.902887139,,,,,54954.21
3/1/1948,,2.725721825,,,,,54945.36
4/1/1948,,3.818897638,,,,,54947.13
5/1/1948,,5.532808521,,,,,54936.51
6/1/1948,,7.007874134,,,,,54909.96
7/1/1948,,8.74671916,,,,,54885.18
8/1/1948,,7.770341207,,,,,54826.77
9/1/1948,,6.062992244,,,,,54727.65
10/1/1948,,3.905511852,,,,,54658.62
11/1/1948,,2.401574882,,,,,54617.91
12/1/1948,,1.54593184,,,,,54559.5
1/1/1949,,1.586614214,,,,,54573.66
2/1/1949,,1.763779528,,,,,54577.2
3/1/1949,,2.440944923,,,,,54577.2
4/1/1949,,4.842519685,,,,,54578.97
5/1/1949,,5.654855643,,,,,54568.35
6/1/1949,,7.716535551,,,,,54550.65
7/1/1949,,8.868766526,,,,,54490.47
8/1/1949,,7.44488189,,,,,54435.6
9/1/1949,,6.141732402,,,,,54361.26
10/1/1949,,3.946194266,,,,,54279.84
11/1/1949,,2.559055157,,,,,54230.28
12/1/1949,,1.667979043,,,,,54226.74
1/1/1950,,1.545931759,,0.388481285,,,54196.65
2/1/1950,,2.094488226,,0.048267446,,,54205.5
3/1/1950,,2.888451444,,0.204423889,,,54209.04
4/1/1950,,4.606299213,,0.551269739,,,54209.04
5/1/1950,,6.265091986,,2.105267187,,,54189.57
6/1/1950,,7.480314961,,3.243876448,,,54164.79
7/1/1950,,8.828084112,,3.400968937,,,54108.09
8/1/1950,,8.014435696,,2.780337191,,,54030.87
9/1/1950,,5.275590551,,2.578693867,,,53909.1
10/1/1950,,3.864829396,,1.592488178,,,53840.79
11/1/1950,,2.047244173,,0.901996107,,,53739.81
12/1/1950,,1.423884514,,0.594883738,,,53796.24
1/1/1951,,1.46456697,,0.614914169,,,53825.94
2/1/1951,,1.874015785,,0.504105471,,,53796.24
3/1/1951,,3.051181184,,0.722499834,,,53796.24
4/1/1951,,4.173228346,,1.329182719,,,53751.69
5/1/1951,,5.898950131,,2.627660802,,,53742.78
6/1/1951,,7.440944882,,2.945573808,,,53686.35
7/1/1951,,8.828084112,,3.364736115,,,53632.89
8/1/1951,,7.607611671,,3.30304239,,,53540.82
9/1/1951,,6.220472441,,2.20294023,,,53395.29
10/1/1951,,3.580052493,,1.756025511,,,53291.34
11/1/1951,,2.086614252,,0.985779303,,,53196.3
12/1/1951,,1.3832021,,0.733227242,,,53187.39
1/1/1952,,1.342519685,,0.220581769,,,53193.33
2/1/1952,,1.902887139,,0.083886505,,,53226
3/1/1952,,2.278215264,,0.188711129,,,53243.82
4/1/1952,,4.094488228,,0.163282463,,,53288.37
5/1/1952,,6.387139108,,1.428906333,,,53338.86
6/1/1952,,6.771653543,,3.198991055,,,53424.99
7/1/1952,,8.583989623,,2.8692723,,,53454.69
8/1/1952,,7.933070988,,3.378401319,,,53588.34
9/1/1952,,5.905511929,,2.328679639,,,53525.97
10/1/1952,,4.434383243,,1.499903079,,,53442.81
11/1/1952,,2.244094528,,1.182120594,,,53392.32
12/1/1952,,1.30183727,,0.60374164,,,53380.44
1/1/1953,,1.46456697,,0.257348736,,,53433.9
2/1/1953,,2.094488226,,0.467881264,,,53487.36
3/1/1953,,3.132545972,,0.573206362,,,53496.27
4/1/1953,,4.212598465,,1.309195365,,,53540.82
5/1/1953,,4.963254715,,2.448766806,,,53520.03
6/1/1953,,6.732283465,,2.968791876,,,53475.48
7/1/1953,,9.031496063,,3.289733282,,,53427.96
8/1/1953,,7.282152475,,3.279406483,,,53356.68
9/1/1953,,5.984251969,,2.155427189,,,53199.27
10/1/1953,,3.824146982,,1.664731262,,,53107.2
11/1/1953,,2.086614252,,0.953859844,,,53038.89
12/1/1953,,1.708661458,,0.632140339,,,52961.67
1/1/1954,,1.627296669,,0.399119669,,,52934.94
2/1/1954,,2.020997449,,0.072148889,,,52955.73
3/1/1954,,2.603674541,,0.446035387,,,52988.4
4/1/1954,,4.606299213,,0.71478697,,,52997.31
5/1/1954,,6.63123384,,2.696298408,,,52976.52
6/1/1954,,7.007874134,,2.954016742,,,52893.36
7/1/1954,,8.787401697,,3.3123009,,,52810.2
8/1/1954,,7.322834768,,3.197014647,,,52712.19
9/1/1954,,5.905511929,,2.340008678,,,52539.93
10/1/1954,,4.149606299,,1.58736929,,,52418.16
11/1/1954,,2.165354409,,0.867018238,,,52335
12/1/1954,,1.54593184,,0.800306926,,,52296.39
1/1/1955,,1.342519685,,0.301282146,,,52284.51
2/1/1955,,1.947506635,,0.113318242,,,52275.6
3/1/1955,,3.051181143,,0.138278958,,,52272.63
4/1/1955,,3.858267756,,0.409419833,,,52269.66
5/1/1955,,5.69553818,,0.982895424,,,52245.9
6/1/1955,,7.322834764,,2.857439916,,,52198.38
7/1/1955,,8.299212598,,3.317731372,,,52115.22
8/1/1955,,8.095800525,,3.002363379,,,52035.03
9/1/1955,,6.062992244,,2.607124155,,,51922.17
10/1/1955,,4.108923885,,1.582205891,,,51791.49
11/1/1955,,2.165354331,,1.039969155,,,51705.36
12/1/1955,,1.342519685,,0.629736687,,,51654.87
1/1/1956,,1.342519685,,0.487253561,,,51752.88
2/1/1956,,1.94094492,,0.349884872,,,51809.31
3/1/1956,,3.376640461,,0.275910269,,,51788.52
4/1/1956,,3.976377953,,0.761481563,,,51761.79
5/1/1956,,5.614173228,,2.230835727,,,51788.52
6/1/1956,,7.519685039,,3.230867438,,,51755.85
7/1/1956,,8.421259965,,3.355255044,,,51705.36
8/1/1956,,7.526246841,,3.111863063,,,51678.63
9/1/1956,,5.944882008,,2.309984571,,,51598.44
10/1/1956,,3.580052493,,1.840731974,,,51488.55
11/1/1956,,2.480315,,0.768675288,,,51435.09
12/1/1956,,1.871391076,,0.639529341,,,51438.06
1/1/1957,,1.505249385,,0.432548231,,,51452.91
2/1/1957,,1.727034121,,0.052247687,,,51527.16
3/1/1957,,2.644356955,,0.457118892,,,51598.44
4/1/1957,,3.937007874,,1.285761916,,,51625.17
5/1/1957,,5.125984374,,2.200255937,,,51625.17
6/1/1957,,7.716535551,,3.257230069,,,51619.23
7/1/1957,,8.583989623,,3.520261276,,,51562.8
8/1/1957,,7.729658793,,3.162873892,,,51441.03
9/1/1957,,5.787401693,,2.241321119,,,51295.5
10/1/1957,,3.173228387,,1.657253235,,,51188.58
11/1/1957,,2.086614252,,0.891356287,,,51129.18
12/1/1957,,1.54593184,,0.596797758,,,51111.36
1/1/1958,,1.586614214,,0.352560047,,,51152.94
2/1/1958,,1.543307123,,0.210974845,,,51161.85
3/1/1958,,2.237532808,,0.548057044,,,51230.16
4/1/1958,,3.661417323,,0.959028988,,,51310.35
5/1/1958,,6.265091864,,2.071170944,,,51375.69
6/1/1958,,6.653543425,,3.161988605,,,51435.09
7/1/1958,,8.299212598,,3.264717501,,,51467.76
8/1/1958,,7.729658793,,2.967732992,,,51497.46
9/1/1958,,5.669291339,,2.506067405,,,51441.03
10/1/1958,,4.190288755,,1.526699343,,,51316.29
11/1/1958,,2.322834646,,0.92573109,,,51247.98
12/1/1958,,1.871391076,,0.534258304,,,51206.4
1/1/1959,,1.46456697,,0.513782753,,,51200.46
2/1/1959,,1.653543307,,0.467800855,,,51212.34
3/1/1959,,3.335958005,,0.674248754,,,51265.8
4/1/1959,,4.842519685,,1.52935779,,,51298.47
5/1/1959,,5.532808521,,2.92526848,,,51301.44
6/1/1959,,7.874015866,,3.012384984,,,51242.04
7/1/1959,,9.153543429,,3.243707805,,,51164.82
8/1/1959,,7.526246719,,3.238722454,,,51054.93
9/1/1959,,5.236220591,,2.52739012,,,50894.55
10/1/1959,,3.864829396,,1.430063647,,,50790.6
11/1/1959,,2.677165354,,0.723143751,,,50719.32
12/1/1959,,1.830708661,,0.633075092,,,50668.83
1/1/1960,,1.46456697,,0.387546531,,,50648.04
2/1/1960,,1.674540682,,0.154133725,,,50618.34
3/1/1960,,3.010498728,,0.417414128,,,50642.1
4/1/1960,,4.251968543,,1.576483147,,,50653.98
5/1/1960,,5.939632546,,2.667232029,,,50606.46
6/1/1960,,8.149606417,,3.017424899,,,50550.03
7/1/1960,,8.950131356,,3.100289926,,,50457.96
8/1/1960,,7.973753281,,3.298012527,,,50374.8
9/1/1960,,6.181102362,,2.3137322,,,50232.24
10/1/1960,,3.783464608,,1.638780727,,,50140.17
11/1/1960,,1.850393701,,0.979317875,,,50054.04
12/1/1960,,1.54593184,,0.588073392,,,50042.16
1/1/1961,,1.749343832,,0.067326723,,,50039.19
2/1/1961,,1.837270341,,0.065233724,,,50039.19
3/1/1961,,2.725721825,,0.320911968,,,50033.25
4/1/1961,,4.37007874,,1.081753063,,,50012.46
5/1/1961,,5.654855643,,2.47792221,,,49953.06
6/1/1961,,7.913385945,,3.02793549,,,49914.45
7/1/1961,,8.99081377,,3.545277057,,,49863.96
8/1/1961,,7.36351706,,3.166034249,,,49739.22
9/1/1961,,5.511811142,,2.594588982,,,49653.09
10/1/1961,,3.864829396,,1.747835291,,,49534.29
11/1/1961,,2.204724449,,0.918106603,,,49430.34
12/1/1961,,1.3832021,,0.490413918,,,49385.79
1/1/1962,,1.627296669,,0.273373081,,,49356.09
2/1/1962,,1.433070903,,0.086381263,,,49373.91
3/1/1962,,2.481627378,,0.141928947,,,49409.55
4/1/1962,,4.763779646,,0.252967098,,,49504.59
5/1/1962,,5.410761277,,1.755980999,,,49465.98
6/1/1962,,7.440944882,,3.067780969,,,49433.31
7/1/1962,,8.74671916,,3.311588707,,,49376.88
8/1/1962,,7.688976378,,3.148674543,,,49290.75
9/1/1962,,6.023622047,,2.27276674,,,49163.04
10/1/1962,,3.742782193,,1.720415857,,,49068
11/1/1962,,2.244094528,,1.031827755,,,48984.84
12/1/1962,,1.749343832,,0.579705124,,,48943.26
1/1/1963,,1.830708661,,0.604898953,,,48910.59
2/1/1963,,1.874015785,,0.291263127,,,48958.11
3/1/1963,,2.76640424,,0.808808731,,,49053.15
4/1/1963,,3.267716575,,1.289294164,,,49038.3
5/1/1963,,5.532808399,,1.989402277,,,49008.6
6/1/1963,,6.377952756,,3.102500381,,,48990.78
7/1/1963,,8.502624794,,3.342034961,,,48967.02
8/1/1963,,7.485564304,,3.10531979,,,48889.8
9/1/1963,,5.55118122,,2.095378974,,,48768.03
10/1/1963,,3.539370079,,1.708976257,,,48699.72
11/1/1963,,1.850393701,,1.028855498,,,48607.65
12/1/1963,,1.627296669,,0.52148334,,,48566.07
1/1/1964,,1.586614214,,0.492906594,,,48554.19
2/1/1964,,2.283464605,,0.133480126,,,48530.43
3/1/1964,,2.807086614,,0.209320216,,,48548.25
4/1/1964,,4.094488228,,0.540328385,,,48560.13
5/1/1964,,5.614173228,,1.753087714,,,48494.79
6/1/1964,,6.968504055,,2.897371547,,,48491.82
7/1/1964,,8.787401575,,3.367718423,,,48373.83
8/1/1964,,7.607611671,,3.274421131,,,48243.98
9/1/1964,,5.669291339,,2.28758495,,,48103
10/1/1964,,4.312335958,,1.500704296,,,47932.34
11/1/1964,,1.968503937,,1.149253459,,,47835.88
12/1/1964,,1.342519685,,0.560386887,,,47735.71
1/1/1965,,1.220472457,,0.418348882,,,47765.39
2/1/1965,,2.131233596,,0.11536867,,,47754.26
3/1/1965,,2.888451444,,0.320778432,,,47746.84
4/1/1965,,3.503937008,,0.773844431,,,47795.07
5/1/1965,,5.736220594,,2.252958224,,,47735.71
6/1/1965,,6.692913504,,3.118180116,,,47668.76
7/1/1965,,8.38057755,,3.17640556,,,47594.36
8/1/1965,,7.160104987,,3.2879528,,,47546
9/1/1965,,5.275590551,,2.408413674,,,47449.28
10/1/1965,,4.312335958,,1.231851414,,,47382.32
11/1/1965,,1.850393701,,1.028510888,,,47341.45
12/1/1965,,1.54593184,,0.765587515,,,47337.74
1/1/1966,,1.505249385,,0.350601517,,,47374.88
2/1/1966,,1.837270341,,0.078662009,,,47438.12
3/1/1966,,3.295275631,,0.167567898,,,47482.76
4/1/1966,,4.803149606,,0.563632606,,,47497.64
5/1/1966,,6.712598425,,2.017088782,,,47419.52
6/1/1966,,7.519685157,,2.922355739,,,47334.03
7/1/1966,,8.583989623,,3.29636558,,,47215.31
8/1/1966,,7.933070866,,3.220249946,,,47085.46
9/1/1966,,5.629921378,,2.355817641,,,46907.38
10/1/1966,,3.98687664,,1.51543779,,,46770.11
11/1/1966,,2.086614252,,0.998702162,,,46688.49
12/1/1966,,1.3832021,,0.761047283,,,46599.45
1/1/1967,,1.54593184,,0.369074024,,,46658.81
2/1/1967,,1.984252005,,0.112996607,,,46721.88
3/1/1967,,2.685039411,,0.531854652,,,46721.88
4/1/1967,,2.913385827,,1.116903237,,,46758.98
5/1/1967,,5.858267717,,1.693397033,,,46781.24
6/1/1967,,6.692913504,,2.649037291,,,46807.21
7/1/1967,,8.706036745,,3.309318592,,,46866.57
8/1/1967,,7.892388573,,3.083953998,,,47244.99
9/1/1967,,5.433070866,,2.418622731,,,47256.12
10/1/1967,,4.06824147,,1.601746688,,,47256.12
11/1/1967,,2.165354409,,0.942143119,,,47196.76
12/1/1967,,1.423884514,,0.908649297,,,47233.86
1/1/1968,,1.627296669,,0.102758329,,,47233.86
2/1/1968,,1.67454072,,0.03383484,,,47308.06
3/1/1968,,2.847769029,,0.202153774,,,47363.72
4/1/1968,,4.291338622,,0.931977138,,,47337.74
5/1/1968,,5.939632668,,2.456689953,,,47278.38
6/1/1968,,7.559055236,,3.062094912,,,47196.76
7/1/1968,,8.543307209,,3.297478382,,,47096.59
8/1/1968,,6.712598547,,3.161004385,,,46977.87
9/1/1968,,5.708661417,,2.292667942,,,46796.08
10/1/1968,,3.742782152,,1.547441966,,,46677.36
11/1/1968,,1.850393701,,1.043458327,,,46592.03
12/1/1968,,1.423884514,,0.821361134,,,46528.96
1/1/1969,,1.30183727,,0.423334233,,,46502.99
2/1/1969,,1.396325533,,0.111509042,,,46673.65
3/1/1969,,2.685039411,,0.144688695,,,46810.92
4/1/1969,,4.094488228,,0.372503536,,,46896.25
5/1/1969,,6.3057744,,1.480940939,,,47096.59
6/1/1969,,6.299212598,,3.134032155,,,47319.19
7/1/1969,,8.543307209,,3.000760945,,,47572.04
8/1/1969,,8.13648294,,3.165989737,,,47732
9/1/1969,,5.944882008,,2.324673553,,,47653.88
10/1/1969,,3.335958046,,1.759586477,,,47546
11/1/1969,,2.401574882,,0.870808943,,,47456.72
12/1/1969,,1.46456697,,0.746224765,,,47430.68
1/1/1970,,1.30183727,,0.366892932,,,47423.24
2/1/1970,,2.020997449,,0.324069955,,,47553.44
3/1/1970,,2.969816314,,0.73469614,,,47624.12
4/1/1970,,3.976377953,,1.567566374,,,47642.72
5/1/1970,,6.38713923,,2.371849954,,,47583.2
6/1/1970,,7.244094606,,3.122358506,,,47519.96
7/1/1970,,8.74671916,,3.382496429,,,47426.96
8/1/1970,,8.05511811,,3.081995466,,,47345.16
9/1/1970,,5.944882008,,2.462732754,,,47170.79
10/1/1970,,3.905511852,,1.700919573,,,46996.42
11/1/1970,,2.047244173,,0.924223423,,,46885.12
12/1/1970,,1.342519685,,0.703048061,,,46877.7
1/1/1971,,1.586614214,,0.236160993,,,46888.83
2/1/1971,,1.947506635,,0.154769028,,,46896.25
3/1/1971,,3.010498728,,0.151009409,,,46885.12
4/1/1971,,4.015748071,,0.557903473,,,46885.12
5/1/1971,,5.003937008,,1.776144965,,,46844.31
6/1/1971,,7.204724409,,2.992699164,,,46818.34
7/1/1971,,8.787401575,,3.196970135,,,46707.04
8/1/1971,,7.811023866,,3.155039768,,,46614.29
9/1/1971,,5.62992126,,2.565038713,,,46480.73
10/1/1971,,3.580052534,,1.701320181,,,46298.94
11/1/1971,,2.047244134,,0.855689199,,,46224.74
12/1/1971,,1.423884514,,0.671711566,,,46169.09
1/1/1972,,1.505249425,,0.102847353,,,46198.77
2/1/1972,,2.093175853,,0.066522492,,,46221.03
3/1/1972,,3.661417404,,0.320377823,,,46198.77
4/1/1972,,4.094488228,,0.817265234,,,46198.77
5/1/1972,,6.3057744,,1.989135205,,,46157.96
6/1/1972,,7.440944882,,2.899740738,,,46083.76
7/1/1972,,8.787401575,,3.440139556,,,45998.43
8/1/1972,,7.607611671,,3.167770219,,,45849.96
9/1/1972,,5.314960748,,2.455711334,,,45708.6
10/1/1972,,3.173228387,,1.765284021,,,45615.6
11/1/1972,,1.692913386,,0.884851782,,,45537.48
12/1/1972,,1.342519685,,0.737366864,,,45496.58
1/1/1973,,1.261154856,,0.081481561,,,45481.74
2/1/1973,,1.506561717,,0.031864032,,,45526.32
3/1/1973,,2.237532849,,0.157508171,,,45589.56
4/1/1973,,4.05511815,,0.240518078,,,45619.32
5/1/1973,,6.549868888,,1.063462265,,,45585.84
6/1/1973,,7.677165472,,2.935450903,,,45541.2
7/1/1973,,8.706036745,,3.35494346,,,45452.06
8/1/1973,,7.607611671,,3.321826482,,,45366.73
9/1/1973,,5.511811024,,2.22241067,,,45203.49
10/1/1973,,3.742782152,,1.690370212,,,45051.38
11/1/1973,,1.771653543,,1.242556494,,,44943.79
12/1/1973,,1.342519742,,0.619320863,,,44914.11
1/1/1974,,1.342519685,,0.358257591,,,44947.5
2/1/1974,,1.910761192,,0.130525746,,,45010.57
3/1/1974,,2.644356955,,0.253921307,,,45014.28
4/1/1974,,3.779527559,,0.97177954,,,45003.15
5/1/1974,,6.265091864,,2.420457131,,,44951.21
6/1/1974,,7.874015748,,3.221649133,,,44873.3
7/1/1974,,8.299212598,,3.371012316,,,44737.91
8/1/1974,,7.526246841,,3.129578866,,,44521.1
9/1/1974,,6.25984252,,2.311923,,,44280.2
10/1/1974,,3.824147022,,1.62978929,,,43983.09
11/1/1974,,2.047244134,,0.937232434,,,43838.4
12/1/1974,,1.342519685,,0.688448103,,,43741.92
1/1/1975,,1.54593184,,0.180832494,,,43613.28
2/1/1975,,1.543307123,,0.121278723,,,43597.2
3/1/1975,,2.237532849,,0.355141747,,,43693.68
4/1/1975,,3.149606339,,0.711082417,,,43725.84
5/1/1975,,5.898950131,,1.601123519,,,43725.84
6/1/1975,,7.244094606,,3.19214194,,,43629.36
7/1/1975,,8.38057755,,3.036637671,,,43388.16
8/1/1975,,7.160104987,,3.096461888,,,43082.73
9/1/1975,,6.023622047,,2.222281441,,,42777.59
10/1/1975,,3.498687664,,1.953436527,,,42665.17
11/1/1975,,2.165354409,,1.028984726,,,42600.93
12/1/1975,,1.586614214,,0.58242036,,,42456.39
1/1/1976,,1.790026247,,0.414743404,,,42408.21
2/1/1976,,1.826771654,,0.464812156,,,42400.18
3/1/1976,,2.929133899,,0.783125269,,,42448.36
4/1/1976,,3.779527638,,1.639848228,,,42448.36
5/1/1976,,6.509186352,,2.703108755,,,42343.96
6/1/1976,,7.244094606,,3.073467027,,,42271.6
7/1/1976,,8.38057755,,3.363801361,,,41917.84
8/1/1976,,6.468503937,,3.046563861,,,41740.96
9/1/1976,,5.236220591,,2.337337954,,,41475.73
10/1/1976,,3.98687664,,1.627697223,,,41339.22
11/1/1976,,2.362204764,,0.798914775,,,41170.59
12/1/1976,,2.07480319,,0.532344285,,,40849.39
1/1/1977,,1.505249425,,0.532477821,,,40712.88
2/1/1977,,2.278215297,,0.251862768,,,40632.58
3/1/1977,,2.603674581,,0.767813117,,,40736.97
4/1/1977,,4.763779646,,1.149899601,,,40696.82
5/1/1977,,4.637795276,,2.40127243,,,40608.49
6/1/1977,,7.559055236,,2.844689363,,,40471.98
7/1/1977,,8.82808399,,3.416192064,,,40463.95
8/1/1977,,7.485564304,,3.08853874,,,40198.96
9/1/1977,,5.433070866,,2.483409327,,,39925.92
10/1/1977,,4.06824147,,1.579312606,,,39612.36
11/1/1977,,2.401574843,,0.97608716,,,39403.32
12/1/1977,,1.627296629,,0.611753812,,,39322.92
1/1/1978,,1.301837327,,0.421820823,,,39411.36
2/1/1978,,1.433070903,,0.373360608,,,39652.56
3/1/1978,,2.725721785,,0.50532546,,,39797.28
4/1/1978,,3.385826772,,1.577387746,,,40006.24
5/1/1978,,5.654855765,,2.608965734,,,39998.21
6/1/1978,,7.007874134,,3.40093225,,,39861.6
7/1/1978,,8.461942257,,3.124727051,,,39749.04
8/1/1978,,7.566929256,,3.17640556,,,39636.48
9/1/1978,,4.803149724,,2.345694735,,,39419.4
10/1/1978,,4.312335958,,1.579757727,,,39129.97
11/1/1978,,2.086614213,,0.996419123,,,39057.7
12/1/1978,,1.46456697,,0.601204452,,,39049.67
1/1/1979,,1.505249385,,0.086244352,,2.214829329,38897.1
2/1/1979,,1.580052493,,0.118424207,,4.131487449,39025.58
3/1/1979,,2.644356955,,0.072401099,,4.703658891,39073.76
4/1/1979,,3.897637835,,0.389906317,,6.187657108,39186.24
5/1/1979,,6.102362449,,2.00863149,,6.8580903,39113.91
6/1/1979,,7.716535433,,3.24374722,,6.958070719,38993.46
7/1/1979,,8.421259965,,3.101536264,,6.155726239,38704.38
8/1/1979,,6.916010621,,3.242372443,,4.091751317,38479.54
9/1/1979,,6.062992244,,2.284009627,,2.644325239,38142.04
10/1/1979,,3.702099778,,1.837883202,,1.756300108,37884.76
11/1/1979,,2.086614252,,1.015760334,,2.800201792,37675.72
12/1/1979,,1.708661458,,0.701579162,,1.884103843,37522.97
1/1/1980,,1.667979043,0.174659743,0.478707244,0.753959055,2.325046105,37539.04
2/1/1980,,1.712598463,0.341747323,0.327773862,1.173883465,3.76133787,37844.56
3/1/1980,,2.440944923,0.607562205,0.779519791,1.866444094,4.744598809,38150.08
4/1/1980,,4.015748071,1.375955646,1.037772269,2.265448819,6.419522072,38230.48
5/1/1980,,5.125984374,2.742719819,2.19473644,3.01056378,6.754536192,38487.57
6/1/1980,,6.88976378,3.437949956,3.096728171,3.867590551,6.414376609,38583.93
7/1/1980,,8.543307209,3.282005467,3.229552968,3.390179528,5.644870444,38471.51
8/1/1980,,7.566929134,2.50491702,3.398743334,1.84008189,3.765311445,38527.72
9/1/1980,,5.62992126,1.828215446,2.191481962,1.071496063,2.859721353,38415.3
10/1/1980,,4.06824147,1.126649842,1.673900748,0.646928504,1.564291137,38230.48
11/1/1980,,2.283464606,0.477203904,1.017354154,0.504623622,2.363373997,38077.72
12/1/1980,,1.708661458,0.284805609,0.618208061,0.534098268,1.370542992,37989.28
1/1/1981,,1.505249344,0.212512872,0.44652502,0.507208819,1.533491236,38005.36
2/1/1981,,1.800524934,0.188919171,0.414650575,0.936725669,3.318303591,38158.12
3/1/1981,,2.400262549,0.557275105,0.655420149,1.576459843,4.847106924,38254.6
4/1/1981,,4.37007874,1.70955365,1.376178846,2.479748031,6.146014843,38278.72
5/1/1981,,5.776902887,2.318187531,2.961412278,2.446412598,6.109459779,38270.68
6/1/1981,,7.874015748,2.764434629,3.227076733,2.495055118,6.495905301,38142.04
7/1/1981,,8.950131478,2.394383878,3.602786648,1.539552756,4.531070282,37908.88
8/1/1981,,7.892388573,1.999572396,3.07754426,0.651673701,2.912617966,37571.2
9/1/1981,,5.787401693,1.449038883,2.460018953,0.461253543,2.055243409,37225.86
10/1/1981,,3.295275631,1.424419714,1.710445155,0.792975118,1.997065275,36976.93
11/1/1981,,1.968503937,0.787642313,0.846901655,0.802091339,2.756029487,36800.27
12/1/1981,,1.505249344,0.32654147,0.541157674,0.675399685,2.121197896,36808.3
1/1/1982,,1.261154856,0.132366787,0.633609236,0.684362835,2.920886062,36744.06
2/1/1982,,1.910761192,0.123393368,0.198511467,1.047685039,3.297198889,36776.18
3/1/1982,,2.359580134,0.573807696,0.671355469,1.766267717,5.824811735,36984.96
4/1/1982,,3.818897677,1.554766141,0.953429082,2.19911811,6.786095852,36976.93
5/1/1982,,6.102362327,2.989412076,2.341359189,3.669618898,7.180769457,37153.59
6/1/1982,,6.535433071,3.478362083,3.14325046,3.14815748,8.343184219,37009.05
7/1/1982,,8.05511811,3.705289961,3.247891939,3.379634646,8.287595058,37025.11
8/1/1982,,7.322834646,3.145701383,3.236585874,2.372598425,6.224701278,37266.01
9/1/1982,,4.763779646,2.243812551,2.439514686,1.459275591,4.110852784,37338.28
10/1/1982,,3.254593176,1.812385777,1.659968471,1.218988346,3.06866025,37362.37
11/1/1982,,1.771653543,0.983512288,1.017741839,0.909240945,3.201344653,37699.84
12/1/1982,,1.464566929,0.388808932,0.701267578,0.824609764,1.70028634,38021.44
1/1/1983,,1.342519685,0.118104065,0.09804005,0.760813228,2.427156004,38399.24
2/1/1983,,1.46981631,0.099222507,0.078702213,0.909104882,3.84555952,38816.8
3/1/1983,,2.115485605,0.395584014,0.306222986,1.67663622,5.345651072,39403.32
4/1/1983,,3.188976378,1.51425927,0.903676078,2.163401575,6.082257997,39885.72
5/1/1983,,5.573491058,2.980284484,1.946092036,3.374362205,6.905724373,40158.81
6/1/1983,,6.929133858,3.623365633,3.17301611,4.260472441,8.927341677,40383.65
7/1/1983,,7.770341329,3.382810938,3.459635841,3.62743937,6.761558556,41098.32
8/1/1983,,6.793963255,3.202525767,3.108791731,2.446412598,5.913922724,41419.52
9/1/1983,,5.511811024,2.264094087,2.503439756,1.612346457,4.227981671,41861.56
10/1/1983,,3.580052534,1.385634589,1.647816677,1.032871181,3.093012454,42022.36
11/1/1983,,1.771653543,0.872219929,1.168637746,0.886280315,3.161028201,42231.4
12/1/1983,,1.423884514,0.231784463,0.538531462,0.599476535,2.025517856,42520.63
1/1/1984,,1.342519685,0.297081736,0.437622607,0.801411024,1.910046214,43082.73
2/1/1984,,1.94094492,0.45774683,0.330230641,1.242935433,3.146521256,43404.24
3/1/1984,,2.888451444,0.666627746,0.509509594,1.882261417,5.266720639,43725.84
4/1/1984,,3.661417323,1.523090037,1.553738916,2.622614173,6.236747546,43862.52
5/1/1984,,6.427821522,2.842314941,2.405768149,3.479811024,7.442192896,43846.44
6/1/1984,,7.007874134,2.941568087,3.25313783,2.842015748,7.453336786,43717.8
7/1/1984,,8.502624794,3.174173365,3.325120375,2.673127559,6.983058047,43500.72
8/1/1984,,7.282152475,2.682793724,3.090230199,1.961348031,5.445668837,43380.12
9/1/1984,,5.905511929,1.787124322,2.442616172,1.112314961,3.024199483,43372.08
10/1/1984,,3.091863598,1.380698393,1.792525406,0.855189921,2.525576542,43275.6
11/1/1984,,1.811023622,0.822795724,1.022480221,0.922507087,3.529371471,43042.58
12/1/1984,,1.342519685,0.312769018,0.592880695,0.671181732,2.547029372,42986.37
1/1/1985,1.187232099,1.423884514,0.186839642,0.059581624,0.721797165,2.363258618,43066.67
2/1/1985,0,1.910761192,0.217639676,0.076169333,0.996729449,3.143455449,43155
3/1/1985,1.935621029,2.481627297,0.677829866,0.1930288,1.67136378,4.5617244,43235.4
4/1/1985,2.550117598,4.606299213,1.397560535,0.281268157,2.464440945,7.685344398,43283.64
5/1/1985,4.540789696,6.102362327,2.007028054,1.989001668,2.267149606,6.700816463,43291.68
6/1/1985,5.708095287,7.834645669,2.604579483,2.977019429,2.352188976,7.882589285,43082.73
7/1/1985,6.512168024,8.502624794,2.567442282,3.415702431,1.713543307,5.920193795,42785.62
8/1/1985,7.281357771,7.526246719,1.988213565,3.094948478,0.779266772,3.711723322,42544.72
9/1/1985,5.397603741,4.842519921,2.121866887,2.610268717,1.122519685,3.24321671,42263.56
10/1/1985,4.335393837,3.620734949,1.594995715,1.689568995,0.981728504,3.68800677,42118.84
11/1/1985,2.739958409,1.771653543,0.544676427,1.138182877,0.73167874,3.207393666,42006.28
12/1/1985,1.78734856,1.545931759,0.268840079,0.512269342,0.554660787,2.090535694,41966.08
1/1/1986,0.945223915,1.586614214,0.224581358,0.221516523,0.73392378,2.366952608,42054.52
2/1/1986,1.081110899,1.469816273,0.365971962,0.420560629,1.12864252,2.94436512,42078.64
3/1/1986,1.640749725,2.76640424,0.55008817,0.565550286,1.687181102,5.293060524,42552.75
4/1/1986,2.894881681,3.937007874,1.634446214,1.639762075,2.831811024,6.799144469,42986.37
5/1/1986,4.42884888,5.939632546,2.918515177,2.525283048,3.833064567,8.707484991,43243.44
6/1/1986,5.827021611,7.440944882,3.232716198,3.42040269,3.408377953,9.031361899,43573.08
7/1/1986,6.987509222,8.13648294,2.798228822,3.430925558,2.282966929,6.6437625,43830.36
8/1/1986,6.953563716,7.811023866,2.414537717,2.957717776,1.67663622,5.623874705,43934.88
9/1/1986,5.81328621,4.803149724,1.733308895,2.690648894,0.838828346,2.997619205,43717.8
10/1/1986,4.386911837,3.539370079,1.028843173,1.357731538,0.584186457,1.510097767,43331.88
11/1/1986,3.138626144,2.244094528,0.276319588,0.878174972,0.26328189,0.960613022,43235.4
12/1/1986,1.990027279,1.545931759,0.036191075,0.617050748,0.344290394,0.932616361,43146.97
1/1/1987,1.513844199,1.30183727,0.147158965,0.370409386,0.687526299,2.814204751,43235.4
2/1/1987,1.160503509,1.690288714,0.281800962,0.123369354,0.912914646,3.569999026,43315.8
3/1/1987,1.820310487,2.562992167,0.550462942,0.361061852,1.428831496,4.50667335,43396.2
4/1/1987,2.643622451,4.842519685,1.117884719,0.805677738,1.796031496,4.615155492,43476.6
5/1/1987,3.708820156,5.695538058,1.995599204,2.457491171,1.797902362,5.98775169,43476.6
6/1/1987,5.309011095,7.637795394,2.566303742,3.093583609,2.163401575,5.974917192,43396.2
7/1/1987,6.953634137,7.851706159,2.307568904,3.47254434,1.50791811,3.349784253,43235.4
8/1/1987,6.880119306,7.729659037,1.887629278,2.992392676,0.630056693,2.02173198,42833.8
9/1/1987,5.838133901,5.984251969,1.380035354,2.271431378,0.333694488,1.138212208,42512.6
10/1/1987,4.271979764,4.108923885,1.238938585,1.611539343,0.475574173,1.294545325,42352
11/1/1987,2.935150679,1.811023622,0.642268368,1.124269266,0.677083465,2.366300114,42191.2
12/1/1987,2.052888723,1.220472473,0.300227638,0.807963002,0.564678425,2.349960351,42191.2
1/1/1988,1.303516897,1.38320214,0.18925257,0.159822798,0.72496063,2.734317283,42352
2/1/1988,1.236125668,2.283464605,0.276543332,0.068729429,1.010624882,3.001910239,42432.3
3/1/1988,2.118768152,3.173228387,0.416756434,0.322781474,1.602822047,5.074263364,42512.6
4/1/1988,2.774016695,3.937007874,1.177276492,0.873307362,1.745007874,6.812062916,42432.3
5/1/1988,4.393695837,5.736220594,2.109215584,2.368378013,2.172245669,7.754721959,42110.8
6/1/1988,5.303028454,7.12598437,2.646400531,2.95810898,2.020535433,10.00828405,41950
7/1/1988,6.491037974,8.99081377,2.529767196,3.468093133,1.750450394,7.988697452,41869.6
8/1/1988,6.519851513,7.607611549,2.327159246,3.091387512,0.963274961,5.448071899,41467.7
9/1/1988,6.015477461,5.984251969,1.573501057,2.581364591,0.596466142,3.331712815,41226.8
10/1/1988,4.513466355,4.312335958,0.814757271,1.314866418,0.230405669,1.776801526,40985.9
11/1/1988,3.079169419,1.85039374,0.628324323,1.228729035,0.643407874,2.323425151,40745
12/1/1988,2.06797853,1.423884514,0.413269907,0.717781555,0.538843465,2.292772527,40584.4
1/1/1989,1.405273842,1.342519685,0.174638888,0.18937881,0.756068031,2.331186067,40584.4
2/1/1989,0,1.837270378,0.21141062,0.141823196,0.963394016,3.628728628,40584.4
3/1/1989,1.390166093,2.888451484,0.654824168,0.251428631,1.713543307,4.762702907,40664.7
4/1/1989,2.611789009,4.68503937,1.404144275,1.1236662,2.331779528,5.500961951,40745
5/1/1989,4.403038315,5.776902887,2.530079358,2.733955617,2.393688189,9.155612242,40664.7
6/1/1989,5.417291902,7.165354449,2.985093541,3.260331555,2.464440945,10.52749836,40584.4
7/1/1989,7.095443713,8.909449063,2.640496651,3.364290994,1.876988976,8.142411367,40263.2
8/1/1989,6.88583234,7.160104987,2.437665437,3.228440166,1.349744882,6.013078446,40022.3
9/1/1989,5.856151627,5.590551299,2.155568398,2.435551676,0.986286614,4.294699021,39700.8
10/1/1989,4.578732984,3.620734949,1.463771643,1.781174829,0.904223622,2.792550397,39459.6
11/1/1989,3.070924257,2.322834646,0.732288946,0.906476031,0.623508661,3.158658591,39379.2
12/1/1989,2.14742303,1.830708661,0.078652823,0.623638534,0.469247244,1.705628143,39355.08
1/1/1990,1.464320208,1.38320214,0.234867458,0.52148334,0.773994331,2.882092437,39395.28
2/1/1990,0,1.6167979,0.219607398,0.348393646,0.862911496,3.420965427,39596.28
3/1/1990,1.684601445,3.091863517,0.539380118,0.484315765,1.602822047,5.324560869,39757.08
4/1/1990,2.470788933,4.251968504,1.179825646,1.3970708,1.938897638,7.329317932,39861.6
5/1/1990,4.467985547,5.614173228,2.137593391,2.93172273,2.114248819,7.870593017,39861.6
6/1/1990,5.704849616,7.322834764,2.693038793,3.000582107,2.33688189,9.943370631,39861.6
7/1/1990,6.47758897,8.624671916,2.740879425,3.536908789,1.95080315,8.739442573,39781.2
8/1/1990,6.697050172,7.160104987,2.163195946,3.168482412,1.091395276,5.842448871,39700.8
9/1/1990,5.796818091,5.62992126,1.622281557,2.36895588,0.653612598,3.670634868,39379.2
10/1/1990,4.968824868,4.149606299,1.015138149,1.602325345,0.52408063,2.154859297,39298.8
11/1/1990,3.224959458,2.244094528,0.376147219,1.071845538,0.394412598,2.045994142,39138
12/1/1990,2.19122227,1.586614173,0.254183402,0.892001784,0.467138268,2.273822408,39057.7
1/1/1991,0,1.627296669,0.040877662,0.244128653,0.367489134,1.729364203,38977.4
2/1/1991,1.007544387,2.167979076,-0.098147398,0.281051197,0.491459528,2.745371014,38977.4
3/1/1991,2.061341964,2.115485564,0.274162565,0.371967308,1.481555906,4.254861395,39057.7
4/1/1991,2.641112844,3.74015748,1.390537958,0.812957615,2.117480315,6.324445082,39298.8
5/1/1991,3.900763839,5.207349081,2.317141133,2.195003513,2.530771654,8.503686929,39298.8
6/1/1991,5.117048787,7.047244213,2.905870758,3.235476591,2.714456693,10.11548932,39218.4
7/1/1991,6.132456264,8.706036745,2.800980595,3.070155257,2.319874016,9.021786472,39298.8
8/1/1991,6.600266777,7.24147006,2.225792898,3.027112089,1.114066772,6.020860715,39138
9/1/1991,5.748203183,6.141732402,1.686154133,2.253899367,0.768415748,3.993635614,38816.8
10/1/1991,4.955678298,4.271653584,1.130561062,1.760476718,0.53304378,2.643141254,38575.9
11/1/1991,3.076155244,2.125984291,0.740709853,0.930986385,0.69392126,3.359435631,38495.6
12/1/1991,2.073291616,1.505249385,0.43312621,0.562300906,0.518280945,2.628522386,38415.3
1/1/1992,1.437903312,1.261154856,0.26345134,0.213815936,0.650619213,2.533882364,38415.3
2/1/1992,0.968274821,1.712598463,0.3035551,0.0417465,0.948971339,2.882612388,38495.6
3/1/1992,1.557783306,2.68503937,0.446695789,0.257126176,1.608094488,4.884949137,38736.5
4/1/1992,2.796668597,4.566929173,1.497511431,1.37273275,2.974677165,7.338877805,38816.8
5/1/1992,4.457653509,6.834645669,2.278668474,2.651341221,2.942022047,9.632287477,38736.5
6/1/1992,5.527864875,7.007874134,2.554653932,3.136659803,2.393007874,8.752850771,38656.2
7/1/1992,6.269321948,7.973753403,2.961596508,3.106210031,2.472774803,8.956112743,38495.6
8/1/1992,6.716754099,7.892388696,2.563441477,3.176984217,1.803174803,6.882433219,38575.9
9/1/1992,6.006229306,5.984252087,1.745534055,2.281381978,0.893423622,4.265599365,38254.6
10/1/1992,4.541354409,3.946194266,1.104597048,1.598230234,0.518808189,2.31294594,38093.8
11/1/1992,3.104106873,2.007874055,0.482041508,1.069820958,0.511766929,3.048260473,37933
12/1/1992,2.147089963,1.342519685,0.290945993,0.794164261,0.713888504,2.576002841,37852.6
1/1/1993,1.148677549,1.342519685,0.062161332,0.191426366,0.679090394,2.863182271,37933
2/1/1993,0,1.690288714,0.038927346,0.135913142,0.901009134,3.829638506,38254.6
3/1/1993,1.253275023,2.92913394,0.259032288,0.122032054,1.365562205,2.923218824,38495.6
4/1/1993,2.75104743,3.858267717,1.72760854,1.007489705,2.944062992,7.271341937,38816.8
5/1/1993,4.243629516,5.695538058,3.019666173,2.777176834,3.996510236,8.460410441,38977.4
6/1/1993,5.546607916,6.614173346,3.827887856,3.121927744,3.785952756,10.99759162,39057.7
7/1/1993,7.086363882,8.055118232,3.452288611,3.360151372,2.947294488,10.78433062,39218.4
8/1/1993,7.083215427,7.322834768,2.500203627,3.028759035,1.523735433,7.429941882,39218.4
9/1/1993,6.072044027,5.984251969,1.612891959,2.28973876,0.621467717,4.848872342,39138
10/1/1993,4.410700201,3.702099819,1.230085446,1.58736929,0.612657638,2.807643169,38977.4
11/1/1993,3.271076924,2.440944921,0.415188989,1.023600202,0.492377953,2.570030717,38897.1
12/1/1993,1.951761786,1.54593184,0.387901903,0.600492259,0.617930079,3.144305864,38897.1
1/1/1994,1.301165899,1.545931799,0.315088751,0.329369261,0.595258583,2.990709905,38977.4
2/1/1994,1.301441915,1.690288714,0.273845409,0.106362873,0.899104252,3.470560731,39218.4
3/1/1994,1.665294903,3.335958046,0.527817275,0.363420991,1.623911811,5.342301022,39379.2
4/1/1994,2.677322273,4.094488268,1.145885673,1.268531439,1.882771654,6.978920734,39540
5/1/1994,3.797684511,5.654855643,2.451236756,2.694829511,2.367325984,9.434706326,39540
6/1/1994,6.027063491,7.716535551,2.769237081,3.324902769,2.551181102,11.88953998,39781.2
7/1/1994,6.955092968,8.909449063,2.347767251,3.440317604,1.56064252,8.463774258,39620.4
8/1/1994,7.354040727,7.973753281,1.825323949,3.289777794,0.55887874,6.403949918,39379.2
9/1/1994,5.810956484,5.590551181,1.600506599,2.382352576,0.432170079,3.945297553,39057.7
10/1/1994,4.543179382,3.580052493,1.456457058,1.679553781,0.884188346,3.347278935,38816.8
11/1/1994,2.914732952,1.614173268,0.702712924,1.176865298,0.879647244,2.849998855,38736.5
12/1/1994,1.643498352,1.3832021,0.14002767,0.47171885,0.542006929,1.665224784,38736.5
1/1/1995,0.941173689,1.057742782,0.108425858,0.267586512,0.659055118,2.116298978,38736.5
2/1/1995,0.929107272,1.910761228,0.179463518,0.144155054,0.963870236,2.13701475,39218.4
3/1/1995,1.95175605,2.522309752,0.615851961,0.537774757,1.866444094,3.565775391,39298.8
4/1/1995,2.607696251,3.582677205,1.388896726,1.118884742,2.433826772,6.885157548,39942
5/1/1995,3.333465973,4.800524934,2.892701219,2.137182339,3.195099213,7.47007166,40022.3
6/1/1995,4.705430494,6.25984252,4.131743042,2.814579103,4.153322835,9.129674176,40263.2
7/1/1995,6.318307467,7.851706159,4.080085083,3.489058317,4.291766929,13.00216591,40664.7
8/1/1995,7.198621289,7.648294085,2.895795117,3.183527491,2.425322835,11.2309317,41226.8
9/1/1995,6.217177964,5.669291339,1.777493216,2.379811081,1.178645669,7.387216422,41467.7
10/1/1995,5.078616431,4.027559055,0.889729099,1.488686038,0.438139843,3.648494277,41387.4
11/1/1995,3.208344646,2.480315,0.239889137,0.820237492,0.217870866,1.962600529,41387.4
12/1/1995,2.186674177,1.423884514,0.263643173,0.79865998,0.615293858,2.208169065,41387.4
1/1/1996,1.531063488,1.423884514,0.242169009,0.521127244,0.737087244,3.091178347,41628.4
2/1/1996,1.120018853,1.522309787,0.195208385,0.445407768,0.922337008,3.577947904,41869.6
3/1/1996,1.950311254,2.725721825,0.669929228,0.748761953,1.855899213,4.003284063,42191.2
4/1/1996,2.976318379,3.858267756,2.040307316,1.616716311,3.224692913,6.566190454,42512.6
5/1/1996,4.449350997,5.61417335,3.099943078,2.967376895,3.653801575,7.622984896,42592.9
6/1/1996,5.666667273,7.401574803,3.431894735,3.172585348,3.637984252,9.072129203,42753.5
7/1/1996,6.708626603,8.74671916,3.214618531,3.189180523,2.836573228,11.41061259,43074.7
8/1/1996,7.47218472,7.729658793,2.492206634,3.033877923,1.67663622,10.0029537,43235.4
9/1/1996,6.360275915,5.551181102,1.586050607,2.418622731,0.642387402,6.577353178,43155
10/1/1996,4.800547136,3.539370079,1.089175585,1.739288974,0.539897953,3.855791072,42914.1
11/1/1996,2.886100417,1.850393701,0.870942896,0.781942756,0.7128,2.647580503,42833.8
12/1/1996,1.946635921,1.423884514,0.299026402,0.612644053,0.674345197,2.228598602,43155
1/1/1997,1.219253237,1.179790043,0.132324656,0.390172743,0.685417323,2.092345342,43476.6
2/1/1997,1.30464935,1.837270341,0.425832589,0.457186881,1.357228346,3.575231894,44039.3
3/1/1997,1.946133452,2.68503937,0.635448727,0.650034189,2.156428346,4.284067789,44199.9
4/1/1997,3.236168125,3.976377953,1.494133016,1.800005515,2.785889764,4.497189254,44360.5
5/1/1997,4.131881656,6.3057744,2.529087569,2.734756834,3.274185827,5.918082768,44360.5
6/1/1997,5.717796395,6.88976378,3.014626371,3.37241581,3.188976378,10.77676217,44601.4
7/1/1997,6.601721581,8.299212598,2.839233728,3.285682684,2.467502362,10.37937962,44836.2
8/1/1997,7.011925519,7.24147006,2.406743938,3.06245467,1.634456693,9.937770128,44910.4
9/1/1997,5.877006717,5.354330827,1.695435485,2.33376263,0.833725984,6.906498104,44836.2
10/1/1997,5.025704041,3.580052493,1.176571464,1.665621504,0.554133543,3.915910666,44762
11/1/1997,2.78138973,1.850393701,0.677124311,0.833634188,0.529114961,3.041681726,44601.4
12/1/1997,2.069522673,1.30183727,0.39907754,0.716001072,0.631111181,2.230911417,44681.7
1/1/1998,1.121941988,1.30183727,0.18716046,0.134807017,0.653255433,2.72369141,44762
2/1/1998,1.057664855,1.396325533,0.056761601,0.083566952,0.921010394,3.210707923,44910.4
3/1/1998,1.505665321,2.522309752,0.36338394,0.247778642,1.439376378,4.375557586,45021.7
4/1/1998,2.513502696,3.74015748,1.460209562,0.867879762,2.285858268,5.604360669,45133
5/1/1998,3.452233628,4.963254837,2.584028405,2.261103932,3.01583622,7.874372683,45170.1
6/1/1998,4.176556547,6.732283465,3.921237303,2.716666915,3.765543307,11.05660254,45207.2
7/1/1998,5.663229027,8.421259843,3.787486914,3.389484824,3.84888189,11.86262642,45392.7
8/1/1998,7.114413527,7.566929134,2.892983559,3.088894837,2.319874016,9.052870382,45615.6
9/1/1998,5.653605218,5.196850512,2.353544335,2.532473111,1.321511811,5.831055858,45690
10/1/1998,4.879203698,3.458005249,1.412139191,1.648395334,0.828827717,3.763438674,45615.6
11/1/1998,2.917730001,1.968503937,0.730481533,0.925946471,0.711269291,3.172601414,45578.4
12/1/1998,2.063268968,1.54593184,0.415941247,0.690896266,0.662745827,2.746133643,45615.6
1/1/1999,1.248780997,1.46456697,0.255875531,0.327588778,0.663800315,3.021889832,45615.6
2/1/1999,0,1.727034121,0.280549016,0.125098145,1.032445984,4.076791146,45727.2
3/1/1999,1.849633085,2.562992167,0.609590919,0.544496079,1.750450394,4.821517337,45801.6
4/1/1999,2.80162356,3.818897677,1.638268342,1.093814397,2.341984252,5.859203135,45801.6
5/1/1999,3.935870259,5.69553818,2.587910581,2.297158706,2.963111811,8.41630902,45801.6
6/1/1999,5.593035304,7.204724409,3.125523837,3.093454381,2.918551181,10.00338287,45838.8
7/1/1999,6.986579954,8.38057755,2.782167947,3.586094622,2.209152756,8.733705074,45913.1
8/1/1999,6.874419086,7.322834768,2.388036802,2.983668311,1.14095622,6.815574655,45838.8
9/1/1999,5.71926923,5.669291339,1.758851594,2.310759943,0.820970079,4.965500904,45764.4
10/1/1999,5.049107833,4.027559055,1.095359595,1.57379311,0.459229606,2.926951009,45652.8
11/1/1999,3.322595574,2.165354331,0.62692846,1.051815108,0.632692913,2.617656559,45615.6
12/1/1999,2.369435752,1.708661458,0.058092751,0.72521507,0.352726299,2.300253095,45578.4
1/1/2000,1.35772067,1.30183727,0.064173685,0.418170834,0.527244094,2.436819304,45541.2
2/1/2000,1.1463463,1.522309787,0.11068124,0.447947827,0.915925039,3.486094924,45615.6
3/1/2000,1.938895681,2.685039411,0.419080757,0.716401681,1.544825197,3.576763597,45652.8
4/1/2000,2.911094446,4.173228346,1.679245075,1.638728246,2.535874016,5.121765801,45690
5/1/2000,4.58139032,6.061680034,2.653930986,2.874346675,2.968384252,8.602884009,45690
6/1/2000,5.824915823,7.401574921,3.014957184,3.238707305,2.831811024,10.52882124,45690
7/1/2000,7.516487405,8.339895257,2.589771189,3.356189798,1.750450394,8.479508862,45727.2
8/1/2000,7.006781225,7.526246719,2.361300866,3.189225035,1.137265512,6.657578961,45615.6
9/1/2000,6.082912655,5.748031614,1.866407389,2.333331868,0.951590551,4.242779889,45504
10/1/2000,4.498324067,3.458005249,1.332940643,1.76203464,0.709143307,2.522513781,45392.7
11/1/2000,2.986940865,2.165354409,0.591195846,0.951490654,0.542381102,2.601852916,45318.5
12/1/2000,1.862977006,1.54593184,0.179872498,0.527581493,0.400705512,2.34125722,45281.4
1/1/2001,1.4710632,1.54593184,0.073816227,0.508797401,0.640601575,2.53163733,45281.4
2/1/2001,1.187749067,1.6167979,-0.015749552,0.146687934,0.85672063,3.625290938,45355.6
3/1/2001,1.442969984,2.725721825,0.435169052,0.157152075,1.56064252,4.203463385,45392.7
4/1/2001,2.955002068,3.976377953,1.61091139,1.262974609,2.352188976,6.236302025,45429.8
5/1/2001,4.313040628,6.875328084,2.662545219,2.829968145,3.084377953,9.08123134,45466.9
6/1/2001,6.720634338,7.677165472,2.636419556,3.405541403,2.285858268,9.016213239,45466.9
7/1/2001,7.116368359,8.502624794,2.737559802,3.479621759,1.639729134,8.674234195,45429.8
8/1/2001,7.345037175,7.729658793,2.22305112,3.059427849,0.964856693,6.328186025,45318.5
9/1/2001,6.299119937,5.905511929,1.619999454,2.467944973,0.525543307,3.577813955,45170.1
10/1/2001,4.958487339,3.702099738,0.975470363,1.582962596,0.344817638,2.01982195,45021.7
11/1/2001,3.095718089,1.88976378,0.623968321,1.135641381,0.676573228,2.38554054,44984.6
12/1/2001,2.021087709,1.342519685,0.180521567,0.597331902,0.602112756,2.600080116,44984.6
1/1/2002,1.480730567,1.505249385,0.121776977,0.349622251,0.73392378,2.806371925,45021.7
2/1/2002,1.280835778,2.057742819,0.175074019,0.0803908,0.99768189,3.526533901,45021.7
3/1/2002,2.043453611,2.847769029,0.626685483,0.23998903,1.708270866,4.76978028,45058.8
4/1/2002,2.618374957,4.015748071,1.360135172,1.081236149,2.229732283,4.993006642,45058.8
5/1/2002,4.475932901,5.858267717,2.503429502,2.624544957,2.831300787,8.449120885,45058.8
6/1/2002,6.013772539,7.559055236,2.82318185,3.121496982,2.63792126,11.27250554,45058.8
7/1/2002,7.150135554,8.909449063,2.570091674,3.496580856,1.78735748,11.33635758,45058.8
8/1/2002,7.730211407,7.607611671,1.994786595,3.214018257,0.758177008,7.721348169,44947.5
9/1/2002,6.314209709,5.669291339,1.542610105,2.404881426,0.49135748,4.537650757,44836.2
10/1/2002,4.84019335,3.539370079,0.944990126,1.655650801,0.35799874,2.60408638,44601.4
11/1/2002,3.209547009,1.88976378,0.651063284,0.904063764,0.69392126,3.042406277,44440.8
12/1/2002,1.941114135,1.342519685,0.338298653,0.737188816,0.683308346,2.185166079,44601.4
1/1/2003,1.196868174,1.54593184,0.198438139,0.267898096,0.648510236,1.636334121,44762
2/1/2003,1.422450264,1.506561717,0.207363781,0.407695206,1.126261417,3.573631474,44836.2
3/1/2003,2.01272637,2.76640424,0.806731518,0.659648796,1.992982677,4.348675313,44873.3
4/1/2003,2.83736102,3.385826772,1.526248857,1.664703191,2.260346457,5.545637306,44947.5
5/1/2003,3.797477641,5.776902887,2.913297871,2.293330668,3.326910236,8.650905109,44873.3
6/1/2003,5.598303496,7.322834764,3.117553636,3.485318514,3.107338583,11.27725279,44873.3
7/1/2003,6.966152896,8.787401575,2.901928648,3.317642348,2.224970079,10.8219182,44873.3
8/1/2003,7.102053796,7.24147006,2.739313849,3.270637606,1.576459843,9.935826003,44799.1
9/1/2003,6.39242235,5.669291339,1.862620761,2.292926399,0.798519685,6.37906054,44681.7
10/1/2003,5.27741844,4.108923885,0.934520438,1.725712793,0.308965039,3.327075849,44440.8
11/1/2003,3.188217824,1.88976378,0.533426236,1.059784204,0.592384252,3.546773367,44199.9
12/1/2003,1.924232185,1.30183727,0.337030753,0.622258659,0.603167244,2.97437269,44199.9
1/1/2004,1.427067341,1.342519685,0.113026429,0.359637466,0.619511811,2.358540545,44199.9
2/1/2004,1.218138693,1.560367492,0.151850281,0.111160915,1.063893543,3.490779019,44280.2
3/1/2004,1.6628863,3.173228387,0.696838262,0.303819334,1.929713386,3.584588866,44521.1
4/1/2004,3.313167537,4.015748071,1.214072078,1.472152606,2.296062992,6.52174568,44601.4
5/1/2004,4.986460094,5.69553818,2.186936098,3.035079748,2.604585827,9.375660406,44521.1
6/1/2004,6.05234193,7.12598437,2.643247124,3.038058396,2.433826772,11.68173571,44521.1
7/1/2004,7.100724701,8.421259843,2.505962983,3.255280943,1.660818898,9.773051105,44521.1
8/1/2004,7.21311636,7.200787524,2.307012622,3.0349017,1.026017008,7.381909564,44280.2
9/1/2004,6.385321558,5.433070866,1.571107699,2.362925213,0.574015748,4.895841707,44039.3
10/1/2004,4.471780364,3.295275631,1.245697069,1.623557601,0.715470236,2.764169609,43798.2
11/1/2004,2.881605493,1.850393701,0.806902231,0.810286891,0.887300787,1.996810791,43637.4
12/1/2004,1.983070461,1.423884514,0.320447583,0.542448524,0.795611339,2.708603442,43717.8
1/1/2005,1.170757922,1.057742815,0.081102055,0.225433585,0.607385197,1.797601921,43798.2
2/1/2005,0.869796438,1.359580089,0.082314278,0.136395595,0.933392126,2.607772666,44039.3
3/1/2005,1.752337336,2.359580134,0.558866962,0.538843046,1.892806299,4.162881729,44280.2
4/1/2005,2.903223458,3.74015748,1.541447352,1.280980459,2.586897638,5.363048663,44440.8
5/1/2005,3.793158875,5.492126106,3.365311451,2.362992053,3.90687874,8.319387145,44440.8
6/1/2005,5.735755066,6.732283583,3.749713885,3.404033736,4.138015748,12.16055194,44601.4
7/1/2005,6.757596866,8.909449063,3.775385306,3.288531457,3.891061417,11.80047914,44799.1
8/1/2005,7.291678335,7.485564304,2.852334281,3.27611259,2.06679685,8.599325786,44984.6
9/1/2005,6.395015461,5.393700906,1.873323814,2.493489156,1.091395276,5.140646295,44910.4
10/1/2005,4.772472471,3.539370079,1.176221886,1.614477139,0.568896378,3.378033523,44762
11/1/2005,3.217965438,2.204724449,0.513453194,0.995342219,0.467886614,2.222227062,44681.7
12/1/2005,2.063644264,1.30183727,0.387080863,0.612911125,0.751850079,2.489233899,44681.7
1/1/2006,1.493718964,1.505249385,0.132058409,0.512669951,0.769776378,3.001838066,44873.3
2/1/2006,1.461560222,1.947506635,0.36383697,0.390487703,1.238173228,3.486860922,44984.6
3/1/2006,1.889706343,2.278215223,0.524495333,0.684976161,1.660818898,5.005237299,45095.9
4/1/2006,2.157492976,3.42519689,1.518870961,1.00244979,2.214425197,6.202284031,45133
5/1/2006,3.747869559,5.939632546,3.137256425,2.315586702,4.022872441,9.266201545,45207.2
6/1/2006,5.721097223,7.440944882,3.822356655,3.240645734,4.102299213,11.6717164,45355.6
7/1/2006,6.92713193,8.74671916,3.581002809,3.339275212,3.268913386,11.27415532,45690
8/1/2006,7.805605278,7.282152353,2.658122256,3.254390701,1.934985827,10.15176225,45913.1
9/1/2006,6.459715693,5.511811142,1.719774086,2.430856371,0.895464567,5.955521346,45801.6
10/1/2006,4.673817359,3.498687664,1.253385092,1.722463413,0.708088819,3.73523173,45690
11/1/2006,2.986156731,1.732283465,0.528559562,1.043975241,0.447987402,3.860055774,45690
12/1/2006,2.177657932,1.667979043,0.207526821,0.696059666,0.498245669,2.611376233,45652.8
1/1/2007,1.591869655,1.667979043,0.201436497,0.329858893,0.501936378,2.85974048,45690
2/1/2007,1.070553019,1.6167979,0.176755033,0.133420467,0.799574173,3.399155419,45727.2
3/1/2007,1.782214518,2.969816314,0.423164527,0.262868233,1.623911811,4.640345809,45764.4
4/1/2007,2.936234814,3.937007874,1.005187991,1.105832655,1.637858268,6.886926657,45801.6
5/1/2007,4.675595832,6.265091864,1.837315516,2.704933749,2.156428346,9.613684401,45764.4
6/1/2007,6.240030181,7.480315079,2.043776273,3.223027571,1.673574803,11.48455213,45690
7/1/2007,6.825368028,8.787401575,2.020975851,3.392111036,1.169954646,11.18005505,45578.4
8/1/2007,7.26492764,7.485564304,2.018481212,3.227906021,0.775048819,8.527964381,45504
9/1/2007,6.154009032,5.314960748,1.812004888,2.712100839,0.657184252,5.916465154,45318.5
10/1/2007,4.775525118,3.417322835,1.178408582,1.602236321,0.530407559,4.256988737,45170.1
11/1/2007,3.045020778,2.204724449,0.438098743,0.9450723,0.353593701,3.974383061,45095.9
12/1/2007,2.165103779,1.423884514,0.233911816,0.781700882,0.574696063,2.960531332,45058.8
1/1/2008,1.458600461,1.179790043,0.149624138,0.445946363,0.876806929,3.031791945,45058.8
2/1/2008,1.178898361,1.674540682,0.021448117,0.110994353,0.79656378,2.903360849,45170.1
3/1/2008,1.992932371,2.76640424,0.536492637,0.263357865,1.876988976,5.611444193,45207.2
4/1/2008,3.185993216,4.05511815,1.469941374,1.082226901,2.699149606,6.492037819,45244.3
5/1/2008,4.20115156,5.532808399,2.469953211,2.492255095,2.725851969,7.836284277,45207.2
6/1/2008,5.943177422,7.322834764,3.265245609,3.227249038,2.908346457,11.86467573,45207.2
7/1/2008,6.915698538,8.421259843,2.646451345,3.450243794,1.961348031,9.95739014,45281.4
8/1/2008,7.393217547,7.607611671,2.027416041,3.212549358,0.770303622,7.082554222,45170.1
9/1/2008,6.286508828,5.669291339,1.441204942,2.401392254,0.33216378,4.296826715,44984.6
10/1/2008,4.941320897,3.783464608,1.138287847,1.639225848,0.50351811,3.775765085,44910.4
11/1/2008,2.943575723,2.007874055,0.673751729,0.971650312,0.691370079,3.479303112,44799.1
12/1/2008,2.290130752,1.423884514,0.230745342,0.915682203,0.499827402,3.08218201,44836.2
1/1/2009,1.508173881,1.667979043,0.240039682,0.325229638,0.750268346,2.590602845,44799.1
2/1/2009,1.22568093,1.6167979,0.146041219,0.392256698,0.913867087,3.661321013,44836.2
3/1/2009,2.000663092,2.603674581,0.593325431,0.644514693,1.808447244,5.492672268,44910.4
4/1/2009,3.07944875,3.976377953,1.447231947,1.564077203,2.428724409,7.161936151,44947.5
5/1/2009,3.915997296,6.3057744,2.657304285,2.609766951,3.110740157,8.941496717,44873.3
6/1/2009,4.953602084,6.692913504,3.093008084,3.013504965,2.45423622,10.5229768,44947.5
7/1/2009,6.527756029,8.624671916,3.097891905,3.371769021,2.478047244,11.35400365,44947.5
8/1/2009,7.050687744,7.36351706,2.471436261,3.211525581,1.270658268,9.094137045,44873.3
9/1/2009,5.975587006,5.787401693,1.65114082,2.348666993,0.544422047,6.043599728,44681.7
10/1/2009,4.838644936,3.295275631,1.429636988,1.835212478,0.75712252,4.126471658,44521.1
11/1/2009,3.18587239,2.165354331,0.675199569,1.024935563,0.688308661,4.75222806,44360.5
12/1/2009,1.986104557,1.057742815,0.21418707,0.667304871,0.594731339,2.603370939,44280.2
1/1/2010,1.143132696,1.3832021,0.143330829,0.391062985,0.675926929,2.163363832,44280.2
2/1/2010,0.982278341,1.6167979,0.147309569,0.116413985,0.863863937,2.9610241,44521.1
3/1/2010,1.981700235,2.644356955,0.676009175,0.622258659,1.845354331,5.548323028,44681.7
4/1/2010,2.817289356,3.700787402,1.662338318,1.280808154,2.45423622,6.965327941,44729.88
5/1/2010,4.075395598,5.166666667,2.617038581,2.415382756,2.978929134,8.452523894,44729.88
6/1/2010,5.154280342,7.244094606,3.571417475,2.998772907,3.37776378,8.547574932,44681.7
7/1/2010,6.464536011,8.74671916,3.447841705,3.374662306,2.973656693,8.511443715,44791.68
8/1/2010,7.247778894,7.200787646,2.434647267,3.313146629,1.381379528,7.631524141,44865.88
9/1/2010,6.178251761,5.984251969,1.605140975,2.189543534,0.521971654,4.944793568,44641.55
10/1/2010,4.333930978,3.580052534,1.688485989,1.916981145,1.02496252,4.485508776,44424.74
11/1/2010,3.099947028,2.086614252,0.824258743,1.216538473,0.883729134,3.890139267,44464.89
12/1/2010,1.789529667,1.505249385,0.304150791,0.497046216,0.683308346,2.575488866,44400.65
1/1/2011,1.461865471,1.3832021,0.091833405,0.501675471,0.644819528,2.484581585,44689.73
2/1/2011,1.494547547,1.727034121,0.185468347,0.195254906,1.2096,4.431302372,44762
3/1/2011,1.642953533,2.440944923,0.291128199,0.364622817,1.497373228,4.579526504,44799.1
4/1/2011,2.581827969,3.622047283,1.407276371,1.133099886,2.530771654,6.424440146,44873.3
5/1/2011,4.053871335,5.166666667,2.786081705,2.340068338,3.490355906,8.296557475,44951.21
6/1/2011,4.982876313,6.771653543,3.998472293,2.916841987,4.02576378,10.71012649,44999.44
7/1/2011,6.365272492,8.461942257,3.748587384,3.557740436,3.585259843,11.75722125,45240.59
8/1/2011,6.971054316,7.770341329,2.8396603,3.236363314,2.166973228,9.315375551,45470.61
9/1/2011,5.533438027,6.18110248,1.931085297,2.251400948,1.081700787,6.376932964,45455.77
10/1/2011,4.532728227,3.824146982,1.56772561,1.769913276,0.94007622,4.553388642,45396.41
11/1/2011,3.158789816,2.007874055,0.607821422,1.141241286,0.565341732,4.74074237,45392.7
12/1/2011,2.219124116,1.749343832,0.072183154,0.684575553,0.261513071,3.303889031,45344.47
1/1/2012,1.368469133,1.790026247,0.232429173,0.387591043,0.499827402,2.997323333,45355.6
2/1/2012,1.364184599,1.94094492,0.295696311,0.459398915,0.856737638,4.068504597,45444.64
3/1/2012,1.952320275,2.888451444,0.500740685,0.682082877,1.370834646,6.196866891,45470.61
4/1/2012,2.690840587,4.094488228,1.333648765,1.451906794,2.03584252,7.094000896,45485.45
5/1/2012,4.736853208,6.224409449,1.930039077,3.117560608,2.282966929,7.161616436,45470.61
6/1/2012,6.197210472,7.283464685,2.134796682,3.347560847,1.821543307,7.992361652,45385.28
7/1/2012,6.897806402,8.74671916,1.957541657,3.425138989,0.958529764,7.388963357,45255.43
8/1/2012,6.717774049,7.892388573,2.211314722,3.133139831,0.988055433,7.353023559,45140.42
9/1/2012,5.809345696,5.787401811,1.419818837,2.332513421,0.328592126,4.282504949,45021.7
10/1/2012,4.800772069,3.783464608,1.161115313,1.783578481,0.45975685,3.066827403,44910.4
11/1/2012,3.137027993,2.047244173,0.529473077,0.960148969,0.561770079,2.937781452,44813.94
12/1/2012,1.956155367,1.057742815,0.462531224,0.784816727,0.758177008,2.874419571,44729.88
1/1/2013,1.610393141,1.505249344,0.229698873,0.334087539,0.678035906,2.327377959,44762
2/1/2013,0,1.837270341,0.37875944,0.133782306,1.095307087,4.32904666,44780.55
3/1/2013,1.673679431,3.132545972,0.541122948,0.277512703,1.72936063,5.331722162,44802.81
4/1/2013,3.216415595,4.37007874,1.357776777,0.953644463,2.229732283,7.011908551,44799.1
5/1/2013,4.549377433,5.817585302,2.106145289,2.632512617,2.156428346,8.011404449,44776.84
6/1/2013,5.950228016,7.480315079,2.351526488,3.003338983,1.892976378,8.278257038,44681.7
7/1/2013,6.752315512,9.0721786,2.412748181,3.489058317,1.333927559,8.41373065,44480.95
8/1/2013,6.990200243,7.485564304,2.117073703,3.25091876,0.830409449,6.415054616,44312.32
9/1/2013,5.952191009,5.393700906,1.70549418,2.685867436,0.567892913,4.015467678,43942.92
10/1/2013,4.70307637,3.702099819,1.158219032,1.562086436,0.507208819,3.022641858,43645.44
11/1/2013,2.905178301,2.165354409,0.490074647,0.884507173,0.371451969,2.378837832,43548.96
12/1/2013,2.154229852,1.505249385,0.18163594,0.71337486,0.499300157,2.333075066,43476.6
1/1/2014,1.35946314,1.952755906,0.08599657,0.321134528,0.341126929,2.687760106,43468.56
2/1/2014,1.165212802,1.910761192,0.354020683,0.425827412,0.825766299,4.258772052,43597.2
3/1/2014,1.945195397,2.847769029,0.488088236,0.894538972,1.465738583,5.701230055,43645.44
4/1/2014,3.086732612,4.330708661,1.306783446,2.019091036,1.903181102,7.131697531,43693.68
5/1/2014,4.831234223,5.980315205,2.034874448,3.052662014,2.014072441,9.238745748,43629.36
6/1/2014,6.193353817,7.598425197,2.176296578,3.118309344,1.760314961,9.073290546,43468.56
7/1/2014,6.378876618,8.787401575,2.284796788,3.325966104,1.254840945,8.56316226,43267.56
8/1/2014,6.569434087,7.078740157,2.230737416,3.091209464,0.799829291,6.667912916,43066.67
9/1/2014,5.779683475,5.55118122,1.629773057,2.458769744,0.452069291,4.031556327,42833.8
10/1/2014,4.979334972,3.702099738,1.140253318,1.715163434,0.43392189,2.62287941,42600.93
11/1/2014,3.268610899,1.850393701,0.620976621,1.108804913,0.535748031,2.404691187,42400.18
12/1/2014,2.060133329,1.423884514,0.431735494,0.698685878,0.550442835,2.915855655,42287.68
1/1/2015,1.411224502,1.667979043,0.183823476,0.293448023,0.439721575,2.282291442,42263.56
2/1/2015,1.379774383,2.057742782,0.296536853,0.515201899,0.85672063,3.716131581,42311.8
3/1/2015,2.192726137,3.213910802,0.147470981,1.18159729,1.088759055,4.355953274,42392.15
4/1/2015,3.605026356,4.173228386,0.818206834,2.160122493,1.25007874,5.519281252,42360.03
5/1/2015,4.090103398,5.492126106,2.308522901,2.571219501,1.78735748,7.907143042,42279.64
6/1/2015,5.494055801,7.795275591,2.909896901,3.174609929,2.265448819,9.814424389,42464.42
7/1/2015,6.279223036,8.543307209,2.928914956,3.431993847,1.845354331,8.778213321,42360.03
8/1/2015,7.165470798,7.607611671,2.308191122,3.059961994,1.297020472,6.670418995,42183.16
9/1/2015,5.921541859,5.629921378,1.557269253,2.350260812,0.517379528,3.897017167,41901.76
10/1/2015,4.344946114,3.661417364,1.331300867,1.721350611,0.658527874,2.709777702,41700.76
11/1/2015,3.213972129,1.968503937,0.771442927,1.122675447,0.723514961,3.433886598,41628.4
12/1/2015,1.983483591,1.423884514,0.382495467,0.641576897,0.6696,2.926950775,41507.85
1/1/2016,1.12940811,1.54593184,0.258615286,0.088469955,0.663273071,2.592262638,41427.55
2/1/2016,1.14729097,2.131233634,0.208934182,0.121112952,1.025914961,4.179272665,41548
3/1/2016,1.981084507,2.847769029,0.815273426,0.428097025,1.95080315,5.796393718,41628.4
4/1/2016,2.838899171,4.173228386,1.623418663,1.305189279,2.413417323,6.381959504,41636.44
5/1/2016,4.051080967,5.898950131,2.748867034,2.542153121,2.710034646,5.098846559,41668.6
6/1/2016,6.040600112,7.795275591,3.716293385,3.247193316,3.321637795,13.8309972,41708.8
7/1/2016,7.525287016,8.665354331,3.050485286,3.598558001,2.383143307,10.90860255,41797.24
8/1/2016,7.347930673,7.729659037,2.247544618,3.294540585,0.970129134,7.497217994,41564.08
9/1/2016,6.251566368,5.669291339,1.579844509,2.442228485,0.39696378,4.698294329,41274.98
10/1/2016,4.986229791,3.417322835,1.313061609,1.817585699,0.786120945,4.457982036,41009.99
11/1/2016,3.054013224,2.086614252,0.756806398,1.211541634,0.95312126,4.005857425,40897.57
12/1/2016,2.038386451,1.54593184,0.358120734,0.75169975,0.673817953,2.333530692,40817.27
1/1/2017,1.300648053,1.505249385,0.404341278,0.464418871,1.059233386,2.70938139,40841.36
2/1/2017,1.005550323,1.690288714,0.459222542,0.403956193,1.385801575,3.020983412,41307.1
3/1/2017,1.713296843,2.888451444,0.337567441,0.546499122,1.882261417,4.478010926,41660.56
4/1/2017,2.845384607,3.74015748,1.736344536,1.483783178,3.168566929,6.571227187,41789.2
5/1/2017,4.178430256,5.939632546,3.359566595,2.481972807,4.043962205,10.11733564,41950
6/1/2017,5.868260649,7.677165472,4.036227782,3.259771564,4.306393701,12.65657211,42215.32
7/1/2017,7.029514977,9.153543429,3.529504381,3.539535,2.915659843,10.62643952,43315.8
8/1/2017,6.732661746,7.729658793,2.849750936,3.00387679,1.697725984,8.528350822,44087.48
9/1/2017,5.9684209,5.590551181,1.988862725,2.593942839,0.910261417,5.532793288,44400.65
10/1/2017,4.939183848,3.702099819,1.148612805,1.4361618,0.573114331,4.458335875,44336.41
11/1/2017,3.342659915,2.047244134,0.591416066,0.997280647,0.581669291,2.878237697,44280.2
12/1/2017,2.311806599,1.790026247,0.223697458,0.704249886,0.563623937,3.797316626,44280.2
1/1/2018,1.35336651,1.667979043,,0.457430477,0.607385197,2.87088976,44360.5
2/1/2018,1.588803315,1.947506635,,0.793657901,0.713378268,3.85315078,44440.8
3/1/2018,2.023031557,2.644356955,,0.665435364,1.518462992,5.074493447,44440.8
4/1/2018,2.897257234,4.212598425,,1.56037265,2.607307087,7.661891263,44681.7
5/1/2018,3.875600613,5.69553818,,2.819997442,2.804938583,9.363322894,44681.7
6/1/2018,6.245539199,7.677165472,,3.276183594,3.005291339,10.12211159,44799.1
7/1/2018,6.47841401,9.112861014,,3.476772986,2.06679685,9.012115644,44799.1
8/1/2018,7.674653396,7.485564304,,3.361308685,1.460466142,7.689848674,44799.1
9/1/2018,6.680913844,5.708661417,,2.461742001,0.488296063,4.287848363,44601.4
10/1/2018,4.420167655,3.661417364,,1.686319615,0.548861102,2.353578915,44280.2
11/1/2018,3.141093114,2.086614252,,0.818772901,0.354103937,1.757959785,44199.9
12/1/2018,2.058638249,1.423884514,,0.733850411,0.758177008,2.659684006,44199.9
1/1/2019,,1.790026247,,0.346328358,0.809319685,2.523315778,
2/1/2019,,1.690288714,,0.673647625,1.47152126,3.567050618,
3/1/2019,,2.644357037,,0.488010266,1.929713386,4.807097504,
4/1/2019,,4.133858268,,1.187677423,2.826708661,5.95901756,
5/1/2019,,5.166666667,,2.593074926,2.942022047,5.710488168,
6/1/2019,,7.480314961,,3.181717501,3.791055118,12.52264883,
7/1/2019,,8.74671916,,3.427409105,3.063288189,10.58766022,
8/1/2019,,7.933070988,,3.043047408,1.766267717,8.090536172,
9/1/2019,,5.354330827,,2.710463943,0.695451969,4.579726271,
10/1/2019,,3.824146982,,1.594535733,0.31160126,2.524366751,
11/1/2019,,2.362204764,,0.781038155,0.230626772,1.845334559,
12/1/2019,,1.54593184,,0.592391062,0.74552315,2.254327704,
1/1/2020,,1.54593184,,0.386611778,0.660109606,2.727360267,
2/1/2020,,2.245406824,,0.359170664,0.755625827,3.441685447,
3/1/2020,,2.562992126,,0.825812341,1.267494803,3.777661172,
4/1/2020,,3.976377992,,1.472454139,2.097070866,4.365005469,
5/1/2020,,6.143044619,,3.104919181,2.377870866,12.58470069,
6/1/2020,,7.401574803,,3.278638936,1.979716535,11.63957273,
7/1/2020,,8.909449063,,3.428967027,1.555370079,9.896888792,
8/1/2020,,8.095800525,,3.150366001,0.755013543,7.495305357,
9/1/2020,,6.062992126,,2.478154031,0.096432945,4.7959071,
10/1/2020,,4.312335958,,1.60285949,0.425537008,2.52205007,
11/1/2020,,2.322834646,,1.040399917,0.469774488,3.072679695,
12/1/2020,,1.790026247,,0.631161073,0.577332283,2.539572851,
1/1/2021,,,,0.432548231,1.011016063,2.187512637,
2/1/2021,,,,0.468645148,1.50791811,3.794611601,
3/1/2021,,,,0.723390075,1.969511811,4.21037661,
4/1/2021,,,,1.536465363,1.95080315,5.315339575,
5/1/2021,,,,3.041133389,0.664327559,9.52335085,
6/1/2021,,,,3.085916047,0.778620472,11.08139458,
7/1/2021,,,,3.502367425,0.911077795,11.78265331,
8/1/2021,,,,3.21904812,0.790866142,8.537698127,
9/1/2021,,,,2.512184224,1.090544882,4.764691554,
10/1/2021,,,,1.677684274,1.713543307,3.481286194,
11/1/2021,,,,0.865165962,2.08176378,3.312631441,
12/1/2021,,,,0.784549655,2.082614173,2.719721116,
1/1/2022,,,,,1.68888189,2.291095686,
2/1/2022,,,,,1.124084409,2.611965897,
3/1/2022,,,,,1.381379528,3.502453463,
4/1/2022,,,,,0.295937008,5.305087694,
5/1/2022,,,,,1.760314961,9.293728285,
6/1/2022,,,,,1.613366929,10.32254554,
7/1/2022,,,,,0.967492913,8.544967945,
8/1/2022,,,,,0.366859843,8.372998408,
9/1/2022,,,,,,,
