"","date","caleb_prod","vorster_prod"
"1","1895-01-01",NA,NA
"2","1895-02-01",0,0
"3","1895-03-01",0.44151920168556,0.314808699954054
"4","1895-04-01",0.685763866447785,0.488958193545658
"5","1895-05-01",0.413337124982227,0.294714527616561
"6","1895-06-01",0.272426741465559,0.194243665929097
"7","1895-07-01",0.0281820767033336,0.0200941723374928
"8","1895-08-01",0.244244664762225,0.174149493591604
"9","1895-09-01",0.469701278388894,0.334902872291546
"10","1895-10-01",0.347578946007782,0.247828125495744
"11","1895-11-01",0.75152204542223,0.535844595666474
"12","1895-12-01",1.26819345165001,0.904237755187176
"13","1896-01-01",5.33580652249784,3.80449662923197
"14","1896-02-01",0,0
"15","1896-03-01",3.08124038623114,2.19696284223254
"16","1896-04-01",2.48002274989336,1.76828716569937
"17","1896-05-01",0.460307252821116,0.328204814845716
"18","1896-06-01",0.497883355092228,0.354997044629039
"19","1896-07-01",0.948796582345566,0.676503802028924
"20","1896-08-01",1.71910667890335,1.22574451258706
"21","1896-09-01",0.939402556777788,0.669805744583093
"22","1896-10-01",0.760916070990008,0.542542653112305
"23","1896-11-01",0.883038403371121,0.629617399908107
"24","1896-12-01",0.807886198828898,0.57603294034146
"25","1897-01-01",1.58759032095446,1.13197170834543
"26","1897-02-01",4.12397722425449,2.94044721871978
"27","1897-03-01",3.19396869304448,2.27733953158252
"28","1897-04-01",0,0
"29","1897-05-01",0.479095303956672,0.341600929737377
"30","1897-06-01",0.159698434652224,0.113866976579126
"31","1897-07-01",0.497883355092228,0.354997044629039
"32","1897-08-01",0.44151920168556,0.314808699954054
"33","1897-09-01",0.338184920440004,0.241130068049913
"34","1897-10-01",1.51243811641224,1.07838724877878
"35","1897-11-01",0.507277380660005,0.36169510207487
"36","1897-12-01",2.3766884686478,1.69460853379523
"37","1898-01-01",0.845462301100009,0.602825170124784
"38","1898-02-01",0.723339968718897,0.515750423328982
"39","1898-03-01",0.883038403371121,0.629617399908107
"40","1898-04-01",0.263032715897781,0.187545608483266
"41","1898-05-01",1.01455476132001,0.72339020414974
"42","1898-06-01",0.00939402556777788,0.00669805744583093
"43","1898-07-01",0.187880511355558,0.133961148916619
"44","1898-08-01",0.563641534066673,0.401883446749856
"45","1898-09-01",1.81304693458113,1.29272508704537
"46","1898-10-01",0,0
"47","1898-11-01",0.939402556777788,0.669805744583093
"48","1898-12-01",0.13151635794889,0.093772804241633
"49","1899-01-01",3.0154822072567,2.15007644011173
"50","1899-02-01",0.13151635794889,0.093772804241633
"51","1899-03-01",1.09910099143001,0.783672721162219
"52","1899-04-01",0.413337124982227,0.294714527616561
"53","1899-05-01",0.695157892015563,0.495656250991489
"54","1899-06-01",0.544853482931117,0.388487331858194
"55","1899-07-01",0.291214792601114,0.207639780820759
"56","1899-08-01",0.826674249964453,0.589429055233122
"57","1899-09-01",NA,NA
"58","1899-10-01",0.845462301100009,0.602825170124784
"59","1899-11-01",0.234850639194447,0.167451436145773
"60","1899-12-01",2.41426457091891,1.72140076357855
"61","1900-01-01",0.573035559634451,0.408581504195687
"62","1900-02-01",0.216062588058891,0.154055321254111
"63","1900-03-01",1.62516642322557,1.15876393812875
"64","1900-04-01",1.9539573180978,1.39319594873283
"65","1900-05-01",0.450913227253338,0.321506757399885
"66","1900-06-01",0.770310096557786,0.549240710558136
"67","1900-07-01",0.0845462301100009,0.0602825170124784
"68","1900-08-01",0.0469701278388894,0.0334902872291546
"69","1900-09-01",0.826674249964453,0.589429055233122
"70","1900-10-01",1.25879942608224,0.897539697741345
"71","1900-11-01",3.69185204813671,2.63233657621156
"72","1900-12-01",0.601217636337784,0.42867567653318
"73","1901-01-01",6.94218489458785,4.94986445246906
"74","1901-02-01",2.7618435169267,1.96922888907429
"75","1901-03-01",1.48425603970891,1.05829307644129
"76","1901-04-01",1.63456044879335,1.16546199557458
"77","1901-05-01",0.723339968718897,0.515750423328982
"78","1901-06-01",0.0939402556777788,0.0669805744583093
"79","1901-07-01",0.366366997143337,0.261224240387406
"80","1901-08-01",1.52183214198002,1.08508530622461
"81","1901-09-01",0.187880511355558,0.133961148916619
"82","1901-10-01",1.50304409084446,1.07168919133295
"83","1901-11-01",1.30576955392113,0.931029984970499
"84","1901-12-01",0.375761022711115,0.267922297833237
"85","1902-01-01",0.347578946007782,0.247828125495744
"86","1902-02-01",2.10426172718225,1.50036486786613
"87","1902-03-01",2.40487054535114,1.71470270613272
"88","1902-04-01",0.657581789744452,0.468864021208165
"89","1902-05-01",0.469701278388894,0.334902872291546
"90","1902-06-01",NA,NA
"91","1902-07-01",0.0281820767033336,0.0200941723374928
"92","1902-08-01",0.375761022711115,0.267922297833237
"93","1902-09-01",0,0
"94","1902-10-01",0.544853482931117,0.388487331858194
"95","1902-11-01",1.38092175846335,0.984614444537147
"96","1902-12-01",0.140910383516668,0.100470861687464
"97","1903-01-01",2.70547936352003,1.92904054439931
"98","1903-02-01",0.976978659048899,0.696597974366417
"99","1903-03-01",0.732733994286675,0.522448480774813
"100","1903-04-01",0.826674249964453,0.589429055233122
"101","1903-05-01",0.563641534066673,0.401883446749856
"102","1903-06-01",0.291214792601114,0.207639780820759
"103","1903-07-01",0,0
"104","1903-08-01",0,0
"105","1903-09-01",0.281820767033336,0.200941723374928
"106","1903-10-01",0,0
"107","1903-11-01",NA,NA
"108","1903-12-01",0,0
"109","1904-01-01",NA,NA
"110","1904-02-01",1.50304409084446,1.07168919133295
"111","1904-03-01",1.69092460220002,1.20565034024957
"112","1904-04-01",0.939402556777788,0.669805744583093
"113","1904-05-01",0.281820767033336,0.200941723374928
"114","1904-06-01",0,0
"115","1904-07-01",1.87880511355558,1.33961148916619
"116","1904-08-01",NA,NA
"117","1904-09-01",0.967584633481122,0.689899916920586
"118","1904-10-01",0.422731150550005,0.301412585062392
"119","1904-11-01",0,0
"120","1904-12-01",0.695157892015563,0.495656250991489
"121","1905-01-01",NA,NA
"122","1905-02-01",NA,NA
"123","1905-03-01",NA,NA
"124","1905-04-01",0.516671406227783,0.368393159520701
"125","1905-05-01",NA,NA
"126","1905-06-01",NA,NA
"127","1905-07-01",NA,NA
"128","1905-08-01",NA,NA
"129","1905-09-01",NA,NA
"130","1905-10-01",0,0
"131","1905-11-01",NA,NA
"132","1905-12-01",NA,NA
"133","1906-01-01",NA,NA
"134","1906-02-01",NA,NA
"135","1906-03-01",NA,NA
"136","1906-04-01",NA,NA
"137","1906-05-01",NA,NA
"138","1906-06-01",NA,NA
"139","1906-07-01",NA,NA
"140","1906-08-01",NA,NA
"141","1906-09-01",NA,NA
"142","1906-10-01",NA,NA
"143","1906-11-01",NA,NA
"144","1906-12-01",NA,NA
"145","1907-01-01",NA,NA
"146","1907-02-01",NA,NA
"147","1907-03-01",NA,NA
"148","1907-04-01",NA,NA
"149","1907-05-01",NA,NA
"150","1907-06-01",NA,NA
"151","1907-07-01",NA,NA
"152","1907-08-01",NA,NA
"153","1907-09-01",NA,NA
"154","1907-10-01",NA,NA
"155","1907-11-01",NA,NA
"156","1907-12-01",NA,NA
"157","1908-01-01",NA,NA
"158","1908-02-01",NA,NA
"159","1908-03-01",NA,NA
"160","1908-04-01",NA,NA
"161","1908-05-01",NA,NA
"162","1908-06-01",NA,NA
"163","1908-07-01",NA,NA
"164","1908-08-01",NA,NA
"165","1908-09-01",NA,NA
"166","1908-10-01",NA,NA
"167","1908-11-01",NA,NA
"168","1908-12-01",NA,NA
"169","1909-01-01",NA,NA
"170","1909-02-01",NA,NA
"171","1909-03-01",NA,NA
"172","1909-04-01",NA,NA
"173","1909-05-01",NA,NA
"174","1909-06-01",NA,NA
"175","1909-07-01",NA,NA
"176","1909-08-01",NA,NA
"177","1909-09-01",NA,NA
"178","1909-10-01",NA,NA
"179","1909-11-01",3.29730297429004,2.35101816348666
"180","1909-12-01",3.96427878960227,2.82658024214065
"181","1910-01-01",2.32971834080891,1.66111824656607
"182","1910-02-01",1.7848648578778,1.27263091470788
"183","1910-03-01",0.300608818168892,0.21433783826659
"184","1910-04-01",0.244244664762225,0.174149493591604
"185","1910-05-01",0,0
"186","1910-06-01",0,0
"187","1910-07-01",0.854856326667787,0.609523227570615
"188","1910-08-01",0,0
"189","1910-09-01",0.779704122125564,0.555938768003967
"190","1910-10-01",0.0187880511355558,0.0133961148916619
"191","1910-11-01",0.629399713041118,0.448769848870672
"192","1910-12-01",NA,NA
"193","1911-01-01",NA,NA
"194","1911-02-01",NA,NA
"195","1911-03-01",NA,NA
"196","1911-04-01",NA,NA
"197","1911-05-01",NA,NA
"198","1911-06-01",NA,NA
"199","1911-07-01",NA,NA
"200","1911-08-01",NA,NA
"201","1911-09-01",NA,NA
"202","1911-10-01",NA,NA
"203","1911-11-01",NA,NA
"204","1911-12-01",NA,NA
"205","1912-01-01",NA,NA
"206","1912-02-01",NA,NA
"207","1912-03-01",NA,NA
"208","1912-04-01",NA,NA
"209","1912-05-01",NA,NA
"210","1912-06-01",NA,NA
"211","1912-07-01",NA,NA
"212","1912-08-01",NA,NA
"213","1912-09-01",NA,NA
"214","1912-10-01",NA,NA
"215","1912-11-01",NA,NA
"216","1912-12-01",NA,NA
"217","1913-01-01",NA,NA
"218","1913-02-01",NA,NA
"219","1913-03-01",NA,NA
"220","1913-04-01",NA,NA
"221","1913-05-01",NA,NA
"222","1913-06-01",NA,NA
"223","1913-07-01",NA,NA
"224","1913-08-01",NA,NA
"225","1913-09-01",NA,NA
"226","1913-10-01",NA,NA
"227","1913-11-01",NA,NA
"228","1913-12-01",NA,NA
"229","1914-01-01",NA,NA
"230","1914-02-01",NA,NA
"231","1914-03-01",NA,NA
"232","1914-04-01",NA,NA
"233","1914-05-01",NA,NA
"234","1914-06-01",NA,NA
"235","1914-07-01",NA,NA
"236","1914-08-01",NA,NA
"237","1914-09-01",NA,NA
"238","1914-10-01",NA,NA
"239","1914-11-01",NA,NA
"240","1914-12-01",NA,NA
"241","1915-01-01",NA,NA
"242","1915-02-01",NA,NA
"243","1915-03-01",NA,NA
"244","1915-04-01",NA,NA
"245","1915-05-01",NA,NA
"246","1915-06-01",NA,NA
"247","1915-07-01",NA,NA
"248","1915-08-01",NA,NA
"249","1915-09-01",NA,NA
"250","1915-10-01",NA,NA
"251","1915-11-01",NA,NA
"252","1915-12-01",NA,NA
"253","1916-01-01",NA,NA
"254","1916-02-01",NA,NA
"255","1916-03-01",NA,NA
"256","1916-04-01",NA,NA
"257","1916-05-01",NA,NA
"258","1916-06-01",NA,NA
"259","1916-07-01",NA,NA
"260","1916-08-01",NA,NA
"261","1916-09-01",NA,NA
"262","1916-10-01",NA,NA
"263","1916-11-01",NA,NA
"264","1916-12-01",NA,NA
"265","1917-01-01",NA,NA
"266","1917-02-01",NA,NA
"267","1917-03-01",NA,NA
"268","1917-04-01",NA,NA
"269","1917-05-01",NA,NA
"270","1917-06-01",NA,NA
"271","1917-07-01",NA,NA
"272","1917-08-01",NA,NA
"273","1917-09-01",NA,NA
"274","1917-10-01",NA,NA
"275","1917-11-01",NA,NA
"276","1917-12-01",NA,NA
"277","1918-01-01",NA,NA
"278","1918-02-01",NA,NA
"279","1918-03-01",NA,NA
"280","1918-04-01",NA,NA
"281","1918-05-01",NA,NA
"282","1918-06-01",NA,NA
"283","1918-07-01",NA,NA
"284","1918-08-01",NA,NA
"285","1918-09-01",NA,NA
"286","1918-10-01",NA,NA
"287","1918-11-01",NA,NA
"288","1918-12-01",NA,NA
"289","1919-01-01",NA,NA
"290","1919-02-01",NA,NA
"291","1919-03-01",NA,NA
"292","1919-04-01",NA,NA
"293","1919-05-01",NA,NA
"294","1919-06-01",NA,NA
"295","1919-07-01",NA,NA
"296","1919-08-01",NA,NA
"297","1919-09-01",NA,NA
"298","1919-10-01",NA,NA
"299","1919-11-01",NA,NA
"300","1919-12-01",NA,NA
"301","1920-01-01",NA,NA
"302","1920-02-01",NA,NA
"303","1920-03-01",NA,NA
"304","1920-04-01",NA,NA
"305","1920-05-01",NA,NA
"306","1920-06-01",NA,NA
"307","1920-07-01",NA,NA
"308","1920-08-01",NA,NA
"309","1920-09-01",NA,NA
"310","1920-10-01",NA,NA
"311","1920-11-01",NA,NA
"312","1920-12-01",NA,NA
"313","1921-01-01",NA,NA
"314","1921-02-01",NA,NA
"315","1921-03-01",NA,NA
"316","1921-04-01",NA,NA
"317","1921-05-01",NA,NA
"318","1921-06-01",NA,NA
"319","1921-07-01",NA,NA
"320","1921-08-01",NA,NA
"321","1921-09-01",NA,NA
"322","1921-10-01",NA,NA
"323","1921-11-01",NA,NA
"324","1921-12-01",NA,NA
"325","1922-01-01",NA,NA
"326","1922-02-01",NA,NA
"327","1922-03-01",NA,NA
"328","1922-04-01",NA,NA
"329","1922-05-01",NA,NA
"330","1922-06-01",NA,NA
"331","1922-07-01",NA,NA
"332","1922-08-01",NA,NA
"333","1922-09-01",NA,NA
"334","1922-10-01",NA,NA
"335","1922-11-01",NA,NA
"336","1922-12-01",NA,NA
"337","1923-01-01",NA,NA
"338","1923-02-01",NA,NA
"339","1923-03-01",NA,NA
"340","1923-04-01",NA,NA
"341","1923-05-01",NA,NA
"342","1923-06-01",NA,NA
"343","1923-07-01",NA,NA
"344","1923-08-01",NA,NA
"345","1923-09-01",NA,NA
"346","1923-10-01",NA,NA
"347","1923-11-01",NA,NA
"348","1923-12-01",NA,NA
"349","1924-01-01",NA,NA
"350","1924-02-01",NA,NA
"351","1924-03-01",NA,NA
"352","1924-04-01",NA,NA
"353","1924-05-01",NA,NA
"354","1924-06-01",NA,NA
"355","1924-07-01",NA,NA
"356","1924-08-01",NA,NA
"357","1924-09-01",NA,NA
"358","1924-10-01",NA,NA
"359","1924-11-01",NA,NA
"360","1924-12-01",NA,NA
"361","1925-01-01",NA,NA
"362","1925-02-01",NA,NA
"363","1925-03-01",NA,NA
"364","1925-04-01",NA,NA
"365","1925-05-01",NA,NA
"366","1925-06-01",NA,NA
"367","1925-07-01",NA,NA
"368","1925-08-01",NA,NA
"369","1925-09-01",NA,NA
"370","1925-10-01",NA,NA
"371","1925-11-01",NA,NA
"372","1925-12-01",NA,NA
"373","1926-01-01",NA,NA
"374","1926-02-01",NA,NA
"375","1926-03-01",NA,NA
"376","1926-04-01",NA,NA
"377","1926-05-01",NA,NA
"378","1926-06-01",NA,NA
"379","1926-07-01",NA,NA
"380","1926-08-01",NA,NA
"381","1926-09-01",NA,NA
"382","1926-10-01",NA,NA
"383","1926-11-01",NA,NA
"384","1926-12-01",NA,NA
"385","1927-01-01",NA,NA
"386","1927-02-01",NA,NA
"387","1927-03-01",NA,NA
"388","1927-04-01",NA,NA
"389","1927-05-01",NA,NA
"390","1927-06-01",NA,NA
"391","1927-07-01",NA,NA
"392","1927-08-01",NA,NA
"393","1927-09-01",NA,NA
"394","1927-10-01",NA,NA
"395","1927-11-01",NA,NA
"396","1927-12-01",NA,NA
"397","1928-01-01",NA,NA
"398","1928-02-01",NA,NA
"399","1928-03-01",NA,NA
"400","1928-04-01",NA,NA
"401","1928-05-01",NA,NA
"402","1928-06-01",NA,NA
"403","1928-07-01",NA,NA
"404","1928-08-01",NA,NA
"405","1928-09-01",NA,NA
"406","1928-10-01",NA,NA
"407","1928-11-01",NA,NA
"408","1928-12-01",NA,NA
"409","1929-01-01",NA,NA
"410","1929-02-01",NA,NA
"411","1929-03-01",NA,NA
"412","1929-04-01",NA,NA
"413","1929-05-01",NA,NA
"414","1929-06-01",NA,NA
"415","1929-07-01",NA,NA
"416","1929-08-01",NA,NA
"417","1929-09-01",NA,NA
"418","1929-10-01",NA,NA
"419","1929-11-01",NA,NA
"420","1929-12-01",NA,NA
"421","1930-01-01",NA,NA
"422","1930-02-01",NA,NA
"423","1930-03-01",NA,NA
"424","1930-04-01",NA,NA
"425","1930-05-01",NA,NA
"426","1930-06-01",NA,NA
"427","1930-07-01",NA,NA
"428","1930-08-01",NA,NA
"429","1930-09-01",NA,NA
"430","1930-10-01",NA,NA
"431","1930-11-01",NA,NA
"432","1930-12-01",NA,NA
"433","1931-01-01",NA,NA
"434","1931-02-01",NA,NA
"435","1931-03-01",NA,NA
"436","1931-04-01",NA,NA
"437","1931-05-01",0.281820767033336,0.200941723374928
"438","1931-06-01",0.807886198828898,0.57603294034146
"439","1931-07-01",0.206668562491113,0.14735726380828
"440","1931-08-01",0.854856326667787,0.609523227570615
"441","1931-09-01",0.450913227253338,0.321506757399885
"442","1931-10-01",0.122122332381112,0.0870747467958021
"443","1931-11-01",2.91214792601114,2.07639780820759
"444","1931-12-01",3.00608818168892,2.1433783826659
"445","1932-01-01",3.1000284373667,2.21035895712421
"446","1932-02-01",4.43398006799116,3.1614831144322
"447","1932-03-01",0.281820767033336,0.200941723374928
"448","1932-04-01",0.375761022711115,0.267922297833237
"449","1932-05-01",0.291214792601114,0.207639780820759
"450","1932-06-01",0.356972971575559,0.254526182941575
"451","1932-07-01",0,0
"452","1932-08-01",0,0
"453","1932-09-01",0.0657581789744452,0.0468864021208165
"454","1932-10-01",0,0
"455","1932-11-01",0.0939402556777788,0.0669805744583093
"456","1932-12-01",0.610611661905562,0.43537373397901
"457","1933-01-01",3.24093882088337,2.31082981881167
"458","1933-02-01",0.422731150550005,0.301412585062392
"459","1933-03-01",1.22122332381112,0.870747467958021
"460","1933-04-01",0.422731150550005,0.301412585062392
"461","1933-05-01",0.610611661905562,0.43537373397901
"462","1933-06-01",0.281820767033336,0.200941723374928
"463","1933-07-01",0.0845462301100009,0.0602825170124784
"464","1933-08-01",0.0939402556777788,0.0669805744583093
"465","1933-09-01",0,0
"466","1933-10-01",0.479095303956672,0.341600929737377
"467","1933-11-01",0,0
"468","1933-12-01",2.66790326124892,1.90224831461598
"469","1934-01-01",0.281820767033336,0.200941723374928
"470","1934-02-01",1.12728306813335,0.803766893499712
"471","1934-03-01",0.159698434652224,0.113866976579126
"472","1934-04-01",0,0
"473","1934-05-01",0,0
"474","1934-06-01",1.85062303685224,1.31951731682869
"475","1934-07-01",0.0563641534066673,0.0401883446749856
"476","1934-08-01",0.563641534066673,0.401883446749856
"477","1934-09-01",0.122122332381112,0.0870747467958021
"478","1934-10-01",0.948796582345566,0.676503802028924
"479","1934-11-01",0.48848932952445,0.348298987183208
"480","1934-12-01",0.75152204542223,0.535844595666474
"481","1935-01-01",3.66366997143337,2.61224240387406
"482","1935-02-01",3.34427310212892,2.38450845071581
"483","1935-03-01",2.61153910784225,1.862059969941
"484","1935-04-01",1.24940540051446,0.890841640295514
"485","1935-05-01",0,0
"486","1935-06-01",0,0
"487","1935-07-01",0.591823610770006,0.421977619087349
"488","1935-08-01",0.610611661905562,0.43537373397901
"489","1935-09-01",0,0
"490","1935-10-01",0.300608818168892,0.21433783826659
"491","1935-11-01",0.281820767033336,0.200941723374928
"492","1935-12-01",1.38092175846335,0.984614444537147
"493","1936-01-01",0.967584633481122,0.689899916920586
"494","1936-02-01",4.29306968447449,3.06101225274473
"495","1936-03-01",0.234850639194447,0.167451436145773
"496","1936-04-01",0.187880511355558,0.133961148916619
"497","1936-05-01",0.13151635794889,0.093772804241633
"498","1936-06-01",0,0
"499","1936-07-01",0.450913227253338,0.321506757399885
"500","1936-08-01",0.338184920440004,0.241130068049913
"501","1936-09-01",0.103334281245557,0.0736786319041402
"502","1936-10-01",1.24940540051446,0.890841640295514
"503","1936-11-01",0,0
"504","1936-12-01",4.03943099414449,2.8801647017073
"505","1937-01-01",2.25456613626669,1.60753378699942
"506","1937-02-01",3.38184920440004,2.41130068049913
"507","1937-03-01",1.17425319597223,0.837257180728866
"508","1937-04-01",0.234850639194447,0.167451436145773
"509","1937-05-01",0,0
"510","1937-06-01",0.112728306813335,0.0803766893499712
"511","1937-07-01",0.075152204542223,0.0535844595666474
"512","1937-08-01",0.0187880511355558,0.0133961148916619
"513","1937-09-01",0,0
"514","1937-10-01",0.0469701278388894,0.0334902872291546
"515","1937-11-01",0.375761022711115,0.267922297833237
"516","1937-12-01",4.8848932952445,3.48298987183208
"517","1938-01-01",0.0469701278388894,0.0334902872291546
"518","1938-02-01",7.41188617297675,5.2847673247606
"519","1938-03-01",5.36398859920117,3.82459080156946
"520","1938-04-01",0.103334281245557,0.0736786319041402
"521","1938-05-01",1.25879942608224,0.897539697741345
"522","1938-06-01",1.08970696586223,0.776974663716388
"523","1938-07-01",0.291214792601114,0.207639780820759
"524","1938-08-01",0.075152204542223,0.0535844595666474
"525","1938-09-01",0.375761022711115,0.267922297833237
"526","1938-10-01",1.08970696586223,0.776974663716388
"527","1938-11-01",0.197274536923335,0.14065920636245
"528","1938-12-01",0.413337124982227,0.294714527616561
"529","1939-01-01",1.52183214198002,1.08508530622461
"530","1939-02-01",0.704551917583341,0.50235430843732
"531","1939-03-01",0.995766710184455,0.709994089258079
"532","1939-04-01",0.422731150550005,0.301412585062392
"533","1939-05-01",0.0939402556777788,0.0669805744583093
"534","1939-06-01",0.732733994286675,0.522448480774813
"535","1939-07-01",0.422731150550005,0.301412585062392
"536","1939-08-01",0.497883355092228,0.354997044629039
"537","1939-09-01",0.648187764176674,0.462165963762334
"538","1939-10-01",0.216062588058891,0.154055321254111
"539","1939-11-01",0,0
"540","1939-12-01",0.281820767033336,0.200941723374928
"541","1940-01-01",3.71064009927226,2.64573269110322
"542","1940-02-01",1.71910667890335,1.22574451258706
"543","1940-03-01",0.75152204542223,0.535844595666474
"544","1940-04-01",0.479095303956672,0.341600929737377
"545","1940-05-01",0,0
"546","1940-06-01",0,0
"547","1940-07-01",0,0
"548","1940-08-01",0,0
"549","1940-09-01",0.187880511355558,0.133961148916619
"550","1940-10-01",0.629399713041118,0.448769848870672
"551","1940-11-01",0.140910383516668,0.100470861687464
"552","1940-12-01",3.89852061062782,2.77969384001984
"553","1941-01-01",2.2075960084278,1.57404349977027
"554","1941-02-01",2.36729444308003,1.68791047634939
"555","1941-03-01",2.01971549707224,1.44008235085365
"556","1941-04-01",0.281820767033336,0.200941723374928
"557","1941-05-01",0.0469701278388894,0.0334902872291546
"558","1941-06-01",0.17848648578778,0.127263091470788
"559","1941-07-01",0,0
"560","1941-08-01",1.32455760505668,0.944426099862161
"561","1941-09-01",0.300608818168892,0.21433783826659
"562","1941-10-01",1.39031578403113,0.991312501982978
"563","1941-11-01",0.31000284373667,0.221035895712421
"564","1941-12-01",3.08124038623114,2.19696284223254
"565","1942-01-01",1.50304409084446,1.07168919133295
"566","1942-02-01",0.516671406227783,0.368393159520701
"567","1942-03-01",0.770310096557786,0.549240710558136
"568","1942-04-01",0.704551917583341,0.50235430843732
"569","1942-05-01",0.216062588058891,0.154055321254111
"570","1942-06-01",0,0
"571","1942-07-01",0.939402556777788,0.669805744583093
"572","1942-08-01",0.272426741465559,0.194243665929097
"573","1942-09-01",0.216062588058891,0.154055321254111
"574","1942-10-01",0.0563641534066673,0.0401883446749856
"575","1942-11-01",0.760916070990008,0.542542653112305
"576","1942-12-01",0.713945943151119,0.509052365883151
"577","1943-01-01",4.43398006799116,3.1614831144322
"578","1943-02-01",0.0375761022711115,0.0267922297833237
"579","1943-03-01",0.892432428938898,0.636315457353938
"580","1943-04-01",1.48425603970891,1.05829307644129
"581","1943-05-01",0.497883355092228,0.354997044629039
"582","1943-06-01",0.432125176117783,0.308110642508223
"583","1943-07-01",0.272426741465559,0.194243665929097
"584","1943-08-01",0,0
"585","1943-09-01",0.0939402556777788,0.0669805744583093
"586","1943-10-01",0.986372684616677,0.703296031812248
"587","1943-11-01",0.535459457363339,0.381789274412363
"588","1943-12-01",1.13667709370112,0.810464950945542
"589","1944-01-01",1.13667709370112,0.810464950945542
"590","1944-02-01",2.87457182374003,2.04960557842426
"591","1944-03-01",1.10849501699779,0.79037077860805
"592","1944-04-01",0.22075960084278,0.157404349977027
"593","1944-05-01",0.375761022711115,0.267922297833237
"594","1944-06-01",0.356972971575559,0.254526182941575
"595","1944-07-01",0.00469701278388894,0.00334902872291546
"596","1944-08-01",0,0
"597","1944-09-01",0.0469701278388894,0.0334902872291546
"598","1944-10-01",0.117425319597223,0.0837257180728866
"599","1944-11-01",2.67260027403281,1.9055973433389
"600","1944-12-01",0.779704122125564,0.555938768003967
"601","1945-01-01",0.31000284373667,0.221035895712421
"602","1945-02-01",4.19912942879671,2.99403167828643
"603","1945-03-01",0.779704122125564,0.555938768003967
"604","1945-04-01",0.150304409084446,0.107168919133295
"605","1945-05-01",1.05213086359112,0.750182433933064
"606","1945-06-01",0.836068275532231,0.596127112678953
"607","1945-07-01",0.0845462301100009,0.0602825170124784
"608","1945-08-01",0.685763866447785,0.488958193545658
"609","1945-09-01",0.272426741465559,0.194243665929097
"610","1945-10-01",2.34850639194447,1.67451436145773
"611","1945-11-01",0.779704122125564,0.555938768003967
"612","1945-12-01",3.24093882088337,2.31082981881167
"613","1946-01-01",0.150304409084446,0.107168919133295
"614","1946-02-01",0.216062588058891,0.154055321254111
"615","1946-03-01",1.89759316469113,1.35300760405785
"616","1946-04-01",0.385155048278893,0.274620355279068
"617","1946-05-01",0.347578946007782,0.247828125495744
"618","1946-06-01",0,0
"619","1946-07-01",0.864250352235565,0.616221285016446
"620","1946-08-01",0.328790894872226,0.234432010604083
"621","1946-09-01",0.112728306813335,0.0803766893499712
"622","1946-10-01",1.99153342036891,1.41998817851616
"623","1946-11-01",5.25126029238783,3.74421411221949
"624","1946-12-01",1.73789473003891,1.23914062747872
"625","1947-01-01",0,0
"626","1947-02-01",0.347578946007782,0.247828125495744
"627","1947-03-01",0.413337124982227,0.294714527616561
"628","1947-04-01",0.319396869304448,0.227733953158252
"629","1947-05-01",0,0
"630","1947-06-01",0,0
"631","1947-07-01",0,0
"632","1947-08-01",0.366366997143337,0.261224240387406
"633","1947-09-01",0.0281820767033336,0.0200941723374928
"634","1947-10-01",0.187880511355558,0.133961148916619
"635","1947-11-01",0.469701278388894,0.334902872291546
"636","1947-12-01",0.432125176117783,0.308110642508223
"637","1948-01-01",0.0375761022711115,0.0267922297833237
"638","1948-02-01",0.422731150550005,0.301412585062392
"639","1948-03-01",1.18364722154001,0.843955238174697
"640","1948-04-01",0.779704122125564,0.555938768003967
"641","1948-05-01",0.460307252821116,0.328204814845716
"642","1948-06-01",1.08970696586223,0.776974663716388
"643","1948-07-01",0,0
"644","1948-08-01",0,0
"645","1948-09-01",0.300608818168892,0.21433783826659
"646","1948-10-01",0.225456613626669,0.160753378699942
"647","1948-11-01",0,0
"648","1948-12-01",1.79425888344558,1.27932897215371
"649","1949-01-01",1.20243527267557,0.857351353066359
"650","1949-02-01",1.59698434652224,1.13866976579126
"651","1949-03-01",1.00516073575223,0.716692146703909
"652","1949-04-01",0.0845462301100009,0.0602825170124784
"653","1949-05-01",1.40910383516668,1.00470861687464
"654","1949-06-01",0.0187880511355558,0.0133961148916619
"655","1949-07-01",0.526065431795561,0.375091216966532
"656","1949-08-01",0.366366997143337,0.261224240387406
"657","1949-09-01",0.103334281245557,0.0736786319041402
"658","1949-10-01",0.216062588058891,0.154055321254111
"659","1949-11-01",0.807886198828898,0.57603294034146
"660","1949-12-01",0.366366997143337,0.261224240387406
"661","1950-01-01",0.728036981502786,0.519099452051897
"662","1950-02-01",3.9924608663056,2.84667441447814
"663","1950-03-01",2.39547651978336,1.70800464868689
"664","1950-04-01",0.516671406227783,0.368393159520701
"665","1950-05-01",0.0281820767033336,0.0200941723374928
"666","1950-06-01",0.0469701278388894,0.0334902872291546
"667","1950-07-01",0.911220480074454,0.6497115722456
"668","1950-08-01",0.0375761022711115,0.0267922297833237
"669","1950-09-01",1.04273683802334,0.743484376487233
"670","1950-10-01",0.967584633481122,0.689899916920586
"671","1950-11-01",5.96520623553895,4.25326647810264
"672","1950-12-01",3.40063725553559,2.4246967953908
"673","1951-01-01",0.601217636337784,0.42867567653318
"674","1951-02-01",0.923745847498158,0.658642315506708
"675","1951-03-01",1.59698434652224,1.13866976579126
"676","1951-04-01",0.94566524048964,0.674271116213647
"677","1951-05-01",0.319396869304448,0.227733953158252
"678","1951-06-01",0.394549073846671,0.281318412724899
"679","1951-07-01",1.12415172627742,0.801534207684435
"680","1951-08-01",0.331922236728152,0.236664696419359
"681","1951-09-01",0.382023706422967,0.272387669463791
"682","1951-10-01",0.516671406227783,0.368393159520701
"683","1951-11-01",1.60324703023409,1.14313513742181
"684","1951-12-01",2.6898226542404,1.91787711532292
"685","1952-01-01",2.43305262205447,1.73479687847021
"686","1952-02-01",0.638793738608896,0.455467906316503
"687","1952-03-01",2.68042862867262,1.91117905787709
"688","1952-04-01",1.57819629538668,1.1252736508996
"689","1952-05-01",0.17848648578778,0.127263091470788
"690","1952-06-01",0.936271214921862,0.667573058767816
"691","1952-07-01",0.998898052040381,0.712226775073355
"692","1952-08-01",0.0313134185592596,0.0223268581527698
"693","1952-09-01",0.275558083321484,0.196476351744374
"694","1952-10-01",0.394549073846671,0.281318412724899
"695","1952-11-01",0.44151920168556,0.314808699954054
"696","1952-12-01",1.24001137494668,0.884143582849683
"697","1953-01-01",0.826674249964453,0.589429055233122
"698","1953-02-01",0.206668562491113,0.14735726380828
"699","1953-03-01",0.300608818168892,0.21433783826659
"700","1953-04-01",0.812583211612787,0.579381969064375
"701","1953-05-01",1.0489995217352,0.747949748117787
"702","1953-06-01",0.266164057753707,0.189778294298543
"703","1953-07-01",0.275558083321484,0.196476351744374
"704","1953-08-01",0.394549073846671,0.281318412724899
"705","1953-09-01",0.435256517973708,0.3103433283235
"706","1953-10-01",0.563641534066673,0.401883446749856
"707","1953-11-01",0.450913227253338,0.321506757399885
"708","1953-12-01",0.169092460220002,0.120565034024957
"709","1954-01-01",1.46859933042928,1.0471296473649
"710","1954-02-01",1.91011853211484,1.36193834731896
"711","1954-03-01",1.60637837209002,1.14536782323709
"712","1954-04-01",0.826674249964453,0.589429055233122
"713","1954-05-01",0.78283546398149,0.558171453819244
"714","1954-06-01",0.760916070990008,0.542542653112305
"715","1954-07-01",0.259901374041855,0.185312922667989
"716","1954-08-01",0,0
"717","1954-09-01",0.0469701278388894,0.0334902872291546
"718","1954-10-01",0.0407074441270375,0.0290249155986007
"719","1954-11-01",1.15859648669261,0.826093751652481
"720","1954-12-01",0.836068275532231,0.596127112678953
"721","1955-01-01",1.07326742111862,0.765253063186184
"722","1955-02-01",0.641925080464822,0.45770059213178
"723","1955-03-01",5.4516661711671,3.88710600439722
"724","1955-04-01",0.76717875470186,0.547008024742859
"725","1955-05-01",0.851724984811861,0.607290541755338
"726","1955-06-01",0.112728306813335,0.0803766893499712
"727","1955-07-01",1.02708012874371,0.732320947410848
"728","1955-08-01",0.422731150550005,0.301412585062392
"729","1955-09-01",0.513540064371857,0.366160473705424
"730","1955-10-01",0.883038403371121,0.629617399908107
"731","1955-11-01",0.654450447888526,0.466631335392888
"732","1955-12-01",9.08402272404121,6.47702155011851
"733","1956-01-01",1.3871844421752,0.989079816167701
"734","1956-02-01",0.14717306722852,0.104936233318018
"735","1956-03-01",0.0876775719659269,0.0625152028277553
"736","1956-04-01",1.65647984178483,1.18109079628152
"737","1956-05-01",0.742128019854452,0.529146538220643
"738","1956-06-01",0.0344447604151856,0.0245595439680467
"739","1956-07-01",0.845462301100009,0.602825170124784
"740","1956-08-01",0.485357987668524,0.346066301367931
"741","1956-09-01",0.231719297338521,0.165218750330496
"742","1956-10-01",0.870513035947417,0.620686656646999
"743","1956-11-01",0.0720208626862971,0.0513517737513705
"744","1956-12-01",0.219193929914817,0.156288007069388
"745","1957-01-01",2.11991843646187,1.51152829694251
"746","1957-02-01",1.5562769023952,1.10964485019266
"747","1957-03-01",0.826674249964453,0.589429055233122
"748","1957-04-01",1.41849786073446,1.01140667432047
"749","1957-05-01",2.08860501790261,1.48920143878974
"750","1957-06-01",0.951927924201492,0.678736487844201
"751","1957-07-01",0.0970715975337048,0.0692132602735863
"752","1957-08-01",0.541722141075191,0.386254646042917
"753","1957-09-01",0.76717875470186,0.547008024742859
"754","1957-10-01",0.864250352235565,0.616221285016446
"755","1957-11-01",0.723339968718897,0.515750423328982
"756","1957-12-01",1.1335457518452,0.808232265130266
"757","1958-01-01",0.76717875470186,0.547008024742859
"758","1958-02-01",2.16688856430076,1.54501858417167
"759","1958-03-01",2.23577808513114,1.59413767210776
"760","1958-04-01",1.62516642322557,1.15876393812875
"761","1958-05-01",1.45607396300557,1.03819890410379
"762","1958-06-01",1.33395163062446,0.951124157307992
"763","1958-07-01",0.710814601295193,0.506819680067874
"764","1958-08-01",0.428993834261856,0.305877956692946
"765","1958-09-01",0.375761022711115,0.267922297833237
"766","1958-10-01",0.363235655287411,0.258991554572129
"767","1958-11-01",0.350710287863708,0.250060811311021
"768","1958-12-01",0.350710287863707,0.250060811311021
"769","1959-01-01",0.889301087082973,0.634082771538661
"770","1959-02-01",2.66164057753707,1.89778294298543
"771","1959-03-01",0.140910383516668,0.100470861687464
"772","1959-04-01",0.585560927058154,0.417512247456795
"773","1959-05-01",1.84122901128446,1.31281925938286
"774","1959-06-01",0.0908089138218528,0.0647478886430323
"775","1959-07-01",0.206668562491113,0.14735726380828
"776","1959-08-01",0.231719297338521,0.165218750330496
"777","1959-09-01",1.29637552835335,0.924331927524668
"778","1959-10-01",0.0407074441270375,0.0290249155986007
"779","1959-11-01",0,0
"780","1959-12-01",1.02708012874371,0.732320947410848
"781","1960-01-01",0.917483163786306,0.654176943876154
"782","1960-02-01",2.40487054535114,1.71470270613272
"783","1960-03-01",1.2306173493789,0.877445525403852
"784","1960-04-01",0.501014696948153,0.357229730444316
"785","1960-05-01",1.02708012874371,0.732320947410848
"786","1960-06-01",0.544853482931117,0.388487331858194
"787","1960-07-01",0.134647699804816,0.09600549005691
"788","1960-08-01",0.0939402556777788,0.0669805744583093
"789","1960-09-01",0.247376006618151,0.176382179406881
"790","1960-10-01",0.397680415702597,0.283551098540176
"791","1960-11-01",2.07921099233484,1.48250338134391
"792","1960-12-01",0.980110000904825,0.698830660181694
"793","1961-01-01",0.331922236728152,0.236664696419359
"794","1961-02-01",0.62000568747334,0.442071791424841
"795","1961-03-01",0.610611661905562,0.43537373397901
"796","1961-04-01",0.507277380660005,0.36169510207487
"797","1961-05-01",0.742128019854453,0.529146538220644
"798","1961-06-01",0.316265527448522,0.225501267342975
"799","1961-07-01",0.281820767033336,0.200941723374928
"800","1961-08-01",1.90385584840298,1.3574729756884
"801","1961-09-01",0.641925080464822,0.45770059213178
"802","1961-10-01",0.165961118364076,0.11833234820968
"803","1961-11-01",0.814148882540749,0.580498311972014
"804","1961-12-01",1.86001706242002,1.32621537427452
"805","1962-01-01",1.10223233328594,0.785905406977496
"806","1962-02-01",3.72629680855189,2.6568961201796
"807","1962-03-01",0.870513035947417,0.620686656646999
"808","1962-04-01",0.42586249240593,0.303645270877669
"809","1962-05-01",2.81820767033336,2.00941723374928
"810","1962-06-01",0.817280224396675,0.582730997787291
"811","1962-07-01",0.17848648578778,0.127263091470788
"812","1962-08-01",0.378892364567041,0.270154983648514
"813","1962-09-01",0.701420575727415,0.500121622622043
"814","1962-10-01",0.573035559634451,0.408581504195687
"815","1962-11-01",0.159698434652224,0.113866976579126
"816","1962-12-01",0.407074441270375,0.290249155986007
"817","1963-01-01",3.87973255949226,2.76629772512817
"818","1963-02-01",2.96538073756188,2.1143534670673
"819","1963-03-01",1.39657846774298,0.995777873613531
"820","1963-04-01",3.31922236728152,2.3666469641936
"821","1963-05-01",1.48190753331696,1.05661856207983
"822","1963-06-01",1.68387908302418,1.20062679716519
"823","1963-07-01",0.419599808694079,0.299179899247115
"824","1963-08-01",0.526065431795561,0.375091216966532
"825","1963-09-01",0.866598858627509,0.617895799377903
"826","1963-10-01",0.453261733645283,0.323181271761342
"827","1963-11-01",1.69327310859196,1.20732485461103
"828","1963-12-01",0.185532004963613,0.132286634555161
"829","1964-01-01",1.40205831599085,0.999685073790266
"830","1964-02-01",0.575384066026395,0.410256018557144
"831","1964-03-01",1.7214551852953,1.22741902694852
"832","1964-04-01",1.11319202978168,0.793719807330965
"833","1964-05-01",0.791446654085286,0.564311339811256
"834","1964-06-01",0.307654337344726,0.219361381350963
"835","1964-07-01",0.533110950971395,0.380114760050905
"836","1964-08-01",0.469701278388894,0.334902872291546
"837","1964-09-01",0.00469701278388894,0.00334902872291546
"838","1964-10-01",0.612490467019118,0.436713345468177
"839","1964-11-01",1.31892118971601,0.940407265394663
"840","1964-12-01",2.26396016183447,1.61423184444525
"841","1965-01-01",1.64019686413402,1.16948083004208
"842","1965-02-01",1.37716414823624,0.981935221558814
"843","1965-03-01",0.71770355337823,0.511731588861483
"844","1965-04-01",1.00516073575223,0.716692146703909
"845","1965-05-01",0.428367565890671,0.30543141952989
"846","1965-06-01",0.661339399971563,0.471543244186497
"847","1965-07-01",1.31140596926179,0.935048819437998
"848","1965-08-01",0.888674818711787,0.633636234375606
"849","1965-09-01",0.355094166462004,0.253186571452409
"850","1965-10-01",0.144667993743779,0.103150084665796
"851","1965-11-01",3.65991236120626,2.60956318089573
"852","1965-12-01",2.70923697374714,1.93171976737764
"853","1966-01-01",0.201032147150447,0.143338429340782
"854","1966-02-01",0.988251489730233,0.704635643301414
"855","1966-03-01",1.18364722154001,0.843955238174697
"856","1966-04-01",0.358851776689115,0.255865794430742
"857","1966-05-01",0.263032715897781,0.187545608483266
"858","1966-06-01",0.216062588058891,0.154055321254111
"859","1966-07-01",0.129637552835335,0.0924331927524668
"860","1966-08-01",0.392670268733115,0.279978801235733
"861","1966-09-01",0.388912658506004,0.2772995782574
"862","1966-10-01",0.0244244664762225,0.0174149493591604
"863","1966-11-01",1.12728306813335,0.803766893499712
"864","1966-12-01",3.96991520494293,2.83059907660815
"865","1967-01-01",2.72238860954203,1.9410970478018
"866","1967-02-01",0.456549642594005,0.325525591867383
"867","1967-03-01",1.79613768855913,1.28066858364287
"868","1967-04-01",1.97274536923335,1.4065920636245
"869","1967-05-01",0.240487054535114,0.171470270613272
"870","1967-06-01",0.674491035766452,0.480920524610661
"871","1967-07-01",1.12164665279268,0.799748059032213
"872","1967-08-01",0.909341674960899,0.648371960756434
"873","1967-09-01",1.00891834597934,0.719371369682242
"874","1967-10-01",0.268669131238447,0.191564442950765
"875","1967-11-01",0.9938879050709,0.708654477768912
"876","1967-12-01",0.860492742008454,0.613542062038113
"877","1968-01-01",0.375761022711115,0.267922297833237
"878","1968-02-01",0.62000568747334,0.442071791424841
"879","1968-03-01",0.916856895415121,0.653730406713099
"880","1968-04-01",0.445276811912672,0.317487922932386
"881","1968-05-01",0.571156754520895,0.407241892706521
"882","1968-06-01",0.242365859648669,0.172809882102438
"883","1968-07-01",0.945038972118455,0.673824579050591
"884","1968-08-01",0.157819629538668,0.11252736508996
"885","1968-09-01",0.0732733994286675,0.0522448480774812
"886","1968-10-01",0.294972402828225,0.210319003799091
"887","1968-11-01",0.509156185773561,0.363034713564036
"888","1968-12-01",1.29073911301268,0.92031309305717
"889","1969-01-01",5.8618719542934,4.1795878461985
"890","1969-02-01",4.34191861742694,3.09584215146306
"891","1969-03-01",0.730855189173119,0.521108869285646
"892","1969-04-01",0.298260311776948,0.212663323905132
"893","1969-05-01",1.91450241071313,1.36506410746034
"894","1969-06-01",2.33347595103603,1.6637974695444
"895","1969-07-01",0.351336556234893,0.250507348474077
"896","1969-08-01",0.287457182374003,0.204960557842426
"897","1969-09-01",0.0300608818168892,0.021433783826659
"898","1969-10-01",1.24189018006024,0.885483194338849
"899","1969-11-01",0.155940824425113,0.111187753600793
"900","1969-12-01",0.862371547122009,0.614881673527279
"901","1970-01-01",2.28838462831069,1.63164679380441
"902","1970-02-01",1.34710326641935,0.960501437732155
"903","1970-03-01",0.559883923839562,0.399204223771523
"904","1970-04-01",1.20995049312979,0.862709799023024
"905","1970-05-01",0.157819629538668,0.11252736508996
"906","1970-06-01",0.385155048278893,0.274620355279068
"907","1970-07-01",0.680127451107118,0.484939359078159
"908","1970-08-01",0.135273968176001,0.0964520272199654
"909","1970-09-01",0.0901826454506676,0.0643013514799769
"910","1970-10-01",0.285578377260447,0.20362094635326
"911","1970-11-01",2.79941961919781,1.99602111885762
"912","1970-12-01",0.982615074389566,0.700616808833915
"913","1971-01-01",0.597460026110673,0.425996453554847
"914","1971-02-01",0.668854620425785,0.476901690143162
"915","1971-03-01",1.29637552835335,0.924331927524668
"916","1971-04-01",0.574914364748006,0.409921115684853
"917","1971-05-01",1.20431407778912,0.858690964555525
"918","1971-06-01",0.279941961919781,0.199602111885762
"919","1971-07-01",0.866129157349121,0.617560896505612
"920","1971-08-01",0.518550211341339,0.369732771009867
"921","1971-09-01",0.187880511355558,0.133961148916619
"922","1971-10-01",0.614369272132673,0.438052956957343
"923","1971-11-01",0.75152204542223,0.535844595666474
"924","1971-12-01",3.39312203508137,2.41933834943413
"925","1972-01-01",0.428367565890671,0.30543141952989
"926","1972-02-01",0.456549642594005,0.325525591867383
"927","1972-03-01",0.11460711192689,0.0817163008391373
"928","1972-04-01",0.533580652249784,0.380449662923197
"929","1972-05-01",0.21230497783178,0.151376098275779
"930","1972-06-01",0.338184920440004,0.241130068049913
"931","1972-07-01",0.372003412484004,0.265243074854905
"932","1972-08-01",0.261153910784225,0.1862059969941
"933","1972-09-01",0.956311802799788,0.681862247985589
"934","1972-10-01",1.33395163062446,0.951124157307992
"935","1972-11-01",1.15734394995023,0.82520067732637
"936","1972-12-01",0.689521476674896,0.49163741652399
"937","1973-01-01",1.97274536923335,1.4065920636245
"938","1973-02-01",2.88208704419425,2.05496402438093
"939","1973-03-01",1.44104352209713,1.02748201219046
"940","1973-04-01",0.422731150550005,0.301412585062392
"941","1973-05-01",1.02394878688779,0.730088261595571
"942","1973-06-01",0.834189470418676,0.594787501189787
"943","1973-07-01",0.300608818168892,0.21433783826659
"944","1973-08-01",0.552368703385339,0.393845777814859
"945","1973-09-01",0.176607680674224,0.125923479981621
"946","1973-10-01",0.392670268733115,0.279978801235733
"947","1973-11-01",2.36541563796647,1.68657086486023
"948","1973-12-01",1.28510269767201,0.916294258589671
"949","1974-01-01",2.10238292206869,1.49902525637696
"950","1974-02-01",0.133395163062446,0.0951124157307992
"951","1974-03-01",1.84310781639802,1.31415887087203
"952","1974-04-01",0.94691777723201,0.675164190539758
"953","1974-05-01",0.16157723976578,0.115206588068292
"954","1974-06-01",0.514792601114228,0.367053548031535
"955","1974-07-01",0.926250920982899,0.66042846415893
"956","1974-08-01",0.50539857554645,0.360355490585704
"957","1974-09-01",0,0
"958","1974-10-01",0.860492742008454,0.613542062038113
"959","1974-11-01",0.514792601114228,0.367053548031535
"960","1974-12-01",1.00328193063868,0.715352535214743
"961","1975-01-01",0.704551917583341,0.50235430843732
"962","1975-02-01",1.49740767550379,1.06767035686545
"963","1975-03-01",2.06856443002469,1.47491224957197
"964","1975-04-01",0.745885630081564,0.531825761198976
"965","1975-05-01",0.68388506133423,0.487618582056492
"966","1975-06-01",0.682006256220674,0.486278970567325
"967","1975-07-01",0.242365859648669,0.172809882102438
"968","1975-08-01",0.430246371004227,0.306771031019057
"969","1975-09-01",0.828553055078009,0.590768666722288
"970","1975-10-01",0.884917208484676,0.630957011397274
"971","1975-11-01",0.287457182374003,0.204960557842426
"972","1975-12-01",0.366366997143337,0.261224240387406
"973","1976-01-01",0.0732733994286675,0.0522448480774812
"974","1976-02-01",1.0446156431369,0.744823987976399
"975","1976-03-01",0.358851776689115,0.255865794430742
"976","1976-04-01",0.625642102814007,0.44609062589234
"977","1976-05-01",0.484731719297339,0.345619764204876
"978","1976-06-01",0.242365859648669,0.172809882102438
"979","1976-07-01",1.99716983570958,1.42400701298366
"980","1976-08-01",0.16157723976578,0.115206588068292
"981","1976-09-01",1.2982543334669,0.925671539013834
"982","1976-10-01",0.494125744865116,0.352317821650707
"983","1976-11-01",0.0300608818168892,0.021433783826659
"984","1976-12-01",0.300608818168892,0.21433783826659
"985","1977-01-01",0.597460026110673,0.425996453554847
"986","1977-02-01",1.05025205847757,0.748842822443898
"987","1977-03-01",1.70219743288135,1.21368800918456
"988","1977-04-01",0.0305305830952781,0.0217686866989505
"989","1977-05-01",1.20243527267557,0.857351353066359
"990","1977-06-01",1.73601592492535,1.23780101598956
"991","1977-07-01",0.308124038623114,0.219696284223254
"992","1977-08-01",0.418973540322893,0.298733362084059
"993","1977-09-01",0.537338262476895,0.383128885901529
"994","1977-10-01",0.328790894872226,0.234432010604083
"995","1977-11-01",0.950675387459121,0.67784341351809
"996","1977-12-01",3.39687964530848,2.42201757241246
"997","1978-01-01",2.15123185502113,1.53385515509528
"998","1978-02-01",3.46075901916937,2.46756436304411
"999","1978-03-01",2.2752329925158,1.62226951338025
"1000","1978-04-01",1.18176841642646,0.842615626685531
"1001","1978-05-01",0.821037834623787,0.585410220765623
"1002","1978-06-01",0.676369840880007,0.482260136099827
"1003","1978-07-01",0.355094166462004,0.253186571452409
"1004","1978-08-01",0.29309359771467,0.208979392309925
"1005","1978-09-01",0.691400281788452,0.492977028013156
"1006","1978-10-01",0.338184920440004,0.241130068049913
"1007","1978-11-01",0.911220480074454,0.6497115722456
"1008","1978-12-01",0.636445232216951,0.453793391955045
"1009","1979-01-01",2.23812659152308,1.59581218646922
"1010","1979-02-01",1.42319487351835,1.01475570304339
"1011","1979-03-01",1.74540995049313,1.24449907343539
"1012","1979-04-01",1.09440397864612,0.780323692439303
"1013","1979-05-01",0.718642955935008,0.512401394606066
"1014","1979-06-01",0.411458319868671,0.293374916127395
"1015","1979-07-01",0.33113940126417,0.23610652496554
"1016","1979-08-01",0.253638690330003,0.180847551037435
"1017","1979-09-01",0.163456044879335,0.116546199557458
"1018","1979-10-01",0.456549642594005,0.325525591867383
"1019","1979-11-01",0.435882786344894,0.310789865486555
"1020","1979-12-01",0.871295871411398,0.621244828100819
"1021","1980-01-01",4.14276527539004,2.95384333361144
"1022","1980-02-01",3.88286390134819,2.76853041094345
"1023","1980-03-01",1.09283830771816,0.779207349531665
"1024","1980-04-01",1.68153057663224,1.19895228280374
"1025","1980-05-01",1.7637283003503,1.25756028545476
"1026","1980-06-01",0.333487907656115,0.237781039326998
"1027","1980-07-01",0.232971834080891,0.166111824656607
"1028","1980-08-01",0.216062588058891,0.154055321254111
"1029","1980-09-01",0.279472260641392,0.19926720901347
"1030","1980-10-01",0.277123754249447,0.197592694652012
"1031","1980-11-01",0.39079146361956,0.278639189746567
"1032","1980-12-01",1.33770924085157,0.953803380286324
"1033","1981-01-01",1.66509103188863,1.18723068227353
"1034","1981-02-01",1.44354859558187,1.02926816084269
"1035","1981-03-01",1.68153057663224,1.19895228280374
"1036","1981-04-01",0.316265527448522,0.225501267342975
"1037","1981-05-01",0.820411566252601,0.584963683602568
"1038","1981-06-01",0.035227595879167,0.025117715421866
"1039","1981-07-01",0.039924608663056,0.0284667441447815
"1040","1981-08-01",0.0939402556777788,0.0669805744583093
"1041","1981-09-01",0.103334281245557,0.0736786319041402
"1042","1981-10-01",1.05213086359112,0.750182433933064
"1043","1981-11-01",3.02487623282448,2.15677449755756
"1044","1981-12-01",0.483792316740561,0.344949958460293
"1045","1982-01-01",1.95865433088169,1.39654497745575
"1046","1982-02-01",0.878341390587232,0.626268371185192
"1047","1982-03-01",1.26584494525807,0.902563240825718
"1048","1982-04-01",2.8675263045642,2.04458203533989
"1049","1982-05-01",0.373412516319171,0.266247783471779
"1050","1982-06-01",1.18129871514807,0.842280723813239
"1051","1982-07-01",0.565990040458617,0.403557961111314
"1052","1982-08-01",1.44433143104585,1.02982633229651
"1053","1982-09-01",1.38796727763918,0.98963798762152
"1054","1982-10-01",1.78298605276424,1.27129130321871
"1055","1982-11-01",2.23014166979047,1.59011883764026
"1056","1982-12-01",2.21933854038752,1.58241607157756
"1057","1983-01-01",2.26396016183447,1.61423184444525
"1058","1983-02-01",2.63408476920492,1.87813530781099
"1059","1983-03-01",3.27851492315448,2.33762204859499
"1060","1983-04-01",0.646308959063118,0.460826352273168
"1061","1983-05-01",0.00939402556777788,0.00669805744583093
"1062","1983-06-01",0.372003412484004,0.265243074854905
"1063","1983-07-01",0.0432125176117782,0.0308110642508223
"1064","1983-08-01",1.51807453175291,1.08240608324628
"1065","1983-09-01",0.537338262476895,0.383128885901529
"1066","1983-10-01",1.83935020617091,1.3114796478937
"1067","1983-11-01",3.1000284373667,2.21035895712421
"1068","1983-12-01",2.70735816863358,1.93038015588847
"1069","1984-01-01",0.676369840880007,0.482260136099827
"1070","1984-02-01",1.22592033659501,0.874096496680936
"1071","1984-03-01",0.55612631361245,0.396525000793191
"1072","1984-04-01",0.475337693729561,0.338921706759045
"1073","1984-05-01",0.00563641534066673,0.00401883446749856
"1074","1984-06-01",0.240487054535114,0.171470270613272
"1075","1984-07-01",1.67589416129157,1.19493344833624
"1076","1984-08-01",1.10473740677068,0.787691555629717
"1077","1984-09-01",0.24189615837028,0.172474979230146
"1078","1984-10-01",1.05025205847757,0.748842822443898
"1079","1984-11-01",1.89195674935046,1.34898876959035
"1080","1984-12-01",0.676369840880007,0.482260136099827
"1081","1985-01-01",0.691400281788452,0.492977028013156
"1082","1985-02-01",0.762794876103564,0.543882264601471
"1083","1985-03-01",1.40440682238279,1.00135958815172
"1084","1985-04-01",0.103334281245557,0.0736786319041402
"1085","1985-05-01",0.0117425319597223,0.00837257180728866
"1086","1985-06-01",0.604975246564895,0.431354899511512
"1087","1985-07-01",0.821977237180564,0.586080026510206
"1088","1985-08-01",0.541095872704006,0.385808108879861
"1089","1985-09-01",1.70736414694363,1.21737194077977
"1090","1985-10-01",0.992009099957344,0.707314866279746
"1091","1985-11-01",1.62704522833913,1.16010354961792
"1092","1985-12-01",1.12352545790623,0.801087670521379
"1093","1986-01-01",3.11130126804803,2.2183966260592
"1094","1986-02-01",7.08779229088841,5.05368434287944
"1095","1986-03-01",2.57772061579825,1.83794696313601
"1096","1986-04-01",0.580550780088673,0.413939950152351
"1097","1986-05-01",0.0958190607913344,0.0683201859474755
"1098","1986-06-01",0.349927452399726,0.249502639857202
"1099","1986-07-01",0.377639827824671,0.269261909322403
"1100","1986-08-01",0.434003981231338,0.309450253997389
"1101","1986-09-01",0.211365575275002,0.150706292531196
"1102","1986-10-01",0.062000568747334,0.0442071791424841
"1103","1986-11-01",0.00939402556777788,0.00669805744583093
"1104","1986-12-01",0.670733425539341,0.478241301632328
"1105","1987-01-01",1.42037666584802,1.01274628580964
"1106","1987-02-01",1.20807168801624,0.861370187533858
"1107","1987-03-01",0.997645515298011,0.711333700747245
"1108","1987-04-01",0.103334281245557,0.0736786319041402
"1109","1987-05-01",0.960069413026899,0.684541470963921
"1110","1987-06-01",0.680127451107118,0.484939359078159
"1111","1987-07-01",0.0807886198828898,0.057603294034146
"1112","1987-08-01",0.0864250352235565,0.0616221285016446
"1113","1987-09-01",0.251759885216447,0.179507939548269
"1114","1987-10-01",1.1967988573349,0.85333251859886
"1115","1987-11-01",1.58759032095446,1.13197170834543
"1116","1987-12-01",0.976978659048899,0.696597974366417
"1117","1988-01-01",1.04649444825046,0.746163599465565
"1118","1988-02-01",0.304366428396003,0.217017061244922
"1119","1988-03-01",0.136213370732779,0.0971218329645485
"1120","1988-04-01",0.547201989323062,0.390161846219652
"1121","1988-05-01",0.499762160205783,0.356336656118205
"1122","1988-06-01",0.697036697129119,0.496995862480655
"1123","1988-07-01",0.257396300557114,0.183526774015767
"1124","1988-08-01",0.307654337344726,0.219361381350963
"1125","1988-09-01",0.26772972868167,0.190894637206182
"1126","1988-10-01",0.00469701278388894,0.00334902872291546
"1127","1988-11-01",1.13198008091723,0.807115922222627
"1128","1988-12-01",1.11413143233846,0.794389613075548
"1129","1989-01-01",0.26772972868167,0.190894637206182
"1130","1989-02-01",0.523716925403617,0.373416702605074
"1131","1989-03-01",0.655233283352507,0.467189506846707
"1132","1989-04-01",0.105682787637501,0.075353146265598
"1133","1989-05-01",1.51713512919613,1.0817362775017
"1134","1989-06-01",0.728036981502786,0.519099452051897
"1135","1989-07-01",0.0187880511355558,0.0133961148916619
"1136","1989-08-01",1.52183214198002,1.08508530622461
"1137","1989-09-01",0.873644377803343,0.622919342462276
"1138","1989-10-01",0.0587126597986117,0.0418628590364433
"1139","1989-11-01",0.284169273425281,0.202616237736386
"1140","1989-12-01",0.0140910383516668,0.0100470861687464
"1141","1990-01-01",1.79895589622946,1.28267800087662
"1142","1990-02-01",1.11788904256557,0.797068836053881
"1143","1990-03-01",0.115076813205279,0.0820512037114289
"1144","1990-04-01",0.984024178224733,0.70162151745079
"1145","1990-05-01",0.356972971575559,0.254526182941575
"1146","1990-06-01",0.601217636337784,0.42867567653318
"1147","1990-07-01",0.770310096557786,0.549240710558136
"1148","1990-08-01",0.277123754249447,0.197592694652012
"1149","1990-09-01",0.568338546850562,0.405232475472771
"1150","1990-10-01",0.0140910383516668,0.0100470861687464
"1151","1990-11-01",0.286517779817225,0.204290752097843
"1152","1990-12-01",0.206668562491113,0.14735726380828
"1153","1991-01-01",0.138561877124724,0.0987963473260062
"1154","1991-02-01",0.305305830952781,0.217686866989505
"1155","1991-03-01",4.8003470651345,3.42270735481961
"1156","1991-04-01",0.164395447436113,0.117216005302041
"1157","1991-05-01",0.529196773651487,0.377323902781809
"1158","1991-06-01",0.180834992179724,0.128937605832245
"1159","1991-07-01",0.218411094450836,0.155729835615569
"1160","1991-08-01",0.108031294029446,0.0770276606270557
"1161","1991-09-01",0.410988618590282,0.293040013255103
"1162","1991-10-01",1.44902844382974,1.03317536101942
"1163","1991-11-01",0.669324321704174,0.477236593015454
"1164","1991-12-01",1.00281222936029,0.715017632342452
"1165","1992-01-01",1.10614651060585,0.788696264246592
"1166","1992-02-01",1.87410810077169,1.33626246044327
"1167","1992-03-01",0.84076528831612,0.599476141401868
"1168","1992-04-01",0.079849217326112,0.0569334882895629
"1169","1992-05-01",0.0892432428938899,0.0636315457353938
"1170","1992-06-01",0.446216214469449,0.318157728676969
"1171","1992-07-01",0.86190184584362,0.614546770654988
"1172","1992-08-01",0.612960168297507,0.437048248340468
"1173","1992-09-01",0.260684209505836,0.185871094121808
"1174","1992-10-01",0.587126597986117,0.418628590364433
"1175","1992-11-01",0.0587126597986117,0.0418628590364433
"1176","1992-12-01",3.09767993097476,2.20868444276275
"1177","1993-01-01",3.47578946007782,2.47828125495744
"1178","1993-02-01",3.81162587412587,2.7177368086459
"1179","1993-03-01",1.24235988133862,0.88581809721114
"1180","1993-04-01",0.0328790894872226,0.0234432010604083
"1181","1993-05-01",0.0117425319597223,0.00837257180728866
"1182","1993-06-01",0.164395447436113,0.117216005302041
"1183","1993-07-01",0,0
"1184","1993-08-01",0.0634096725825007,0.0452118877593588
"1185","1993-09-01",0.0344447604151856,0.0245595439680467
"1186","1993-10-01",0.164395447436113,0.117216005302041
"1187","1993-11-01",0.650536270568618,0.463840478123792
"1188","1993-12-01",0.425079656941949,0.30308709942385
"1189","1994-01-01",0.218411094450836,0.155729835615569
"1190","1994-02-01",2.79472260641392,1.9926720901347
"1191","1994-03-01",0.875992884195287,0.624593856823734
"1192","1994-04-01",0.371064009927226,0.264573269110322
"1193","1994-05-01",2.22168704677947,1.58409058593901
"1194","1994-06-01",0,0
"1195","1994-07-01",0.173789473003891,0.123914062747872
"1196","1994-08-01",0,0
"1197","1994-09-01",0.418034137766116,0.298063556339476
"1198","1994-10-01",0.897129441722788,0.639664486076854
"1199","1994-11-01",1.66743953828057,1.18890519663499
"1200","1994-12-01",0.354624465183615,0.252851668580118
"1201","1995-01-01",4.54670837480449,3.24185980378217
"1202","1995-02-01",0.312351350128614,0.222710410073878
"1203","1995-03-01",6.10846512544757,4.35541185415156
"1204","1995-04-01",0.648187764176674,0.462165963762334
"1205","1995-05-01",1.94456329253002,1.386497891287
"1206","1995-06-01",0.981675671832788,0.699947003089332
"1207","1995-07-01",0.279472260641392,0.19926720901347
"1208","1995-08-01",0.0587126597986117,0.0418628590364433
"1209","1995-09-01",0.00234850639194447,0.00167451436145773
"1210","1995-10-01",0.0117425319597223,0.00837257180728866
"1211","1995-11-01",0.0187880511355558,0.0133961148916619
"1212","1995-12-01",2.15827737419697,1.53887869817966
"1213","1996-01-01",1.79425888344558,1.27932897215371
"1214","1996-02-01",3.25972687201892,2.32422593370333
"1215","1996-03-01",1.24001137494668,0.884143582849683
"1216","1996-04-01",0.695157892015563,0.495656250991489
"1217","1996-05-01",0.408640112198338,0.291365498893645
"1218","1996-06-01",0.129167851556946,0.0920982898801753
"1219","1996-07-01",0.779704122125564,0.555938768003967
"1220","1996-08-01",0.225456613626669,0.160753378699942
"1221","1996-09-01",0.0375761022711115,0.0267922297833237
"1222","1996-10-01",1.51948363558807,1.08341079186315
"1223","1996-11-01",3.26442388480281,2.32757496242625
"1224","1996-12-01",2.78767708723809,1.98764854705033
"1225","1997-01-01",3.7810952910306,2.69596812194695
"1226","1997-02-01",0.286517779817225,0.204290752097843
"1227","1997-03-01",0.00469701278388894,0.00334902872291546
"1228","1997-04-01",0.185532004963613,0.132286634555161
"1229","1997-05-01",0.157349928260279,0.112192462217668
"1230","1997-06-01",1.22122332381112,0.870747467958021
"1231","1997-07-01",0.791446654085286,0.564311339811256
"1232","1997-08-01",0.192577524139447,0.137310177639534
"1233","1997-09-01",0.455610240037227,0.3248557861228
"1234","1997-10-01",0.0305305830952781,0.0217686866989505
"1235","1997-11-01",1.17738453782816,0.839489866544143
"1236","1997-12-01",0.657581789744452,0.468864021208165
"1237","1998-01-01",1.03334281245557,0.736786319041402
"1238","1998-02-01",5.68338546850562,4.05232475472771
"1239","1998-03-01",1.43258889908613,1.02145376048922
"1240","1998-04-01",0.519019912619728,0.370067673882159
"1241","1998-05-01",0.681066853663896,0.485609164822742
"1242","1998-06-01",1.45607396300557,1.03819890410379
"1243","1998-07-01",0.317048362912503,0.226059438796794
"1244","1998-08-01",0.0211365575275002,0.0150706292531196
"1245","1998-09-01",1.28463299639362,0.91595935571738
"1246","1998-10-01",0.347578946007782,0.247828125495744
"1247","1998-11-01",0.511974393443895,0.365044130797786
"1248","1998-12-01",0.306871501880744,0.218803209897144
"1249","1999-01-01",1.83418349210863,1.30779571629849
"1250","1999-02-01",1.60637837209002,1.14536782323709
"1251","1999-03-01",0.29434613445704,0.209872466636036
"1252","1999-04-01",1.47251350774918,1.049920504634
"1253","1999-05-01",0.0892432428938899,0.0636315457353938
"1254","1999-06-01",0.137779041660742,0.098238175872187
"1255","1999-07-01",0.119773825989168,0.0854002324343444
"1256","1999-08-01",0.317048362912503,0.226059438796794
"1257","1999-09-01",0.401594593022504,0.286341955809272
"1258","1999-10-01",0.0821977237180564,0.0586080026510206
"1259","1999-11-01",0.326442388480281,0.232757496242625
"1260","1999-12-01",0.0117425319597223,0.00837257180728866
"1261","2000-01-01",1.26819345165001,0.904237755187175
"1262","2000-02-01",1.54766571229141,1.10350496420065
"1263","2000-03-01",0.753870551814175,0.537519110027932
"1264","2000-04-01",0.460307252821116,0.328204814845716
"1265","2000-05-01",0.0915917492858343,0.0653060600968516
"1266","2000-06-01",0.312351350128615,0.222710410073878
"1267","2000-07-01",0,0
"1268","2000-08-01",0.803189186045009,0.572683911618544
"1269","2000-09-01",0.100985774853612,0.0720041175426825
"1270","2000-10-01",0.448564720861394,0.319832243038427
"1271","2000-11-01",0.0986372684616677,0.0703296031812248
"1272","2000-12-01",0.13151635794889,0.093772804241633
"1273","2001-01-01",1.42554337991029,1.01643021740484
"1274","2001-02-01",1.09205547225418,0.778649178077846
"1275","2001-03-01",1.47251350774918,1.049920504634
"1276","2001-04-01",1.17425319597223,0.837257180728866
"1277","2001-05-01",0.0939402556777788,0.0669805744583093
"1278","2001-06-01",0,0
"1279","2001-07-01",0.573035559634451,0.408581504195687
"1280","2001-08-01",0.157349928260279,0.112192462217668
"1281","2001-09-01",0.0469701278388894,0.0334902872291546
"1282","2001-10-01",0.145607396300557,0.103819890410379
"1283","2001-11-01",1.39031578403113,0.991312501982978
"1284","2001-12-01",1.56645376342696,1.11690107909231
"1285","2002-01-01",0.216062588058891,0.154055321254111
"1286","2002-02-01",0.138561877124724,0.0987963473260062
"1287","2002-03-01",0.716294449543063,0.510726880244608
"1288","2002-04-01",0.610611661905562,0.43537373397901
"1289","2002-05-01",0.0587126597986117,0.0418628590364433
"1290","2002-06-01",0.145607396300557,0.103819890410379
"1291","2002-07-01",0.375761022711115,0.267922297833237
"1292","2002-08-01",0.0610611661905562,0.043537373397901
"1293","2002-09-01",0.293563298993059,0.209314295182217
"1294","2002-10-01",0.0915917492858343,0.0653060600968516
"1295","2002-11-01",2.67025176764086,1.90392282897744
"1296","2002-12-01",2.49881080102892,1.78168328059103
"1297","2003-01-01",0.103334281245557,0.0736786319041402
"1298","2003-02-01",1.13432858730918,0.808790436584085
"1299","2003-03-01",0.796143666869175,0.567660368534171
"1300","2003-04-01",0.683415360055841,0.4872836791842
"1301","2003-05-01",0.372629680855189,0.26568961201796
"1302","2003-06-01",0.144041725372594,0.102703547502741
"1303","2003-07-01",0.801623515117046,0.571567568710906
"1304","2003-08-01",0.601217636337784,0.42867567653318
"1305","2003-09-01",0.403943099414449,0.28801647017073
"1306","2003-10-01",0.0156567092796298,0.0111634290763849
"1307","2003-11-01",0.773441438413712,0.551473396373413
"1308","2003-12-01",1.90385584840298,1.3574729756884
"1309","2004-01-01",0.842330959244083,0.600592484309507
"1310","2004-02-01",2.11678709460595,1.50929561112724
"1311","2004-03-01",0.303740160024818,0.216570524081867
"1312","2004-04-01",0.140910383516668,0.100470861687464
"1313","2004-05-01",0.403943099414449,0.28801647017073
"1314","2004-06-01",0.266164057753707,0.189778294298543
"1315","2004-07-01",0.263032715897781,0.187545608483266
"1316","2004-08-01",0.670107157168155,0.477794764469273
"1317","2004-09-01",0.0344447604151856,0.0245595439680467
"1318","2004-10-01",1.59385300466631,1.13643707997598
"1319","2004-11-01",1.68779326034409,1.20341765443429
"1320","2004-12-01",1.81617827643706,1.29495777286065
"1321","2005-01-01",4.08640112198338,2.91365498893645
"1322","2005-02-01",1.54062019311557,1.09848142111627
"1323","2005-03-01",1.43102322815816,1.02033741758158
"1324","2005-04-01",0.403943099414449,0.28801647017073
"1325","2005-05-01",0.748390703566304,0.533611909851197
"1326","2005-06-01",0.0407074441270375,0.0290249155986007
"1327","2005-07-01",0.140910383516668,0.100470861687464
"1328","2005-08-01",0.601217636337784,0.42867567653318
"1329","2005-09-01",0.288083450745188,0.205407095005482
"1330","2005-10-01",0.247376006618151,0.176382179406881
"1331","2005-11-01",0.407074441270375,0.290249155986007
"1332","2005-12-01",5.01640965319339,3.57676267607372
"1333","2006-01-01",4.17721003580523,2.97840287757949
"1334","2006-02-01",1.42476054444631,1.01587204595102
"1335","2006-03-01",1.26193076793816,0.899772383556621
"1336","2006-04-01",1.51243811641224,1.07838724877878
"1337","2006-05-01",0.854856326667787,0.609523227570615
"1338","2006-06-01",0.219193929914817,0.156288007069388
"1339","2006-07-01",0.369498338999263,0.263456926202683
"1340","2006-08-01",0,0
"1341","2006-09-01",0,0
"1342","2006-10-01",0.576166901490377,0.410814190010964
"1343","2006-11-01",0.206668562491113,0.14735726380828
"1344","2006-12-01",0.864250352235565,0.616221285016446
"1345","2007-01-01",0.497883355092228,0.354997044629039
"1346","2007-02-01",1.26819345165001,0.904237755187176
"1347","2007-03-01",0.247376006618151,0.176382179406881
"1348","2007-04-01",0.551116166642969,0.392952703488748
"1349","2007-05-01",0.0563641534066673,0.0401883446749856
"1350","2007-06-01",0.0375761022711115,0.0267922297833237
"1351","2007-07-01",0.184749169499632,0.131728463101342
"1352","2007-08-01",1.0489995217352,0.747949748117787
"1353","2007-09-01",0.322528211160374,0.229966638973529
"1354","2007-10-01",0.187880511355558,0.133961148916619
"1355","2007-11-01",0.175355143931854,0.125030405655511
"1356","2007-12-01",1.16172782854853,0.828326437467758
"1357","2008-01-01",5.16045137856598,3.67946622357646
"1358","2008-02-01",1.4717306722852,1.04936233318018
"1359","2008-03-01",0.219193929914817,0.156288007069388
"1360","2008-04-01",0,0
"1361","2008-05-01",1.37152773289557,0.977916387091316
"1362","2008-06-01",0.00939402556777788,0.00669805744583093
"1363","2008-07-01",0.0125253674237038,0.00893074326110791
"1364","2008-08-01",0.0156567092796298,0.0111634290763849
"1365","2008-09-01",0,0
"1366","2008-10-01",0.218411094450836,0.155729835615569
"1367","2008-11-01",1.19304124710779,0.850653295620528
"1368","2008-12-01",1.05917638276696,0.755205977017437
"1369","2009-01-01",0.810234705220842,0.577707454702918
"1370","2009-02-01",1.52652915476391,1.08843433494753
"1371","2009-03-01",1.8060014154053,1.287701543961
"1372","2009-04-01",0.31000284373667,0.221035895712421
"1373","2009-05-01",0.479095303956672,0.341600929737377
"1374","2009-06-01",0.958190607913344,0.683201859474755
"1375","2009-07-01",0.145607396300557,0.103819890410379
"1376","2009-08-01",0.324093882088337,0.231082981881167
"1377","2009-09-01",0.0211365575275002,0.0150706292531196
"1378","2009-10-01",2.24752061709086,1.60251024391505
"1379","2009-11-01",0.31000284373667,0.221035895712421
"1380","2009-12-01",1.38092175846335,0.984614444537147
"1381","2010-01-01",2.39312801339141,1.70633013432543
"1382","2010-02-01",2.09251919522252,1.49199229605884
"1383","2010-03-01",0.319396869304448,0.227733953158252
"1384","2010-04-01",1.23766286855474,0.882469068488225
"1385","2010-05-01",0.260684209505836,0.185871094121808
"1386","2010-06-01",0,0
"1387","2010-07-01",0.605914649121673,0.432024705256095
"1388","2010-08-01",0.0187880511355558,0.0133961148916619
"1389","2010-09-01",0,0
"1390","2010-10-01",2.95676954745809,2.10821358107528
"1391","2010-11-01",1.51478662280418,1.08006176314024
"1392","2010-12-01",4.75572544368755,3.39089158195191
"1393","2011-01-01",0.48848932952445,0.348298987183208
"1394","2011-02-01",1.42789188630224,1.0181047317663
"1395","2011-03-01",2.97978491009914,2.12462382181757
"1396","2011-04-01",0.394549073846671,0.281318412724899
"1397","2011-05-01",0.447155617026227,0.318827534421552
"1398","2011-06-01",0.864250352235565,0.616221285016446
"1399","2011-07-01",0.263032715897781,0.187545608483266
"1400","2011-08-01",0.0244244664762225,0.0174149493591604
"1401","2011-09-01",0.340063725553559,0.24246967953908
"1402","2011-10-01",0.640672543722451,0.456807517805669
"1403","2011-11-01",0.231093028967336,0.164772213167441
"1404","2011-12-01",0.00939402556777788,0.00669805744583093
"1405","2012-01-01",1.93892687718935,1.3824790568195
"1406","2012-02-01",0.244244664762225,0.174149493591604
"1407","2012-03-01",0.96382702325401,0.687220693942253
"1408","2012-04-01",0.204789757377558,0.146017652319114
"1409","2012-05-01",0.0695157892015563,0.0495656250991489
"1410","2012-06-01",0.159698434652224,0.113866976579126
"1411","2012-07-01",0.191638121582669,0.136640371894951
"1412","2012-08-01",0.794734563034009,0.566655659917297
"1413","2012-09-01",0.075152204542223,0.0535844595666474
"1414","2012-10-01",0.571156754520895,0.407241892706521
"1415","2012-11-01",1.1122526272249,0.793050001586382
"1416","2012-12-01",3.58288135155048,2.55463910983992
"1417","2013-01-01",0.176607680674224,0.125923479981621
"1418","2013-02-01",0.0883038403371121,0.0629617399908107
"1419","2013-03-01",0.0864250352235565,0.0616221285016446
"1420","2013-04-01",0.418973540322893,0.298733362084059
"1421","2013-05-01",0.394549073846671,0.281318412724899
"1422","2013-06-01",0.0526065431795561,0.0375091216966532
"1423","2013-07-01",0.548611093158228,0.391166554836526
"1424","2013-08-01",0.405821904528004,0.289356081659896
"1425","2013-09-01",0.417094735209338,0.297393750594893
"1426","2013-10-01",0.437761591458449,0.312129476975721
"1427","2013-11-01",0.186001706242002,0.132621537427452
"1428","2013-12-01",0.37388221759756,0.266582686344071
"1429","2014-01-01",1.01643356643357,0.724729815638907
"1430","2014-02-01",1.86753228287424,1.33157382023119
"1431","2014-03-01",0.976978659048899,0.696597974366417
"1432","2014-04-01",0.37388221759756,0.266582686344071
"1433","2014-05-01",0.409579514755116,0.292035304638229
"1434","2014-06-01",0.127758747721779,0.0910935812633007
"1435","2014-07-01",0.860492742008454,0.613542062038113
"1436","2014-08-01",0.715824748264674,0.510391977372317
"1437","2014-09-01",0.497883355092228,0.354997044629039
"1438","2014-10-01",0.0300608818168892,0.021433783826659
"1439","2014-11-01",0.34382133578067,0.245148902517412
"1440","2014-12-01",0.86612915734912,0.617560896505612
"1441","2015-01-01",0.169092460220002,0.120565034024957
"1442","2015-02-01",1.0107971510929,0.720710981171408
"1443","2015-03-01",0.219820198286002,0.156734544232444
"1444","2015-04-01",0.454670837480449,0.324185980378217
"1445","2015-05-01",3.56785091064204,2.54392221792659
"1446","2015-06-01",0.725218773832452,0.517090034818148
"1447","2015-07-01",1.54249899822913,1.09982103260544
"1448","2015-08-01",0.24612346987578,0.17548910508077
"1449","2015-09-01",0.107091891472668,0.0763578548824726
"1450","2015-10-01",0.775946511898453,0.553259545025635
"1451","2015-11-01",1.14231350904179,0.814483785413041
"1452","2015-12-01",1.35273968176001,0.964520272199654
"1453","2016-01-01",1.82619857037602,1.30210236746953
"1454","2016-02-01",0.969463438594677,0.691239528409752
"1455","2016-03-01",1.2982543334669,0.925671539013834
"1456","2016-04-01",1.33958804596513,0.95514299177549
"1457","2016-05-01",1.27946628233135,0.912275424122173
"1458","2016-06-01",0.730855189173119,0.521108869285646
"1459","2016-07-01",0.387033853392449,0.275959966768234
"1460","2016-08-01",0.00187880511355558,0.00133961148916619
"1461","2016-09-01",0.21230497783178,0.151376098275779
"1462","2016-10-01",2.48753797034758,1.77364561165603
"1463","2016-11-01",0.428367565890671,0.30543141952989
"1464","2016-12-01",1.88256272378269,1.34229071214452
"1465","2017-01-01",7.2954002559363,5.2017114124323
"1466","2017-02-01",4.8426201801895,3.45284861332584
"1467","2017-03-01",0.879907061515195,0.62738471409283
"1468","2017-04-01",1.59698434652224,1.13866976579126
"1469","2017-05-01",0.832936933676305,0.593894426863676
"1470","2017-06-01",0.0626268371185192,0.0446537163055395
"1471","2017-07-01",1.23374869123483,0.879678211219129
"1472","2017-08-01",0.729602652430749,0.520215794959536
"1473","2017-09-01",0.385155048278893,0.274620355279068
"1474","2017-10-01",0.0313134185592596,0.0223268581527698
"1475","2017-11-01",2.00562445872058,1.4300352646849
"1476","2017-12-01",0.0516671406227783,0.0368393159520701
"1477","2018-01-01",0.403943099414449,0.28801647017073
"1478","2018-02-01",0.421165479622042,0.300296242154753
"1479","2018-03-01",3.63235655287411,2.58991554572129
"1480","2018-04-01",0.978544329976862,0.697714317274055
"1481","2018-05-01",1.75042009746261,1.24807137073983
"1482","2018-06-01",0,0
"1483","2018-07-01",1.27915314814575,0.912052155540645
"1484","2018-08-01",0.594954952625932,0.424210304902626
"1485","2018-09-01",0.0250507348474077,0.0178614865222158
"1486","2018-10-01",0.137779041660742,0.098238175872187
"1487","2018-11-01",1.88037078448354,1.34072783207382
"1488","2018-12-01",1.01298909039205,0.722273861242102
"1489","2019-01-01",2.51290183938058,1.79173036675977
"1490","2019-02-01",4.68918442924912,3.34344700837727
"1491","2019-03-01",2.54264958701188,1.8129408820049
"1492","2019-04-01",0.181617827643706,0.129495777286065
"1493","2019-05-01",0.698915502242674,0.498335473969821
"1494","2019-06-01",0.21230497783178,0.151376098275779
"1495","2019-07-01",0.428367565890671,0.30543141952989
"1496","2019-08-01",0.0206668562491113,0.014735726380828
"1497","2019-09-01",0.0225456613626669,0.0160753378699942
"1498","2019-10-01",0,0
"1499","2019-11-01",0.63691493349534,0.454128294827337
"1500","2019-12-01",1.2094807918514,0.862374896150732
"1501","2020-01-01",0.554247508498895,0.395185389304025
"1502","2020-02-01",0.00626268371185192,0.00446537163055395
"1503","2020-03-01",0.964453291625196,0.687667231105309
"1504","2020-04-01",1.39501279681502,0.994661530705893
"1505","2020-05-01",0.255987196721947,0.182522065398893
"1506","2020-06-01",0.676369840880007,0.482260136099827
"1507","2020-07-01",0.11037980042139,0.0787021749885134
"1508","2020-08-01",0.685763866447785,0.488958193545658
"1509","2020-09-01",0.039924608663056,0.0284667441447815
"1510","2020-10-01",0,0
"1511","2020-11-01",0.826674249964453,0.589429055233122
"1512","2020-12-01",0.62000568747334,0.442071791424841
"1513","2021-01-01",2.69295399609633,1.9201098011382
"1514","2021-02-01",0.247376006618151,0.176382179406881
"1515","2021-03-01",0.228587955482595,0.162986064515219
"1516","2021-04-01",0.0407074441270375,0.0290249155986007
"1517","2021-05-01",0.542504976539173,0.386812817496736
"1518","2021-06-01",0.385155048278893,0.274620355279068
"1519","2021-07-01",2.0596401057353,1.46854909499843
"1520","2021-08-01",0.0634096725825007,0.0452118877593588
"1521","2021-09-01",0.0281820767033336,0.0200941723374928
"1522","2021-10-01",3.21275674418003,2.29073564647418
"1523","2021-11-01",0.354624465183615,0.252851668580118
"1524","2021-12-01",3.33487907656115,2.37781039326998
"1525","2022-01-01",0,0
"1526","2022-02-01",0.119773825989168,0.0854002324343444
"1527","2022-03-01",0.352275958791671,0.25117715421866
"1528","2022-04-01",0.332736385610693,0.237245194731332
"1529","2022-05-01",0.00563641534066673,0.00401883446749856
"1530","2022-06-01",0.00450913227253338,0.00321506757399885
"1531","2022-07-01",0.20723220402518,0.14775914725503
"1532","2022-08-01",1.18608966818763,0.845696733110613
"1533","2022-09-01",0.770310096557786,0.549240710558136
"1534","2022-10-01",0.0868947365019454,0.0619570313739361
"1535","2022-11-01",0.443867708077505,0.316483214315511
"1536","2022-12-01",NA,NA
"1537","2023-01-01",NA,NA
"1538","2023-02-01",NA,NA
"1539","2023-03-01",NA,NA
"1540","2023-04-01",NA,NA
"1541","2023-05-01",NA,NA
"1542","2023-06-01",NA,NA
"1543","2023-07-01",NA,NA
"1544","2023-08-01",NA,NA
"1545","2023-09-01",NA,NA
"1546","2023-10-01",NA,NA
