Date,TerraClimate,ERA5,CRUTS_adj,MERRA2,CAPA,NCEP_NARR,Area
1/1/1901,,,5.332259924,,,,
2/1/1901,,,4.858299176,,,,
3/1/1901,,,0.795778482,,,,
4/1/1901,,,1.866493682,,,,
5/1/1901,,,1.812556306,,,,
6/1/1901,,,0.131315352,,,,
7/1/1901,,,0.085411164,,,,
8/1/1901,,,0.508877314,,,,
9/1/1901,,,1.017266203,,,,
10/1/1901,,,1.382204515,,,,
11/1/1901,,,1.579592503,,,,
12/1/1901,,,1.440732332,,,,
1/1/1902,,,0.933491048,,,,
2/1/1902,,,3.867916306,,,,
3/1/1902,,,2.128147637,,,,
4/1/1902,,,0.983985667,,,,
5/1/1902,,,0.977100038,,,,
6/1/1902,,,0.081968349,,,,
7/1/1902,,,0.146234217,,,,
8/1/1902,,,0.233452171,,,,
9/1/1902,,,0.081968349,,,,
10/1/1902,,,0.814140157,,,,
11/1/1902,,,2.606698723,,,,
12/1/1902,,,1.602544597,,,,
1/1/1903,,,4.654025651,,,,
2/1/1903,,,0.852011124,,,,
3/1/1903,,,3.610852907,,,,
4/1/1903,,,0.737250641,,,,
5/1/1903,,,0.340179413,,,,
6/1/1903,,,0.244928218,,,,
7/1/1903,,,0.062459068,,,,
8/1/1903,,,0.078525534,,,,
9/1/1903,,,0.115248885,,,,
10/1/1903,,,0.52723899,,,,
11/1/1903,,,2.140771232,,,,
12/1/1903,,,0.788892865,,,,
1/1/1904,,,1.433846715,,,,
2/1/1904,,,5.287503397,,,,
3/1/1904,,,3.831192955,,,,
4/1/1904,,,1.328267093,,,,
5/1/1904,,,0.542157851,,,,
6/1/1904,,,0.071639906,,,,
7/1/1904,,,0.39870725,,,,
8/1/1904,,,0.539862642,,,,
9/1/1904,,,2.012239481,,,,
10/1/1904,,,2.420786759,,,,
11/1/1904,,,0.682165626,,,,
12/1/1904,,,2.12814758,,,,
1/1/1905,,,1.294986533,,,,
2/1/1905,,,1.930759569,,,,
3/1/1905,,,3.377889092,,,,
4/1/1905,,,1.07005602,,,,
5/1/1905,,,2.709983148,,,,
6/1/1905,,,0.123282119,,,,
7/1/1905,,,0.068197092,,,,
8/1/1905,,,0.085411163,,,,
9/1/1905,,,0.321817738,,,,
10/1/1905,,,0.080820744,,,,
11/1/1905,,,1.855017635,,,,
12/1/1905,,,1.182521271,,,,
1/1/1906,,,6.398384705,,,,
2/1/1906,,,2.521775997,,,,
3/1/1906,,,5.109624723,,,,
4/1/1906,,,2.281926669,,,,
5/1/1906,,,2.566532673,,,,
6/1/1906,,,0.955295537,,,,
7/1/1906,,,0.361983899,,,,
8/1/1906,,,0.435430601,,,,
9/1/1906,,,0.281651573,,,,
10/1/1906,,,0.07737793,,,,
11/1/1906,,,1.752880815,,,,
12/1/1906,,,7.73075378,,,,
1/1/1907,,,3.92070618,,,,
2/1/1907,,,1.646153576,,,,
3/1/1907,,,5.123395865,,,,
4/1/1907,,,1.242196751,,,,
5/1/1907,,,0.662656346,,,,
6/1/1907,,,1.221539831,,,,
7/1/1907,,,0.065901883,,,,
8/1/1907,,,0.342474631,,,,
9/1/1907,,,0.108363258,,,,
10/1/1907,,,0.877258417,,,,
11/1/1907,,,0.286242001,,,,
12/1/1907,,,3.917263309,,,,
1/1/1908,,,3.748565473,,,,
2/1/1908,,,2.590632338,,,,
3/1/1908,,,0.967919212,,,,
4/1/1908,,,0.752169514,,,,
5/1/1908,,,1.749438001,,,,
6/1/1908,,,0.283946782,,,,
7/1/1908,,,0.326408156,,,,
8/1/1908,,,0.149677027,,,,
9/1/1908,,,0.706265314,,,,
10/1/1908,,,0.62019496,,,,
11/1/1908,,,0.926605419,,,,
12/1/1908,,,1.2869533,,,,
1/1/1909,,,10.45172456,,,,
2/1/1909,,,3.574129499,,,,
3/1/1909,,,2.519480765,,,,
4/1/1909,,,0.164595888,,,,
5/1/1909,,,0.172629121,,,,
6/1/1909,,,1.235311088,,,,
7/1/1909,,,0.064754278,,,,
8/1/1909,,,0.108363257,,,,
9/1/1909,,,0.202466845,,,,
10/1/1909,,,2.071914949,,,,
11/1/1909,,,3.536258543,,,,
12/1/1909,,,7.902894487,,,,
1/1/1910,,,5.511286431,,,,
2/1/1910,,,0.871520405,,,,
3/1/1910,,,1.137764722,,,,
4/1/1910,,,0.632818624,,,,
5/1/1910,,,0.153119843,,,,
6/1/1910,,,0.076230325,,,,
7/1/1910,,,0.46412073,,,,
8/1/1910,,,0.063606673,,,,
9/1/1910,,,1.136617094,,,,
10/1/1910,,,0.916276988,,,,
11/1/1910,,,0.761350363,,,,
12/1/1910,,,2.801791583,,,,
1/1/1911,,,8.709660602,,,,
2/1/1911,,,3.67052841,,,,
3/1/1911,,,4.361386334,,,,
4/1/1911,,,1.352366792,,,,
5/1/1911,,,0.734955432,,,,
6/1/1911,,,0.217385705,,,,
7/1/1911,,,0.541010246,,,,
8/1/1911,,,0.062459068,,,,
9/1/1911,,,0.334441386,,,,
10/1/1911,,,0.258699475,,,,
11/1/1911,,,0.661508753,,,,
12/1/1911,,,2.423082026,,,,
1/1/1912,,,1.446470356,,,,
2/1/1912,,,0.150824634,,,,
3/1/1912,,,2.986555942,,,,
4/1/1912,,,2.079948159,,,,
5/1/1912,,,1.498112591,,,,
6/1/1912,,,0.426249767,,,,
7/1/1912,,,0.228861756,,,,
8/1/1912,,,0.150824632,,,,
9/1/1912,,,0.715446152,,,,
10/1/1912,,,1.27892009,,,,
11/1/1912,,,0.930048245,,,,
12/1/1912,,,0.552486282,,,,
1/1/1913,,,2.637684051,,,,
2/1/1913,,,1.561230896,,,,
3/1/1913,,,1.189406911,,,,
4/1/1913,,,0.870372788,,,,
5/1/1913,,,2.166018513,,,,
6/1/1913,,,1.570411665,,,,
7/1/1913,,,1.850427239,,,,
8/1/1913,,,1.122845826,,,,
9/1/1913,,,0.336736595,,,,
10/1/1913,,,0.21853331,,,,
11/1/1913,,,2.957865766,,,,
12/1/1913,,,5.790154205,,,,
1/1/1914,,,10.92224272,,,,
2/1/1914,,,2.580303815,,,,
3/1/1914,,,0.333293796,,,,
4/1/1914,,,1.897479009,,,,
5/1/1914,,,0.770531178,,,,
6/1/1914,,,1.291543719,,,,
7/1/1914,,,0.534124618,,,,
8/1/1914,,,0.099182419,,,,
9/1/1914,,,0.322965339,,,,
10/1/1914,,,0.717741373,,,,
11/1/1914,,,0.184105168,,,,
12/1/1914,,,2.845400562,,,,
1/1/1915,,,3.337722927,,,,
2/1/1915,,,5.168152449,,,,
3/1/1915,,,1.544016757,,,,
4/1/1915,,,2.425377201,,,,
5/1/1915,,,2.744411289,,,,
6/1/1915,,,0.069344697,,,,
7/1/1915,,,0.239190195,,,,
8/1/1915,,,0.132462956,,,,
9/1/1915,,,0.308046478,,,,
10/1/1915,,,0.065901883,,,,
11/1/1915,,,0.465268335,,,,
12/1/1915,,,3.847259536,,,,
1/1/1916,,,9.764309336,,,,
2/1/1916,,,1.907807451,,,,
3/1/1916,,,2.115523928,,,,
4/1/1916,,,0.366574318,,,,
5/1/1916,,,0.27935636,,,,
6/1/1916,,,0.067049487,,,,
7/1/1916,,,0.092296792,,,,
8/1/1916,,,0.84856831,,,,
9/1/1916,,,0.888734475,,,,
10/1/1916,,,2.957865824,,,,
11/1/1916,,,0.569700364,,,,
12/1/1916,,,4.136455867,,,,
1/1/1917,,,1.544016757,,,,
2/1/1917,,,5.006340184,,,,
3/1/1917,,,0.878406021,,,,
4/1/1917,,,0.840535089,,,,
5/1/1917,,,1.628939506,,,,
6/1/1917,,,0.062459068,,,,
7/1/1917,,,0.316079714,,,,
8/1/1917,,,0.156562659,,,,
9/1/1917,,,0.269027917,,,,
10/1/1917,,,0.081968349,,,,
11/1/1917,,,0.756759921,,,,
12/1/1917,,,0.644294671,,,,
1/1/1918,,,0.523796187,,,,
2/1/1918,,,5.257665617,,,,
3/1/1918,,,4.553036436,,,,
4/1/1918,,,0.56166712,,,,
5/1/1918,,,1.111369779,,,,
6/1/1918,,,0.627080589,,,,
7/1/1918,,,0.274765941,,,,
8/1/1918,,,0.173776727,,,,
9/1/1918,,,1.620906295,,,,
10/1/1918,,,1.332857512,,,,
11/1/1918,,,1.650743995,,,,
12/1/1918,,,2.333568801,,,,
1/1/1919,,,0.609866518,,,,
2/1/1919,,,4.814690254,,,,
3/1/1919,,,2.869500203,,,,
4/1/1919,,,0.933491059,,,,
5/1/1919,,,1.172192829,,,,
6/1/1919,,,0.062459068,,,,
7/1/1919,,,0.073935116,,,,
8/1/1919,,,0.081968349,,,,
9/1/1919,,,1.10333658,,,,
10/1/1919,,,0.344769828,,,,
11/1/1919,,,0.490515639,,,,
12/1/1919,,,3.514454054,,,,
1/1/1920,,,0.852011124,,,,
2/1/1920,,,1.913545475,,,,
3/1/1920,,,3.99300522,,,,
4/1/1920,,,1.414337458,,,,
5/1/1920,,,0.249518637,,,,
6/1/1920,,,0.728069804,,,,
7/1/1920,,,0.064754278,,,,
8/1/1920,,,1.841246401,,,,
9/1/1920,,,0.151972237,,,,
10/1/1920,,,1.84354161,,,,
11/1/1920,,,1.48893173,,,,
12/1/1920,,,2.812120025,,,,
1/1/1921,,,4.523198599,,,,
2/1/1921,,,1.127436245,,,,
3/1/1921,,,1.204325784,,,,
4/1/1921,,,0.204762053,,,,
5/1/1921,,,2.986555999,,,,
6/1/1921,,,0.306898873,,,,
7/1/1921,,,0.079673139,,,,
8/1/1921,,,0.087706373,,,,
9/1/1921,,,0.602980901,,,,
10/1/1921,,,0.366574318,,,,
11/1/1921,,,0.322965339,,,,
12/1/1921,,,7.457624087,,,,
1/1/1922,,,4.57943123,,,,
2/1/1922,,,4.23629742,,,,
3/1/1922,,,3.084102285,,,,
4/1/1922,,,0.530681796,,,,
5/1/1922,,,1.496964986,,,,
6/1/1922,,,0.620194972,,,,
7/1/1922,,,0.913981768,,,,
8/1/1922,,,0.754464724,,,,
9/1/1922,,,0.062459068,,,,
10/1/1922,,,0.605276099,,,,
11/1/1922,,,2.04437247,,,,
12/1/1922,,,5.06601563,,,,
1/1/1923,,,4.71943912,,,,
2/1/1923,,,0.810697355,,,,
3/1/1923,,,0.453792276,,,,
4/1/1923,,,3.455926213,,,,
5/1/1923,,,0.850863508,,,,
6/1/1923,,,1.167602456,,,,
7/1/1923,,,0.102625233,,,,
8/1/1923,,,0.279356371,,,,
9/1/1923,,,1.452208379,,,,
10/1/1923,,,0.512320117,,,,
11/1/1923,,,1.719600278,,,,
12/1/1923,,,1.390237725,,,,
1/1/1924,,,1.491226963,,,,
2/1/1924,,,1.036775484,,,,
3/1/1924,,,2.90507595,,,,
4/1/1924,,,0.505434489,,,,
5/1/1924,,,0.213942894,,,,
6/1/1924,,,0.064754278,,,,
7/1/1924,,,0.062459068,,,,
8/1/1924,,,0.062459068,,,,
9/1/1924,,,0.099182419,,,,
10/1/1924,,,2.069619716,,,,
11/1/1924,,,1.689762601,,,,
12/1/1924,,,3.879392411,,,,
1/1/1925,,,0.959885968,,,,
2/1/1925,,,3.589048418,,,,
3/1/1925,,,2.385211071,,,,
4/1/1925,,,3.41690771,,,,
5/1/1925,,,1.725338302,,,,
6/1/1925,,,1.023004227,,,,
7/1/1925,,,0.689051266,,,,
8/1/1925,,,0.855453927,,,,
9/1/1925,,,0.306898873,,,,
10/1/1925,,,2.170608931,,,,
11/1/1925,,,0.733807827,,,,
12/1/1925,,,1.286953323,,,,
1/1/1926,,,2.241760481,,,,
2/1/1926,,,3.216076885,,,,
3/1/1926,,,0.602980912,,,,
4/1/1926,,,2.477019448,,,,
5/1/1926,,,0.405592878,,,,
6/1/1926,,,0.395264439,,,,
7/1/1926,,,0.250666242,,,,
8/1/1926,,,0.114101281,,,,
9/1/1926,,,0.062459068,,,,
10/1/1926,,,0.310341698,,,,
11/1/1926,,,6.168863876,,,,
12/1/1926,,,2.991146303,,,,
1/1/1927,,,2.068472112,,,,
2/1/1927,,,4.229411792,,,,
3/1/1927,,,1.350071583,,,,
4/1/1927,,,1.554345199,,,,
5/1/1927,,,0.429692577,,,,
6/1/1927,,,0.567405155,,,,
7/1/1927,,,0.221976124,,,,
8/1/1927,,,0.185252773,,,,
9/1/1927,,,0.238042593,,,,
10/1/1927,,,2.483905042,,,,
11/1/1927,,,2.03404397,,,,
12/1/1927,,,1.742552395,,,,
1/1/1928,,,0.778564411,,,,
2/1/1928,,,1.148093164,,,,
3/1/1928,,,3.531668124,,,,
4/1/1928,,,0.909391349,,,,
5/1/1928,,,0.53986263,,,,
6/1/1928,,,0.274765941,,,,
7/1/1928,,,0.073935116,,,,
8/1/1928,,,0.070492301,,,,
9/1/1928,,,0.064754278,,,,
10/1/1928,,,0.212795286,,,,
11/1/1928,,,1.297281743,,,,
12/1/1928,,,1.624349087,,,,
1/1/1929,,,1.44761796,,,,
2/1/1929,,,1.874526915,,,,
3/1/1929,,,2.324387963,,,,
4/1/1929,,,1.579592503,,,,
5/1/1929,,,0.181809961,,,,
6/1/1929,,,2.423081992,,,,
7/1/1929,,,0.171481518,,,,
8/1/1929,,,0.205909658,,,,
9/1/1929,,,0.306898876,,,,
10/1/1929,,,0.07508272,,,,
11/1/1929,,,0.067049487,,,,
12/1/1929,,,1.358104793,,,,
1/1/1930,,,4.182360056,,,,
2/1/1930,,,1.950268849,,,,
3/1/1930,,,2.052405669,,,,
4/1/1930,,,1.76894735,,,,
5/1/1930,,,2.403572689,,,,
6/1/1930,,,0.137053376,,,,
7/1/1930,,,0.127872537,,,,
8/1/1930,,,0.139348584,,,,
9/1/1930,,,1.091860499,,,,
10/1/1930,,,0.305751268,,,,
11/1/1930,,,1.864198495,,,,
12/1/1930,,,0.168038702,,,,
1/1/1931,,,2.085686205,,,,
2/1/1931,,,2.592927467,,,,
3/1/1931,,,1.003494947,,,,
4/1/1931,,,2.288812217,,,,
5/1/1931,,,1.601396992,,,,
6/1/1931,,,1.196292539,,,,
7/1/1931,,,0.083115954,,,,
8/1/1931,,,0.505434492,,,,
9/1/1931,,,0.596095273,,,,
10/1/1931,,,0.655770706,,,,
11/1/1931,,,2.922290135,,,,
12/1/1931,,,8.359641164,,,,
1/1/1932,,,2.879828646,,,,
2/1/1932,,,3.414612616,,,,
3/1/1932,,,0.514615326,,,,
4/1/1932,,,1.484341311,,,,
5/1/1932,,,1.325971895,,,,
6/1/1932,,,0.590357249,,,,
7/1/1932,,,0.298865643,,,,
8/1/1932,,,0.170333912,,,,
9/1/1932,,,0.321817746,,,,
10/1/1932,,,0.165743497,,,,
11/1/1932,,,0.298865655,,,,
12/1/1932,,,1.617463458,,,,
1/1/1933,,,6.922840175,,,,
2/1/1933,,,0.488220418,,,,
3/1/1933,,,1.513031452,,,,
4/1/1933,,,0.543305456,,,,
5/1/1933,,,1.927316789,,,,
6/1/1933,,,0.53182942,,,,
7/1/1933,,,0.145086608,,,,
8/1/1933,,,0.178367145,,,,
9/1/1933,,,0.072787511,,,,
10/1/1933,,,0.95070513,,,,
11/1/1933,,,0.318374923,,,,
12/1/1933,,,5.495219908,,,,
1/1/1934,,,1.164159607,,,,
2/1/1934,,,2.135033185,,,,
3/1/1934,,,0.404445274,,,,
4/1/1934,,,0.13820098,,,,
5/1/1934,,,0.80954975,,,,
6/1/1934,,,1.425813471,,,,
7/1/1934,,,0.341327027,,,,
8/1/1934,,,0.29312762,,,,
9/1/1934,,,0.384935994,,,,
10/1/1934,,,2.314059578,,,,
11/1/1934,,,2.319797567,,,,
12/1/1934,,,3.392808069,,,,
1/1/1935,,,5.475710743,,,,
2/1/1935,,,1.726485906,,,,
3/1/1935,,,2.107490729,,,,
4/1/1935,,,3.844964384,,,,
5/1/1935,,,0.347065038,,,,
6/1/1935,,,0.062459068,,,,
7/1/1935,,,0.266732711,,,,
8/1/1935,,,0.553633887,,,,
9/1/1935,,,0.092296791,,,,
10/1/1935,,,1.219244656,,,,
11/1/1935,,,1.290396114,,,,
12/1/1935,,,2.494233461,,,,
1/1/1936,,,2.79490592,,,,
2/1/1936,,,9.822837521,,,,
3/1/1936,,,1.145797943,,,,
4/1/1936,,,0.831354239,,,,
5/1/1936,,,0.352803061,,,,
6/1/1936,,,1.215801819,,,,
7/1/1936,,,0.944967095,,,,
8/1/1936,,,0.264437498,,,,
9/1/1936,,,0.158857865,,,,
10/1/1936,,,1.832065586,,,,
11/1/1936,,,0.091149186,,,,
12/1/1936,,,7.783543597,,,,
1/1/1937,,,4.39696208,,,,
2/1/1937,,,6.390351586,,,,
3/1/1937,,,3.035903002,,,,
4/1/1937,,,0.731512618,,,,
5/1/1937,,,0.1427914,,,,
6/1/1937,,,0.165743494,,,,
7/1/1937,,,0.623637786,,,,
8/1/1937,,,0.062459068,,,,
9/1/1937,,,0.073935116,,,,
10/1/1937,,,0.290832407,,,,
11/1/1937,,,0.967919201,,,,
12/1/1937,,,7.91092772,,,,
1/1/1938,,,2.566532639,,,,
2/1/1938,,,6.505111943,,,,
3/1/1938,,,6.824146284,,,,
4/1/1938,,,2.6112892,,,,
5/1/1938,,,1.03103746,,,,
6/1/1938,,,1.071203637,,,,
7/1/1938,,,0.895620092,,,,
8/1/1938,,,0.233452172,,,,
9/1/1938,,,0.488220429,,,,
10/1/1938,,,1.916988347,,,,
11/1/1938,,,0.675279987,,,,
12/1/1938,,,1.20891618,,,,
1/1/1939,,,2.783429907,,,,
2/1/1939,,,1.841246401,,,,
3/1/1939,,,3.240176527,,,,
4/1/1939,,,1.020709006,,,,
5/1/1939,,,1.348923989,,,,
6/1/1939,,,0.380345578,,,,
7/1/1939,,,0.287389593,,,,
8/1/1939,,,0.314932106,,,,
9/1/1939,,,1.584182922,,,,
10/1/1939,,,1.537131128,,,,
11/1/1939,,,0.27706115,,,,
12/1/1939,,,0.899062929,,,,
1/1/1940,,,7.84895718,,,,
2/1/1940,,,4.056123537,,,,
3/1/1940,,,2.271598146,,,,
4/1/1940,,,1.141207501,,,,
5/1/1940,,,0.298865651,,,,
6/1/1940,,,0.225418941,,,,
7/1/1940,,,0.163448283,,,,
8/1/1940,,,0.070492301,,,,
9/1/1940,,,0.104920443,,,,
10/1/1940,,,2.031748841,,,,
11/1/1940,,,0.347065038,,,,
12/1/1940,,,8.79917377,,,,
1/1/1941,,,2.497676275,,,,
2/1/1941,,,4.028581139,,,,
3/1/1941,,,3.04393612,,,,
4/1/1941,,,2.933766067,,,,55221.48
5/1/1941,,,0.522648571,,,,55233.87
6/1/1941,,,0.364279124,,,,55235.64
7/1/1941,,,0.411330902,,,,55263.96
8/1/1941,,,0.706265337,,,,55288.74
9/1/1941,,,0.070492301,,,,55240.95
10/1/1941,,,2.356520918,,,,55175.46
11/1/1941,,,0.948409932,,,,55180.77
12/1/1941,,,7.943060996,,,,55157.76
1/1/1942,,,2.495381123,,,,55203.78
2/1/1942,,,2.070767321,,,,55237.41
3/1/1942,,,1.345481187,,,,55248.03
4/1/1942,,,2.322092754,,,,55272.81
5/1/1942,,,1.960597291,,,,55306.44
6/1/1942,,,0.187547982,,,,55311.75
7/1/1942,,,0.119839305,,,,55324.14
8/1/1942,,,0.218533313,,,,55347.15
9/1/1942,,,0.129020142,,,,55308.21
10/1/1942,,,0.375755156,,,,55267.5
11/1/1942,,,2.832776852,,,,55223.25
12/1/1942,,,2.37947299,,,,55202.01
1/1/1943,,,8.451449771,,,,55205.55
2/1/1943,,,1.698943393,,,,55292.28
3/1/1943,,,5.465382071,,,,55327.68
4/1/1943,,,1.311052999,,,,55357.77
5/1/1943,,,0.225418938,,,,55377.24
6/1/1943,,,0.70970814,,,,55389.63
7/1/1943,,,0.480187186,,,,55402.02
8/1/1943,,,0.064754278,,,,55433.88
9/1/1943,,,0.248371044,,,,55403.79
10/1/1943,,,1.184816526,,,,55364.85
11/1/1943,,,1.908955079,,,,55285.2
12/1/1943,,,2.650307703,,,,55271.04
1/1/1944,,,3.202305571,,,,55272.81
2/1/1944,,,3.432974176,,,,55292.28
3/1/1944,,,1.329414686,,,,55322.37
4/1/1944,,,1.307610185,,,,55340.07
5/1/1944,,,0.701674895,,,,55343.61
6/1/1944,,,0.597242877,,,,55332.99
7/1/1944,,,0.081968349,,,,55304.67
8/1/1944,,,0.062459068,,,,55260.42
9/1/1944,,,0.130167747,,,,55180.77
10/1/1944,,,1.114812593,,,,55109.97
11/1/1944,,,4.23629742,,,,55079.88
12/1/1944,,,1.811408655,,,,55058.64
1/1/1945,,,0.379197981,,,,55060.41
2/1/1945,,,5.702936247,,,,55071.03
3/1/1945,,,4.07448527,,,,55122.36
4/1/1945,,,0.345917437,,,,55132.98
5/1/1945,,,1.511883825,,,,55138.29
6/1/1945,,,1.171045224,,,,55179
7/1/1945,,,0.483629999,,,,55230.33
8/1/1945,,,0.614456948,,,,55260.42
9/1/1945,,,0.223123729,,,,55251.57
10/1/1945,,,2.607846443,,,,55207.32
11/1/1945,,,1.736814349,,,,55205.55
12/1/1945,,,5.48603907,,,,55193.16
1/1/1946,,,0.659213532,,,,55246.26
2/1/1946,,,1.421223075,,,,55260.42
3/1/1946,,,4.112356111,,,,55281.66
4/1/1946,,,0.195581219,,,,55334.76
5/1/1946,,,1.317938628,,,,55368.39
6/1/1946,,,0.065901883,,,,55347.15
7/1/1946,,,1.207768575,,,,55315.29
8/1/1946,,,0.076230326,,,,55292.28
9/1/1946,,,0.465268324,,,,55244.49
10/1/1946,,,1.692057765,,,,55170.15
11/1/1946,,,5.793597019,,,,55141.83
12/1/1946,,,4.695339306,,,,55200.24
1/1/1947,,,0.58806204,,,,55244.49
2/1/1947,,,1.451060775,,,,55278.12
3/1/1947,,,1.303019766,,,,55324.14
4/1/1947,,,0.767088398,,,,55361.31
5/1/1947,,,1.095303313,,,,55356
6/1/1947,,,0.29886564,,,,55320.6
7/1/1947,,,0.062459068,,,,55271.04
8/1/1947,,,0.13590577,,,,55198.47
9/1/1947,,,0.258699475,,,,55111.74
10/1/1947,,,1.560083223,,,,55060.41
11/1/1947,,,0.710855733,,,,54998.46
12/1/1947,,,1.507293406,,,,54959.52
1/1/1948,,,0.448054276,,,,54945.36
2/1/1948,,,1.628939528,,,,54954.21
3/1/1948,,,2.428819992,,,,54945.36
4/1/1948,,,2.641126865,,,,54947.13
5/1/1948,,,2.005353956,,,,54936.51
6/1/1948,,,0.751021898,,,,54909.96
7/1/1948,,,0.064754278,,,,54885.18
8/1/1948,,,0.07737793,,,,54826.77
9/1/1948,,,0.107215652,,,,54727.65
10/1/1948,,,0.964476375,,,,54658.62
11/1/1948,,,0.223123732,,,,54617.91
12/1/1948,,,4.200721674,,,,54559.5
1/1/1949,,,4.121536948,,,,54573.66
2/1/1949,,,1.694352997,,,,54577.2
3/1/1949,,,2.78113464,,,,54577.2
4/1/1949,,,0.241485419,,,,54578.97
5/1/1949,,,2.222251224,,,,54568.35
6/1/1949,,,0.115248886,,,,54550.65
7/1/1949,,,0.103772838,,,,54490.47
8/1/1949,,,0.279356375,,,,54435.6
9/1/1949,,,0.079673139,,,,54361.26
10/1/1949,,,0.119839304,,,,54279.84
11/1/1949,,,1.869936576,,,,54230.28
12/1/1949,,,1.451060775,,,,54226.74
1/1/1950,,6.57638849,3.628066921,,,,54196.65
2/1/1950,,2.161983865,1.504998196,,,,54205.5
3/1/1950,,2.176079595,1.729928721,,,,54209.04
4/1/1950,,1.92101375,1.515326639,,,,54209.04
5/1/1950,,0.995215981,0.672984777,,,,54189.57
6/1/1950,,0.592276284,0.230009357,,,,54164.79
7/1/1950,,0.800331562,0.628228205,,,,54108.09
8/1/1950,,0.147921978,0.117544095,,,,54030.87
9/1/1950,,1.881978387,0.76135034,,,,53909.1
10/1/1950,,2.535256111,2.256679342,,,,53840.79
11/1/1950,,4.653050614,5.039620778,,,,53739.81
12/1/1950,,3.522141745,5.086672687,,,,53796.24
1/1/1951,,3.331109693,2.750149313,,,,53825.94
2/1/1951,,0.752354013,2.276188623,,,,53796.24
3/1/1951,,0.851998594,0.730365024,,,,53796.24
4/1/1951,,2.041847938,2.027158422,,,,53751.69
5/1/1951,,0.658020614,0.796926098,,,,53742.78
6/1/1951,,0.619688759,0.622490181,,,,53686.35
7/1/1951,,0.5651106,0.366574322,,,,53632.89
8/1/1951,,0.730082527,0.288537209,,,,53540.82
9/1/1951,,0.069904169,0.07737793,,,,53395.29
10/1/1951,,0.972555002,1.517621894,,,,53291.34
11/1/1951,,2.566851651,2.980817861,,,,53196.3
12/1/1951,,5.681506431,6.912511617,,,,53187.39
1/1/1952,,6.670658162,7.453033553,,,,53193.33
2/1/1952,,1.572701633,1.22842546,,,,53226
3/1/1952,,4.900155876,4.268430352,,,,53243.82
4/1/1952,,1.660046993,3.097873542,,,,53288.37
5/1/1952,,0.359802131,0.246075826,,,,53338.86
6/1/1952,,0.921883878,0.491663244,,,,53424.99
7/1/1952,,2.356914207,1.826327517,,,,53454.69
8/1/1952,,0.318332539,0.335588991,,,,53588.34
9/1/1952,,0.627144952,0.528386594,,,,53525.97
10/1/1952,,0.211372719,0.123282119,,,,53442.81
11/1/1952,,1.386141547,1.296134172,,,,53392.32
12/1/1952,,6.176648821,5.603094637,,,,53380.44
1/1/1953,,2.572873336,2.059291274,,,,53433.9
2/1/1953,,0.398871981,0.153119842,,,,53487.36
3/1/1953,,1.827553738,1.416632633,,,,53496.27
4/1/1953,,1.288991737,1.480898509,,,,53540.82
5/1/1953,,1.173557885,1.920431126,,,,53520.03
6/1/1953,,0.762891526,1.76550449,,,,53475.48
7/1/1953,,0.406257138,0.266732715,,,,53427.96
8/1/1953,,0.416001359,0.305751268,,,,53356.68
9/1/1953,,0.244466807,0.087706373,,,,53199.27
10/1/1953,,0.979579906,0.541010235,,,,53107.2
11/1/1953,,1.287237339,1.347776373,,,,53038.89
12/1/1953,,0.973688051,1.066613195,,,,52961.67
1/1/1954,,4.114273126,4.745834029,,,,52934.94
2/1/1954,,3.054592516,3.383627116,,,,52955.73
3/1/1954,,4.240721388,4.199574184,,,,52988.4
4/1/1954,,0.412231151,1.078089242,,,,52997.31
5/1/1954,,0.218624232,0.532977013,,,,52976.52
6/1/1954,,0.664645217,1.615168272,,,,52893.36
7/1/1954,,0.527719985,0.280503971,,,,52810.2
8/1/1954,,0.096254946,0.064754278,,,,52712.19
9/1/1954,,0.135694108,0.124429725,,,,52539.93
10/1/1954,,0.021473715,0.063606673,,,,52418.16
11/1/1954,,2.085269298,1.91469316,,,,52335
12/1/1954,,2.725834944,3.275752445,,,,52296.39
1/1/1955,,3.059404555,3.53855381,,,,52284.51
2/1/1955,,1.790694689,1.741404768,,,,52275.6
3/1/1955,,0.464949073,0.428544984,,,,52272.63
4/1/1955,,2.338999162,1.482046136,,,,52269.66
5/1/1955,,1.511433082,1.863050868,,,,52245.9
6/1/1955,,0.280431973,0.157710261,,,,52198.38
7/1/1955,,0.70515545,0.349360247,,,,52115.22
8/1/1955,,0.19913579,0.131315351,,,,52035.03
9/1/1955,,0.810698881,0.4595303,,,,51922.17
10/1/1955,,0.128206926,0.110658466,,,,51791.49
11/1/1955,,1.022542485,1.276624858,,,,51705.36
12/1/1955,,11.07731213,9.375271338,,,,51654.87
1/1/1956,,3.934798172,4.923712702,,,,51752.88
2/1/1956,,1.94198787,0.910538953,,,,51809.31
3/1/1956,,0.186445642,0.126724936,,,,51788.52
4/1/1956,,2.536807579,2.641126922,,,,51761.79
5/1/1956,,1.221599161,2.54817094,,,,51788.52
6/1/1956,,0.012666922,0.129020143,,,,51755.85
7/1/1956,,1.235875578,0.811844948,,,,51705.36
8/1/1956,,0.192337496,0.081968349,,,,51678.63
9/1/1956,,0.304116351,0.384935994,,,,51598.44
10/1/1956,,1.58893363,1.972073316,,,,51488.55
11/1/1956,,0.127141416,0.122134515,,,,51435.09
12/1/1956,,0.602047996,0.647737473,,,,51438.06
1/1/1957,,3.295078736,3.167877487,,,,51452.91
2/1/1957,,2.671227232,1.966335315,,,,51527.16
3/1/1957,,1.862225036,1.615168249,,,,51598.44
4/1/1957,,1.442720894,1.430403913,,,,51625.17
5/1/1957,,4.261569489,3.189681919,,,,51625.17
6/1/1957,,0.218808731,0.387231203,,,,51619.23
7/1/1957,,0.236979625,0.193286006,,,,51562.8
8/1/1957,,0.259413994,0.14049619,,,,51441.03
9/1/1957,,0.800611091,0.615604541,,,,51295.5
10/1/1957,,1.084953458,1.303019766,,,,51188.58
11/1/1957,,1.71706494,1.197440144,,,,51129.18
12/1/1957,,2.45050405,3.904639772,,,,51111.36
1/1/1958,1.551618548,2.24542219,2.899337983,,,,51152.94
2/1/1958,2.445319335,6.010168972,4.05612348,,,,51161.85
3/1/1958,2.118328959,6.295392351,4.825018639,,,,51230.16
4/1/1958,1.277777778,4.631559234,3.070331143,,,,51310.35
5/1/1958,0.669510061,0.406936967,1.2112114,,,,51375.69
6/1/1958,0.862423447,0.539205733,1.152683548,,,,51435.09
7/1/1958,0.584864392,0.825032029,0.644294659,,,,51467.76
8/1/1958,0.608705162,1.528202206,0.706265314,,,,51497.46
9/1/1958,0.832895888,0.291835563,0.812992564,,,,51441.03
10/1/1958,0.041557305,0.093988848,0.171481518,,,,51316.29
11/1/1958,0.50743657,0.972322831,0.925457826,,,,51247.98
12/1/1958,0.511811024,0.739600138,1.075794032,,,,51206.4
1/1/1959,1.34208224,2.716317333,2.384063409,,,,51200.46
2/1/1959,2.803587052,7.241318029,4.956993239,,,,51212.34
3/1/1959,0.135170604,0.571002455,0.36657433,,,,51265.8
4/1/1959,0.283902012,0.284817969,0.643147055,,,,51298.47
5/1/1959,0.396544182,1.446396072,0.8244686,,,,51301.44
6/1/1959,0.018591426,0.188545359,0.093444396,,,,51242.04
7/1/1959,0.082020997,0.667991445,0.168038703,,,,51164.82
8/1/1959,0.221566054,0.413055431,0.225418939,,,,51054.93
9/1/1959,1.646325459,1.381974851,1.301872162,,,,50894.55
10/1/1959,0.003937008,0.247856895,0.071639906,,,,50790.6
11/1/1959,0,0.001263333,0.067049487,,,,50719.32
12/1/1959,0.468066492,1.315189004,0.972509608,,,,50668.83
1/1/1960,1.132764654,2.142767956,2.063881739,,,,50648.04
2/1/1960,1.925415573,3.777607576,3.196567662,,,,50618.34
3/1/1960,0.703193351,1.23338287,1.561230827,,,,50642.1
4/1/1960,0.500218723,0.770786318,1.137764699,,,,50653.98
5/1/1960,0.11351706,0.244910968,0.264437502,,,,50606.46
6/1/1960,0.016185477,0.246440505,0.088853977,,,,50550.03
7/1/1960,0.36920385,1.602983437,0.535272211,,,,50457.96
8/1/1960,0,0.225195916,0.063606673,,,,50374.8
9/1/1960,0.144575678,0.492275577,0.194433611,,,,50232.24
10/1/1960,0.23928259,0.738467089,0.646589869,,,,50140.17
11/1/1960,2.852143482,3.713789586,4.672387212,,,,50054.04
12/1/1960,0.883639545,1.191460059,1.743699977,,,,50042.16
1/1/1961,0.707130359,0.512763739,1.405156586,,,,50039.19
2/1/1961,0.565179353,1.179316097,0.979395236,,,,50039.19
3/1/1961,0.828302712,2.230012725,1.953711697,,,,50033.25
4/1/1961,0.264435696,1.04863916,0.646589869,,,,50012.46
5/1/1961,0.886264217,1.828460178,1.556640408,,,,49953.06
6/1/1961,0.290026247,0.935919065,0.420511751,,,,49914.45
7/1/1961,0.799650044,1.055267575,0.948409909,,,,49863.96
8/1/1961,1.499781277,2.890580262,1.28924851,,,,49739.22
9/1/1961,0.371828521,0.621004557,0.384936008,,,,49653.09
10/1/1961,0.124890639,1.067731114,0.316079711,,,,49534.29
11/1/1961,1.244094488,2.340095661,1.919283499,,,,49430.34
12/1/1961,1.135389326,2.010201229,2.190118235,,,,49385.79
1/1/1962,0.932852143,2.281679757,1.910102684,,,,49356.09
2/1/1962,5.323272091,8.632526698,9.42232336,,,,49373.91
3/1/1962,0.975503062,2.700001428,2.421934445,,,,49409.55
4/1/1962,0.083114611,0.358722001,0.233452174,,,,49504.59
5/1/1962,0.82895888,1.857239621,1.846984447,,,,49465.98
6/1/1962,0.274934383,1.217938603,0.480187185,,,,49433.31
7/1/1962,0.887576553,1.266694509,1.121698221,,,,49376.88
8/1/1962,0.414260717,0.111664411,0.420511751,,,,49290.75
9/1/1962,0.316929134,0.461135006,0.375755167,,,,49163.04
10/1/1962,0.576115485,1.440277608,1.296134138,,,,49068
11/1/1962,0.192475941,0.493591376,0.345917433,,,,48984.84
12/1/1962,0.496937883,0.332382346,0.901358116,,,,48943.26
1/1/1963,2.311023622,4.979695912,4.818133011,,,,48910.59
2/1/1963,2.551181102,2.812660981,4.64025428,,,,48958.11
3/1/1963,1.025590551,3.638165958,2.319797602,,,,49053.15
4/1/1963,1.25984252,4.182871851,2.843105295,,,,49038.3
5/1/1963,0.975065617,1.881940088,1.806818259,,,,49008.6
6/1/1963,1.031933508,2.032856647,1.565821269,,,,48990.78
7/1/1963,0,0.057731281,0.062459068,,,,48967.02
8/1/1963,0.322834646,0.324677614,0.411330902,,,,48889.8
9/1/1963,0.749781277,0.864646631,0.862339555,,,,48768.03
10/1/1963,0.52055993,0.922927458,1.083827265,,,,48699.72
11/1/1963,2.377077865,3.635499559,3.48920675,,,,48607.65
12/1/1963,0.183727034,0.325810662,0.38608361,,,,48566.07
1/1/1964,0.881889764,2.357367427,1.687467403,,,,48554.19
2/1/1964,0.033902012,0.291223272,0.131315354,,,,48530.43
3/1/1964,0.649387576,1.451154878,1.503850591,,,,48548.25
4/1/1964,0.32480315,1.048200561,0.840535077,,,,48560.13
5/1/1964,1.227471566,1.624964586,2.412753584,,,,48494.79
6/1/1964,0.743875765,0.497758072,0.911686558,,,,48491.82
7/1/1964,0.225940507,0.297711049,0.356245876,,,,48373.83
8/1/1964,0.773184602,1.064331967,0.687903642,,,,48243.98
9/1/1964,0.148731409,0.088763951,0.184105172,,,,48103
10/1/1964,0.67847769,0.964623659,1.457946426,,,,47932.34
11/1/1964,1.701224847,2.915757627,2.356520895,,,,47835.88
12/1/1964,4.351706035,6.389662023,7.827152576,,,,47735.71
1/1/1965,1.55183727,4.99261267,3.101316356,,,,47765.39
2/1/1965,0.37007874,0.385977153,0.619047356,,,,47754.26
3/1/1965,0.594925634,0.535877937,1.433846727,,,,47746.84
4/1/1965,1.334864392,2.013996864,3.57986758,,,,47795.07
5/1/1965,0.22287839,1.114186121,0.513467745,,,,47735.71
6/1/1965,0.498687664,2.32057798,0.806106924,,,,47668.76
7/1/1965,0.760936133,1.638107954,0.903653325,,,,47594.36
8/1/1965,2.057961505,2.27873383,1.828622726,,,,47546
9/1/1965,0.230096238,0.636574843,0.312636896,,,,47449.28
10/1/1965,0.108267717,0.033484034,0.254109056,,,,47382.32
11/1/1965,4.390201224,6.178280698,7.052519622,,,,47341.45
12/1/1965,2.748468941,3.958138981,5.496367398,,,,47337.74
1/1/1966,0.402449694,0.982072613,0.784302446,,,,47374.88
2/1/1966,0.577427822,1.241334079,0.930048245,,,,47438.12
3/1/1966,0.116579178,0.376118036,0.326408153,,,,47482.76
4/1/1966,0.232939633,0.578021797,0.562814736,,,,47497.64
5/1/1966,0.405949256,0.487610052,0.855453927,,,,47419.52
6/1/1966,0.166010499,0.526486345,0.263289894,,,,47334.03
7/1/1966,0.361767279,0.539503694,0.291980012,,,,47215.31
8/1/1966,0.149387577,0.632640318,0.200171635,,,,47085.46
9/1/1966,0.565398075,0.548854924,0.675279998,,,,46907.38
10/1/1966,0,0.044361304,0.063606673,,,,46770.11
11/1/1966,1.648512686,3.148215411,2.381768199,,,,46688.49
12/1/1966,4.059055118,5.203586384,7.986669631,,,,46599.45
1/1/1967,2.403543307,6.231035171,4.726324748,,,,46658.81
2/1/1967,0.248031496,0.49670893,0.492810848,,,,46721.88
3/1/1967,1.721566054,6.049973949,3.983824382,,,,46721.88
4/1/1967,2.287401575,3.137689021,5.25537058,,,,46758.98
5/1/1967,0.491688539,0.592756995,0.899062929,,,,46781.24
6/1/1967,1.003499563,0.470564897,1.242196716,,,,46807.21
7/1/1967,0.452755906,0.345525714,0.659213521,,,,46866.57
8/1/1967,0.506342957,0.903665626,0.458382695,,,,47244.99
9/1/1967,0.748468941,1.655003097,0.862339567,,,,47256.12
10/1/1967,0.048993876,0.171942615,0.151972236,,,,47256.12
11/1/1967,0.934820647,1.965970209,1.487784148,,,,47196.76
12/1/1967,1.208223972,2.566075043,2.160280546,,,,47233.86
1/1/1968,1.029308836,2.086115508,1.996173015,,,,47233.86
2/1/1968,1.43503937,1.537723315,2.603255967,,,,47308.06
3/1/1968,0.702537183,1.372068061,1.73451922,,,,47363.72
4/1/1968,0.225503062,0.317055039,0.612161739,,,,47337.74
5/1/1968,0.62335958,0.779710071,1.244491937,,,,47278.38
6/1/1968,0.336832896,0.783286407,0.496253662,,,,47196.76
7/1/1968,0.290244969,0.864915352,0.444611439,,,,47096.59
8/1/1968,0.788713911,0.336461323,0.691346453,,,,46977.87
9/1/1968,0.024934383,0.148194196,0.093444396,,,,46796.08
10/1/1968,0.674103237,0.472427196,1.385647352,,,,46677.36
11/1/1968,1.375546807,1.628687122,1.907807451,,,,46592.03
12/1/1968,2.568460193,4.245706804,4.530084342,,,,46528.96
1/1/1969,6.26881015,11.82036563,12.48987054,,,,46502.99
2/1/1969,4.078302713,7.835912877,7.291221288,,,,46673.65
3/1/1969,0.747156606,1.348953863,1.811408655,,,,46810.92
4/1/1969,0.632327209,1.300614626,1.392532991,,,,46896.25
5/1/1969,0.21631671,0.249669773,0.50084407,,,,47096.59
6/1/1969,1.254155731,1.667941785,1.787309002,,,,47319.19
7/1/1969,0.627734033,0.571002455,0.628228193,,,,47572.04
8/1/1969,0.060586177,0.206160694,0.114101282,,,,47732
9/1/1969,0.16032371,0.169904876,0.224271333,,,,47653.88
10/1/1969,0.668197725,0.804863758,1.356957199,,,,47546
11/1/1969,0.689851269,0.669469812,1.098746138,,,,47456.72
12/1/1969,1.864391951,2.752801509,3.577572313,,,,47430.68
1/1/1970,3.210629921,4.548004263,6.088531546,,,,47423.24
2/1/1970,0.791338583,1.432709702,1.397123353,,,,47553.44
3/1/1970,0.714129484,1.542478623,1.627791901,,,,47624.12
4/1/1970,0.41776028,0.901708297,1.112517383,,,,47642.72
5/1/1970,0.011811024,0.097387995,0.087706373,,,,47583.2
6/1/1970,1.566272966,1.270789854,2.012239561,,,,47519.96
7/1/1970,0.193132109,0.921567799,0.358541085,,,,47426.96
8/1/1970,0.258748906,0.082658358,0.306898876,,,,47345.16
9/1/1970,0.014873141,0.042930294,0.07967314,,,,47170.79
10/1/1970,0.094488189,0.460416878,0.217385705,,,,46996.42
11/1/1970,2.680446194,4.168178764,4.170883951,,,,46885.12
12/1/1970,2.392388452,4.929841758,4.245478372,,,,46877.7
1/1/1971,0.738845144,1.849761498,1.558935641,,,,46888.83
2/1/1971,0.349300087,0.786535541,0.666099149,,,,46896.25
3/1/1971,0.709317585,2.587829583,1.704681417,,,,46885.12
4/1/1971,0.304024497,1.165964551,0.814140157,,,,46885.12
5/1/1971,1.752843394,2.728780872,3.208043652,,,,46844.31
6/1/1971,0.209536308,0.285695169,0.333293781,,,,46818.34
7/1/1971,0.282589676,0.718752038,0.423954554,,,,46707.04
8/1/1971,0.738626422,0.543129451,0.734955432,,,,46614.29
9/1/1971,0.360892388,0.302142653,0.365426713,,,,46480.73
10/1/1971,0.515748031,0.730309137,1.389090154,,,,46298.94
11/1/1971,1.528871391,1.866408101,2.378325385,,,,46224.74
12/1/1971,3.636920385,6.336861942,7.129409138,,,,46169.09
1/1/1972,0.332895888,0.82412559,0.628228193,,,,46198.77
2/1/1972,0.433070866,0.419265113,0.724626989,,,,46221.03
3/1/1972,0.016185477,0.130019804,0.102625234,,,,46198.77
4/1/1972,0.481189851,1.149955666,1.093008103,,,,46198.77
5/1/1972,0.210848644,0.551514013,0.467563533,,,,46157.96
6/1/1972,0.958223972,1.143376672,1.297281743,,,,46083.76
7/1/1972,0.187664042,0.280488705,0.248371036,,,,45998.43
8/1/1972,0.504811898,0.665045518,0.437725822,,,,45849.96
9/1/1972,0.765310586,1.008068698,0.788892865,,,,45708.6
10/1/1972,0.660979878,2.3104592,1.692057765,,,,45615.6
11/1/1972,1.742125984,2.871897668,2.513742741,,,,45537.48
12/1/1972,1.272090989,2.285305513,2.293402659,,,,45496.58
1/1/1973,1.963254593,4.329325816,4.027433362,,,,45481.74
2/1/1973,2.828740157,4.889137653,4.837642406,,,,45526.32
3/1/1973,1.39063867,2.293690076,3.462811899,,,,45589.56
4/1/1973,0.1611986,0.397538065,0.465268335,,,,45619.32
5/1/1973,0.276027996,0.543356061,0.538715037,,,,45585.84
6/1/1973,0.369641295,0.624074754,0.534124618,,,,45541.2
7/1/1973,0.028433946,0.71671255,0.107215653,,,,45452.06
8/1/1973,0.5444007,1.624737977,0.511172512,,,,45366.73
9/1/1973,0.026902887,0.011131823,0.083115954,,,,45203.49
10/1/1973,0.689413823,1.116678828,1.362695234,,,,45051.38
11/1/1973,2.422353456,3.905457608,3.758893858,,,,44943.79
12/1/1973,2.060148731,3.143930006,3.660199967,,,,44914.11
1/1/1974,1.753937008,4.031560552,3.468549922,,,,44947.5
2/1/1974,0.2779965,0.472352033,0.481334801,,,,45010.57
3/1/1974,1.310586177,5.87661746,2.998031989,,,,45014.28
4/1/1974,0.679352581,1.388773145,1.568116456,,,,45003.15
5/1/1974,0.080271216,0.363881107,0.19672882,,,,44951.21
6/1/1974,0.008967629,0.140518703,0.072787511,,,,44873.3
7/1/1974,1.924103237,0.793986488,2.109785881,,,,44737.91
8/1/1974,0.192257218,0.655981126,0.270175522,,,,44521.1
9/1/1974,0.003937008,0.046000491,0.064754278,,,,44280.2
10/1/1974,1.057961505,1.466564343,2.489643042,,,,43983.09
11/1/1974,1.561461067,1.064867345,2.757035056,,,,43838.4
12/1/1974,1.32567804,3.125801223,2.572270582,,,,43741.92
1/1/1975,0.736439195,1.023995424,1.410894632,,,,43613.28
2/1/1975,2.215223097,6.348300018,3.648723805,,,,43597.2
3/1/1975,2.020778653,5.637090912,5.133724308,,,,43693.68
4/1/1975,0.856517935,2.455008755,2.032896446,,,,43725.84
5/1/1975,0.261592301,0.806450026,0.565109945,,,,43725.84
6/1/1975,0.234689414,0.587013089,0.372312342,,,,43629.36
7/1/1975,0.073928259,0.388128355,0.143939005,,,,43388.16
8/1/1975,1.979002625,0.853358253,1.620906273,,,,43082.73
9/1/1975,0.469816273,1.166183851,0.598390482,,,,42777.59
10/1/1975,1.059930009,2.060055383,2.04552004,,,,42665.17
11/1/1975,0.475065617,0.493372076,0.792335691,,,,42600.93
12/1/1975,0.280621172,0.314933393,0.613309332,,,,42456.39
1/1/1976,0.242125984,0.214998475,0.614456948,,,,42408.21
2/1/1976,2.271872266,2.629894781,4.097437249,,,,42400.18
3/1/1976,0.583552056,1.164493494,1.462536822,,,,42448.36
4/1/1976,0.482502187,1.255000269,1.276624858,,,,42448.36
5/1/1976,0.299212598,1.226357966,0.669541963,,,,42343.96
6/1/1976,0.479877515,0.501047569,0.710855733,,,,42271.6
7/1/1976,1.018591426,2.033768647,1.300724557,,,,41917.84
8/1/1976,2.494969379,1.031700157,2.09830988,,,,41740.96
9/1/1976,1.646106737,1.657196095,1.638120389,,,,41475.73
10/1/1976,0.427165354,0.40376443,0.96332877,,,,41339.22
11/1/1976,0.370953631,0.378897582,0.552486282,,,,41170.59
12/1/1976,0.191819773,0.311081026,0.342474619,,,,40849.39
1/1/1977,0.854549431,1.806705638,1.857312867,,,,40712.88
2/1/1977,0.483814523,1.114841957,0.912834174,,,,40632.58
3/1/1977,0.358923885,1.221599161,0.884144045,,,,40736.97
4/1/1977,0.047025372,0.30587075,0.187547984,,,,40696.82
5/1/1977,1.516841645,2.358273866,2.892452298,,,,40608.49
6/1/1977,1.584864392,1.481756258,2.31864994,,,,40471.98
7/1/1977,0.09536308,0.253975359,0.203614453,,,,40463.95
8/1/1977,0.347331584,0.585278872,0.394116835,,,,40198.96
9/1/1977,0.120734908,0.396222266,0.160005469,,,,39925.92
10/1/1977,0.066054243,0.433676922,0.207057263,,,,39612.36
11/1/1977,0.991032371,1.729565028,1.477455695,,,,39403.32
12/1/1977,3.27384077,5.750395807,6.048365381,,,,39322.92
1/1/1978,3.101706037,5.583157782,6.215915612,,,,39411.36
2/1/1978,3.508530184,5.422123878,6.200996808,,,,39652.56
3/1/1978,2.263779528,3.697311113,5.665065521,,,,39797.28
4/1/1978,1.34864392,2.939442005,3.113940065,,,,40006.24
5/1/1978,0.036307961,0.163558053,0.142791398,,,,39998.21
6/1/1978,0.075896763,0.333283224,0.161153074,,,,39861.6
7/1/1978,0.153543307,0.141123684,0.231156964,,,,39749.04
8/1/1978,0.238188976,0.330796078,0.254109059,,,,39636.48
9/1/1978,2.601924759,2.402157504,2.353078139,,,,39419.4
10/1/1978,0.28368329,0.489422931,0.819878181,,,,39129.97
11/1/1978,1.330052493,1.665090888,2.007649062,,,,39057.7
12/1/1978,1.215660543,1.871969257,2.443738877,,,,39049.67
1/1/1979,2.569335083,3.482711642,4.774524146,,,3.490355906,38897.1
2/1/1979,2.223534558,2.937310985,3.636100268,,,2.335861417,39025.58
3/1/1979,1.360892389,2.486761616,3.352641903,,,2.12215748,39073.76
4/1/1979,0.223315836,0.482187786,0.598390471,,,0.278333858,39186.24
5/1/1979,0.346894138,0.419173896,0.666099149,,,0.31004589,39113.91
6/1/1979,0.057305337,0.039202197,0.156562659,,,0.00168378,38993.46
7/1/1979,1.071959755,0.582106335,1.337447931,,,0.206679685,38704.38
8/1/1979,0.350612423,0.894827844,0.426249763,,,0.08417452,38479.54
9/1/1979,0.062773403,0.078456861,0.147381817,,,0.061457953,38142.04
10/1/1979,0.51399825,0.851998594,1.049399135,,,0.848072126,37884.76
11/1/1979,0.922353456,1.255877468,1.309905395,,,1.123029921,37675.72
12/1/1979,1.349300087,3.683034696,2.42996762,,,2.446412598,37522.97
1/1/1980,3.995188102,4.761244075,7.827152576,4.150992756,0.984451677,6.187209449,37539.04
2/1/1980,3.17104112,5.915100762,5.483743803,3.957171024,1.680121128,6.574733858,37844.56
3/1/1980,1.059711286,1.990712787,2.614732014,2.245005354,1.732540811,1.651064882,38150.08
4/1/1980,0.472440945,1.763337197,1.367285665,1.411823622,1.338529222,0.81816378,38230.48
5/1/1980,0.885826772,1.668020446,1.68517216,2.95783937,2.349165673,1.273294488,38487.57
6/1/1980,0.044181977,0.297537358,0.111806071,0.318387402,0.181394817,0.023799969,38583.93
7/1/1980,0.457349081,0.655754516,0.544453049,0.618984567,0.615311811,0.155141575,38471.51
8/1/1980,0.055774278,0.4794521,0.106068048,0.100492724,0.637286642,0,38527.72
9/1/1980,0.515748031,0.547758425,0.669541963,0.383187402,1.640626589,0.42528189,38415.3
10/1/1980,0.148512686,0.413508651,0.378050377,0.536734488,0.445719386,0.21870085,38230.48
11/1/1980,0.755468067,0.727584258,1.393680562,0.49952126,0.107615868,0.814847244,38077.72
12/1/1980,0.977909011,1.743708116,1.965187745,1.606512756,0.24462778,1.866444094,37989.28
1/1/1981,2.227690289,3.619357345,4.353353101,2.137447559,0.59369202,3.108103937,38005.36
2/1/1981,0.847987752,1.194871762,1.510736243,0.818622992,0.327583474,1.262698583,38158.12
3/1/1981,1.580052493,3.532112576,3.846111874,3.616894488,2.961502197,3.348,38254.6
4/1/1981,0.554899387,0.628022151,1.580740107,1.031187402,0.878436465,0.692390551,38278.72
5/1/1981,0.583333333,1.612047828,1.249082368,1.502645669,0.818149073,0.902905512,38270.68
6/1/1981,0,0.279774074,0.062459068,0.18623622,0.478540354,0.090822047,38142.04
7/1/1981,0.124453193,0.143389782,0.171481519,0.112830236,0.135775118,0,37908.88
8/1/1981,0.175415573,0.122768291,0.204762057,0.35799874,0.168308969,0.020180268,37571.2
9/1/1981,0.094050744,0.350388609,0.139348584,0.646469291,0.338909384,0.139753701,37225.86
10/1/1981,0.828302712,2.072745531,1.700091021,1.449394016,0.604941049,1.76415874,36976.93
11/1/1981,2.061461067,4.624760941,3.113940065,2.738948031,1.319990835,3.939023622,36800.27
12/1/1981,1.402887139,2.19171567,2.454067296,1.643999811,0.365177376,2.001154961,36808.3
1/1/1982,2.42519685,5.211064507,4.743538704,2.616185197,0.843679201,3.471902362,36744.06
2/1/1982,1.419072616,1.754057003,2.339306848,1.279604409,0.249266043,2.195376378,36776.18
3/1/1982,2.080927384,3.953606785,4.906498574,3.664346457,1.282471793,3.922696063,36984.96
4/1/1982,1.249562555,4.872131111,3.190829581,2.677209449,0.467368189,4.556409449,36976.93
5/1/1982,0.170384952,0.914769506,0.367721946,1.233751181,0.616520396,0.158964094,37153.59
6/1/1982,1.449693788,2.105444879,2.054700855,2.714456693,2.591547002,2.497606299,37009.05
7/1/1982,0.813210849,1.343062008,1.01611861,0.588931654,0.517769413,0.259667717,37025.11
8/1/1982,0.912510936,0.979579906,0.835944647,1.266440315,0.721837868,0.689371654,37266.01
9/1/1982,2.216754156,2.013338965,2.076505345,1.745007874,0.818085844,1.306204724,37338.28
10/1/1982,1.360017498,2.695922452,2.994589117,1.790520945,0.914905152,2.50968189,37362.37
11/1/1982,3.195975503,4.22673181,5.053392092,3.124686614,0.742638988,4.079338583,37699.84
12/1/1982,2.485783027,3.762801342,4.744686366,2.318292283,0.505399463,4.871735433,38021.44
1/1/1983,3.221347331,4.80951196,6.383465958,2.23024252,0.714445305,4.600204724,38399.24
2/1/1983,2.571303587,5.329199244,4.330401007,2.952090709,1.270728693,4.728869291,38816.8
3/1/1983,2.835958005,4.441724272,6.831031797,3.284203465,1.423161116,5.01936378,39403.32
4/1/1983,1.241469816,2.565974452,3.149515754,3.209385827,1.358350707,1.522034646,39885.72
5/1/1983,0.514873141,0.319465588,0.877258428,0.537261732,0.180846909,0.287822551,40158.81
6/1/1983,0.308836395,0.741400146,0.505434489,2.229732283,0.680546069,0.046275874,40383.65
7/1/1983,0,0.05886433,0.062459068,0.023372731,0.169512626,0,41098.32
8/1/1983,2.374890639,4.062832703,2.109785904,4.054507087,2.370073541,0.734451024,41419.52
9/1/1983,1.431977253,1.613994035,1.391385329,1.428151181,1.523324453,1.262834646,41861.56
10/1/1983,0.412292213,0.871033816,1.00464254,1.206861732,0.320823057,0.893942362,42022.36
11/1/1983,4.155511811,5.903936653,6.475274335,3.649209449,1.031428738,5.135527559,42231.4
12/1/1983,3.535651794,5.478690669,6.648562762,2.952566929,0.717958268,5.311984252,42520.63
1/1/1984,0.196850394,0.411469163,0.497401256,0.369070866,0.191764307,0.309228661,43082.73
2/1/1984,1.151137358,1.798682763,1.952564058,1.266610394,0.409419931,1.586962205,43404.24
3/1/1984,0.595581802,1.518004766,1.504998219,1.246932283,0.19073723,1.063187717,43725.84
4/1/1984,0.377077865,1.030217977,1.009232959,1.084762205,0.26028086,0.806938583,43862.52
5/1/1984,0.127077865,0.26394619,0.283946779,0.293147717,0.027493341,0.078978529,43846.44
6/1/1984,0.753937008,1.013551193,0.971362015,0.520951181,0.67653725,0.137891339,43717.8
7/1/1984,1.310367454,1.960800295,1.538278733,1.188935433,1.46902636,0.955102677,43500.72
8/1/1984,0.354111986,1.220012892,0.4801872,0.478210394,1.42096788,0.246486614,43380.12
9/1/1984,0.169510061,0.412450451,0.238042594,1.359269291,0.4359249,0.383697638,43372.08
10/1/1984,0.742125984,1.75073302,1.665662856,1.187880945,0.409711768,0.709670551,43275.6
11/1/1984,2.499343832,4.2370389,3.882835167,3.204283465,1.566912421,5.127874016,43042.58
12/1/1984,0.977909011,1.81554342,1.969778106,1.179445039,0.656362848,1.711170709,42986.37
1/1/1985,0.650262467,0.690652424,1.343185931,0.96063874,0.455020232,0.417577323,43066.67
2/1/1985,0.667541557,1.794583606,1.165307212,0.839576693,0.234969238,1.033160315,43155
3/1/1985,1.378171479,3.651989155,3.460516689,2.55344315,1.021335348,2.388415748,43235.4
4/1/1985,0.146544182,0.281747772,0.423954554,0.371962205,0.194117998,0.18651685,43283.64
5/1/1985,0.222222222,0.332608956,0.513467722,0.098383748,0.083246122,0.042021354,43291.68
6/1/1985,0.548775153,0.861576434,0.833649452,0.787804724,1.201575057,0.619937008,43082.73
7/1/1985,1.202974628,2.05167082,1.329414675,1.486828346,1.383866409,1.075577953,42785.62
8/1/1985,0.163604549,0.169903127,0.143939004,0.003199317,0.25996586,0,42544.72
9/1/1985,1.123140857,2.572334146,1.125141047,1.296,2.266026976,1.296765354,42263.56
10/1/1985,0.711067367,1.133901172,1.519917058,0.599476535,0.305113502,1.20528,42118.84
11/1/1985,2.198818898,4.911605074,3.446745433,2.426683465,0.63637503,2.571590551,42006.28
12/1/1985,1.223097113,2.125772222,2.351930477,1.160464252,0.376069236,2.026462677,41966.08
1/1/1986,1.154855643,1.780192292,2.371439814,1.431467717,0.380735276,2.058888189,42054.52
2/1/1986,5.267497811,12.11351623,9.312153193,5.551968756,1.23129153,9.446428346,42078.64
3/1/1986,1.450349956,4.412944828,3.454778608,2.59087748,0.755122419,3.722343307,42552.75
4/1/1986,0.410542432,0.64008364,1.193997318,1.310286614,1.153780368,0.630907087,42986.37
5/1/1986,0.259623797,0.262813141,0.491663244,0.438139843,0.182622823,0.212505732,43243.44
6/1/1986,0.060148731,0.325827031,0.157710261,0.074188346,0.133161429,0.057503622,43573.08
7/1/1986,0.882545932,0.805543587,1.003494935,0.485591811,0.791515856,0.430231181,43830.36
8/1/1986,0.10936133,0.372492279,0.165743493,0.213006614,0.591994437,0.054184876,43934.88
9/1/1986,1.011154856,1.043814565,0.953000328,0.716371654,0.283697283,0.438548031,43717.8
10/1/1986,0.038495188,0.298844097,0.166891101,0.371179843,0.119812876,0,43331.88
11/1/1986,0.071741032,0.053018085,0.216238112,0.337266142,0.029797297,0.134651339,43235.4
12/1/1986,0.59536308,0.717845599,1.117107802,0.574168819,0.371189343,0.448684724,43146.97
1/1/1987,1.569116361,2.897605165,3.117382822,1.499482205,0.676457754,2.28560315,43235.4
2/1/1987,1.554024497,2.833743001,2.68129303,1.670105197,1.022257632,1.90488189,43315.8
3/1/1987,1.163167104,1.820528835,2.74211608,1.536389291,0.793123817,1.270131024,43396.2
4/1/1987,0.173447069,0.675829506,0.483629999,1.260283465,0.775835407,0.154218898,43476.6
5/1/1987,0.790026247,2.44008,1.587625736,4.397215748,3.952483949,1.478919685,43476.6
6/1/1987,0.208442695,1.240526482,0.389526412,1.617448819,1.952633506,0.180215433,43396.2
7/1/1987,0.040463692,0.323544565,0.114101282,0.098805543,0.512616173,0.040518709,43235.4
8/1/1987,0.008311461,0.141803513,0.069344697,0.630583937,0.232471593,0,42833.8
9/1/1987,0.109580052,0.351485107,0.163448283,0.279099213,0.461569931,0.001173543,42512.6
10/1/1987,0.89720035,0.902305967,1.929611941,1.072941732,0.851600884,2.17488189,42352
11/1/1987,1.749781277,1.4365805,2.749001708,1.285285039,1.400540793,3.270614173,42191.2
12/1/1987,1.56583552,2.621821051,3.014098398,2.18911748,1.109615457,1.724088189,42191.2
1/1/1988,1.294838145,2.721302749,2.665226679,2.501245984,0.53767761,2.873480315,42352
2/1/1988,0.469160105,0.367751591,0.858896741,0.533179843,0.280836189,0.492981732,42432.3
3/1/1988,0.213473316,0.443647753,0.580028799,0.683835591,0.200243984,0.330582047,42512.6
4/1/1988,1.477690289,1.77079339,3.782993557,2.357291339,1.450980372,1.390393701,42432.3
5/1/1988,0.563867017,0.976860588,0.973657224,1.097722205,0.331500776,0.826191496,42110.8
6/1/1988,0.358048994,0.723417562,0.554781514,0.953631496,1.073246372,0.520185827,41950
7/1/1988,0.358267717,0.962810781,0.383788412,0.545697638,1.060837423,0.45843874,41869.6
8/1/1988,0.239938758,1.73917592,0.280503968,1.503172913,1.341223978,0.11491285,41467.7
9/1/1988,0.194006999,0.433722531,0.27132313,0.607181102,0.388221348,0,41226.8
10/1/1988,0.03127734,0.089683262,0.132462957,0.068425739,0.223166156,0,40985.9
11/1/1988,1.631014873,2.780888252,2.458657715,2.053700787,0.609082236,1.910834646,40745
12/1/1988,1.750874891,3.048980505,3.393955559,2.159591811,1.219595972,1.996673386,40584.4
1/1/1989,0.334208224,0.69495801,0.749874305,0.774521575,0.259077091,0.196662047,40584.4
2/1/1989,0.91776028,1.295369549,1.719600324,1.323892913,0.437233394,0.779572913,40584.4
3/1/1989,1.179571304,3.309581763,2.76392057,2.11055811,0.430238911,2.372598425,40664.7
4/1/1989,0.187664042,0.42385404,0.52035335,0.599527559,0.24468049,0.407168504,40745
5/1/1989,0.824146981,2.167015203,1.675991299,2.277694488,1.793602854,2.003527559,40664.7
6/1/1989,0.632327209,1.697108658,0.911686558,1.908283465,1.688179478,1.145225197,40584.4
7/1/1989,0.126202975,0.236299796,0.202466847,0.008947332,0.20779622,0,40263.2
8/1/1989,0.814523185,0.949894023,0.791188063,0.273112441,0.792676004,0.456066142,40022.3
9/1/1989,2.0888014,1.515747727,1.97895899,1.191401575,0.804023567,1.152113386,39700.8
10/1/1989,0.704068241,0.723964063,1.437289529,0.835945512,0.256576364,0.474256063,39459.6
11/1/1989,0.671697288,1.3295622,1.067760799,0.694686614,0.098502848,0.745455118,39379.2
12/1/1989,0,0.059770769,0.069344697,0.08167011,0.037378305,0,39355.08
1/1/1990,2.377296588,2.196021256,4.392371661,2.143774488,0.902954388,2.359417323,39395.28
2/1/1990,1.365704287,2.706227479,2.458657715,1.424851654,0.754438906,1.346989606,39596.28
3/1/1990,0.450787402,0.806676636,1.074646428,0.980146772,0.24181311,0.355098898,39757.08
4/1/1990,1.033464567,1.053025156,2.53784244,2.301165354,1.718755941,1.154664567,39861.6
5/1/1990,1.414698163,1.327199323,2.829334096,1.135156535,0.797119967,0.70571622,39861.6
6/1/1990,0.137576553,0.213545536,0.215090496,0.48064252,0.441264337,0.29976378,39861.6
7/1/1990,0.622047244,2.15976369,0.60298089,1.134629291,1.170223219,0.138401575,39781.2
8/1/1990,0.201881015,0.858570278,0.263289906,0.43392189,0.706578217,0.122215181,39700.8
9/1/1990,0.47944007,0.76903192,0.506582093,0.639325984,0.650435081,0.481407874,39379.2
10/1/1990,0.050743657,0.092855799,0.193286008,0.209579528,0.026750238,0.108559559,39298.8
11/1/1990,0.470691164,0.674075108,0.782007225,0.41584252,0.238974596,0.31047874,39138
12/1/1990,0.886701662,0.738467089,1.675991379,0.634274646,0.211622886,0.43260378,39057.7
1/1/1991,0.376202975,0.229501502,0.708560523,0.411250394,0.085992083,0.471883465,38977.4
2/1/1991,0.820866142,0.56159243,1.423518261,0.788621102,0.246615433,0.868388031,38977.4
3/1/1991,2.749781277,9.267379742,6.393794286,6.199916031,2.913254451,8.05552526,39057.7
4/1/1991,0.190944882,0.379555481,0.60298089,0.881177953,0.386186699,0.368645669,39298.8
5/1/1991,0.566710411,1.42736085,1.049399124,2.193335433,1.487925913,1.110112441,39298.8
6/1/1991,0.641951006,0.434380431,0.954147933,0.51023622,0.213547045,0.059771622,39218.4
7/1/1991,0.166229221,0.536784377,0.281651569,0.387524409,1.244220911,0.258613228,39298.8
8/1/1991,0.365704287,0.796479196,0.453792276,1.065560315,1.116435159,0.089895118,39138
9/1/1991,0.346456693,0.689864693,0.390674021,1.200585827,0.629916671,0.389310236,38816.8
10/1/1991,0.765748031,2.120786806,1.620906318,0.983468409,0.204890783,2.079977953,38575.9
11/1/1991,0.589020122,1.370132662,1.008085354,1.325593701,0.659821189,0.716116535,38495.6
12/1/1991,1.403324584,1.53477389,2.72031159,0.998600315,0.623074469,1.406423622,38415.3
1/1/1992,1.651574803,1.067277894,2.989998699,0.925313386,0.38513376,0.962220472,38415.3
2/1/1992,2.409886264,2.86880729,4.163998323,2.210649449,0.832536272,3.361351181,38495.6
3/1/1992,1.170822397,1.116452218,2.835072062,2.952566929,1.516062217,1.115912126,38736.5
4/1/1992,0.1611986,0.217712232,0.46641594,0.190981417,0.115605646,0.153325984,38816.8
5/1/1992,0.112204724,0.666178566,0.233452178,1.046052283,0.812693287,0.053148841,38736.5
6/1/1992,0.670603674,1.453027985,1.048251531,1.725108661,1.706920358,0.150111496,38656.2
7/1/1992,1.491688539,0.827977956,1.840098773,1.468374803,1.163810654,1.494737008,38495.6
8/1/1992,0.227034121,1.316095443,0.263289894,1.471011024,1.501893626,0.739987087,38575.9
9/1/1992,0.197069116,0.282844271,0.249518637,0.17960315,0.11480677,0.013475339,38254.6
10/1/1992,0.670166229,1.152709785,1.467127241,1.064505827,0.42294803,0.945875906,38093.8
11/1/1992,0.038932633,0.268370485,0.148529427,0.168837165,0.087929553,0.102200315,37933
12/1/1992,3.319335083,5.909475879,6.190668251,3.395979213,1.4829096,4.626566929,37852.6
1/1/1993,4.090551181,6.572989343,8.027983745,4.481574803,1.219153728,5.18808189,37933
2/1/1993,2.700349956,4.071237132,4.633368766,3.71928189,1.644150868,3.176390551,38254.6
3/1/1993,1.201224847,2.552025236,2.85228619,2.963111811,1.276378539,2.348872441,38495.6
4/1/1993,0.215660542,0.599293877,0.589209644,0.729127559,0.106946018,0.23215748,38816.8
5/1/1993,0.628171479,0.385182427,1.300724568,0.555188031,0.075476801,0.509027811,38977.4
6/1/1993,1.09864392,0.849734245,1.451060775,1.290897638,0.845625423,0.830409449,39057.7
7/1/1993,0,0.020114056,0.062459068,0.002731124,0.029028813,0,39218.4
8/1/1993,0.008748906,0.341220128,0.07508272,0.111143055,0.276114608,0,39218.4
9/1/1993,0.101706037,0.401485461,0.200171634,0.024266835,0.297331756,0,39138
10/1/1993,0.519685039,0.764073996,1.230720681,0.439194331,0.427546856,0.278648504,38977.4
11/1/1993,1.201006124,1.336360493,1.789604166,1.074047244,0.902753455,1.235792126,38897.1
12/1/1993,0.9276028,1.034872694,1.814851469,0.811955906,0.462680339,0.656155276,38897.1
1/1/1994,0.706255468,0.976407369,1.439584762,0.646928504,0.246553537,0.422586142,38977.4
2/1/1994,1.742344707,3.365501147,3.062297853,2.547779528,0.748574872,2.562066142,39218.4
3/1/1994,0.547025372,1.371614842,1.383352119,1.004927244,1.460268494,0.77267622,39379.2
4/1/1994,0.600393701,1.099955313,1.491226951,1.892976378,0.456244984,0.550034646,39540
5/1/1994,1.333114611,2.356007768,2.533252022,3.495628346,3.696796657,2.369962205,39540
6/1/1994,0.004155731,0.065518173,0.071639906,0.000380636,0.073823915,0,39781.2
7/1/1994,0.038057743,0.178287689,0.119839305,0.040334173,0.56466788,0,39620.4
8/1/1994,0.006342957,0.104412898,0.070492301,0.015448252,0.056795904,0.009491316,39379.2
9/1/1994,0.774059493,0.860918535,0.733807827,1.836850394,0.707171722,1.049300787,39057.7
10/1/1994,0.954943132,0.745038773,1.803375445,1.31863748,0.340647358,0.568369134,38816.8
11/1/1994,2.4720035,3.63440306,3.614295836,2.852220472,0.873991878,3.729826772,38736.5
12/1/1994,1.766185477,1.284143463,3.064593005,1.465211339,0.630144169,1.049215748,38736.5
1/1/1995,5.11176728,7.362044631,9.967435371,4.993001575,1.320555463,7.393043055,38736.5
2/1/1995,0.615923009,0.765453521,1.190554516,0.731474646,0.215713486,0.625753701,39218.4
3/1/1995,2.480096238,10.15274419,5.848682046,5.528154331,1.995712396,8.320228157,39298.8
4/1/1995,0.973753281,1.536581207,2.417343991,2.398110236,0.704994291,0.941385827,39942
5/1/1995,1.819772528,2.578538581,3.428383757,5.346255118,1.753649734,3.326910236,40022.3
6/1/1995,1.380577428,1.488773852,1.935350022,2.265448819,0.735268108,0.861023622,40263.2
7/1/1995,0.245406824,0.530892522,0.293127628,1.244296063,0.351461274,0.419159055,40664.7
8/1/1995,0.065616798,0.137044708,0.110658468,0.709670551,0.162161921,0.006448195,41226.8
9/1/1995,0.039151356,0.16529958,0.101477629,0.058422047,0.072231181,0,41467.7
10/1/1995,0,0.047533841,0.063606673,0.095009386,0.014400163,0.042917669,41387.4
11/1/1995,0.054024497,0.077360362,0.17721954,0.119410583,0.016690547,0.076407874,41387.4
12/1/1995,3.998031496,3.877012676,7.220069796,2.594040945,0.552650089,3.782976378,41387.4
1/1/1996,2.22287839,4.356292381,4.500246505,3.271549606,0.60812628,2.31908315,41628.4
2/1/1996,2.933945757,5.137098184,5.0832297,4.052857323,1.404872994,3.805256693,41869.6
3/1/1996,1.396544182,2.440533219,3.29755682,2.350454173,1.108928325,3.279458268,42191.2
4/1/1996,0.604768154,1.362457169,1.516474243,1.125428031,0.505461134,1.025574803,42512.6
5/1/1996,1.196194226,1.552902673,2.382915861,1.349217638,0.299432061,1.414859528,42592.9
6/1/1996,0.504155731,0.774514415,0.790040458,0.284201575,0.703954157,0.153274961,42753.5
7/1/1996,0.286089239,0.818460345,0.410183297,2.140611024,1.05321872,0.443939528,43074.7
8/1/1996,0.10279965,0.306095611,0.180662354,0.704925354,0.45692072,0.41204126,43235.4
9/1/1996,0.092300962,0.149948595,0.176071935,0.109088504,0.043869843,0.124574173,43155
10/1/1996,0.968285214,1.601170559,1.832065563,1.333400315,1.056193854,1.610730709,42914.1
11/1/1996,3.001968504,3.24690032,4.349910459,2.171055118,0.638783108,3.681354331,42833.8
12/1/1996,3.830489939,7.684736971,7.204003215,4.466284724,0.663125299,5.180173228,43155
1/1/1997,5.314741906,9.026720145,10.15679038,4.327092283,1.20901847,6.19248189,43476.6
2/1/1997,0.462379702,0.478083068,0.902505732,0.741951496,1.012900238,0.684328819,44039.3
3/1/1997,0.080489939,0.165370931,0.285094383,0.280282961,0.085400134,0.223498772,44199.9
4/1/1997,0.152449694,0.390739771,0.496253662,0.830154331,0.678891795,0.099615969,44360.5
5/1/1997,0.084864392,0.7595418,0.211647685,2.656255748,0.740542193,0.020430709,44360.5
6/1/1997,0.763123359,1.838557027,1.07235123,2.413417323,1.41160122,1.38784252,44601.4
7/1/1997,0.746062992,1.350086912,0.793483272,1.956075591,0.989899661,0.34771748,44836.2
8/1/1997,0.299868766,0.248310114,0.269027917,0.117575433,0.478364488,0.045501165,44910.4
9/1/1997,0.713692039,0.578679697,0.718888977,0.853114961,0.523397596,0.214477795,44836.2
10/1/1997,0.168197725,0.28547412,0.4595303,0.482691969,0.110373626,0.064605855,44762
11/1/1997,1.748906387,2.365315138,2.668669435,1.800113386,0.771285268,1.722047244,44601.4
12/1/1997,1.464129484,2.021078499,2.774249012,1.622857323,0.647610892,0.898423937,44681.7
1/1/1998,2.579833771,3.354903721,5.046506349,2.904587717,0.60859838,2.392106457,44762
2/1/1998,5.324584425,7.954831847,8.885244124,4.852686614,1.787032413,6.836144882,44910.4
3/1/1998,1.806649169,2.742830679,4.44630914,2.873480315,1.617630811,1.982437795,45021.7
4/1/1998,0.828302712,1.505002037,2.129295185,2.734866142,0.915538384,0.728617323,45133
5/1/1998,1.900043744,1.812370882,3.392807954,3.62743937,1.266293494,1.610730709,45170.1
6/1/1998,1.924540682,1.832197333,2.607846328,3.061417323,2.697281974,1.446519685,45207.2
7/1/1998,0.284776903,1.234062699,0.351655457,3.295275591,1.320227925,0.258085984,45392.7
8/1/1998,0.043744532,0.060223989,0.104920443,0.14994822,0.354786323,0,45615.6
9/1/1998,1.363954506,1.179999738,1.423518261,1.832768504,1.603683098,0.900056693,45690
10/1/1998,0.319335083,0.928139483,0.742988688,0.705979843,0.666697258,0.276539528,45615.6
11/1/1998,1.097550306,1.883952085,1.732223953,1.454683465,0.585083522,1.017411024,45578.4
12/1/1998,0.710629921,1.32991864,1.471717659,0.968547402,0.261465091,0.302295402,45615.6
1/1/1999,2.512904637,4.584261829,4.702225164,2.703707717,1.113181067,2.355726614,45615.6
2/1/1999,2.034120735,4.376619409,3.657904643,2.333956535,0.675601817,1.992982677,45727.2
3/1/1999,0.674759405,1.216840355,1.898626614,1.340781732,0.356492618,0.555978898,45801.6
4/1/1999,0.799868767,2.10500628,1.980106549,2.811401575,2.04586652,0.844951181,45801.6
5/1/1999,0.306211724,0.551740623,0.632818624,0.762922205,0.622202581,0.250098236,45801.6
6/1/1999,0.356517935,0.55346022,0.50084407,0.522992126,0.44794623,0.948529134,45838.8
7/1/1999,0.289807524,0.249669773,0.390674032,0.359053228,0.418201002,0.676190551,45913.1
8/1/1999,0.420166229,0.638532172,0.503139279,1.323382677,0.829263242,1.460993386,45838.8
9/1/1999,0.150918635,0.819032273,0.192138401,1.683779528,0.819197453,0.571209449,45764.4
10/1/1999,0.121609799,0.175341762,0.380345586,0.25218085,0.014519681,0.070044378,45652.8
11/1/1999,0.545931759,1.077806033,0.980542841,0.616987843,0.110769547,0.241979528,45615.6
12/1/1999,0.11351706,0.155173491,0.358541085,0.22813852,0.075017445,0.018709257,45578.4
1/1/2000,2.319335083,5.662244599,4.890432165,3.110740157,0.588190126,3.07884189,45541.2
2/1/2000,3.732283465,5.708834683,6.262967348,3.392424567,0.845507041,3.006226772,45615.6
3/1/2000,0.602362205,1.086766336,1.511883825,1.512136063,0.763809313,0.636910866,45652.8
4/1/2000,0.575021872,1.280000446,1.44761796,1.154154331,0.758747004,0.502072441,45690
5/1/2000,0.839020122,0.775177875,1.580740107,0.594889512,0.179171317,0.365116535,45690
6/1/2000,0.916666667,0.457187609,1.25482038,1.144970079,0.866287211,0.905159055,45690
7/1/2000,0,0.137724537,0.062459068,0.001498955,0.124551998,0.600794646,45727.2
8/1/2000,0.452974628,1.203470378,0.436578206,3.748705512,1.599552864,0.990164409,45615.6
9/1/2000,0.313429571,0.106307935,0.476744374,0.42655748,0.1612135,0.037512567,45504
10/1/2000,1.375328084,1.389743625,2.817857991,1.255895433,0.69146615,1.15888252,45392.7
11/1/2000,0.516185477,0.406748656,0.920867396,0.636264567,0.189074785,0.182639055,45318.5
12/1/2000,0.377734033,0.294991731,0.811844959,0.352515402,0.137454226,0.296469354,45281.4
1/1/2001,2.499125109,2.620688002,4.503689491,1.70879811,0.638112069,2.053615748,45281.4
2/1/2001,1.798118985,3.175967643,2.984260755,2.67159685,0.952978039,2.397770079,45355.6
3/1/2001,0.706474191,1.812597492,1.766652117,1.661873386,0.844848463,1.932349606,45392.7
4/1/2001,0.823272091,2.035707544,2.138476022,2.136869291,0.955022344,1.763631496,45429.8
5/1/2001,0.111329834,0.171716006,0.282799174,0.421795276,0.551575461,0.048137386,45466.9
6/1/2001,0.036089239,0.01507922,0.124429723,0.027195591,0.171247409,0.179399055,45466.9
7/1/2001,0.635389326,0.939923192,0.709708128,3.284730709,1.477319285,0.785593701,45429.8
8/1/2001,0.048993876,0.144069611,0.109510862,0.60000378,0.480616258,0.056784189,45318.5
9/1/2001,0.223315836,0.313107643,0.267880313,0.071228976,0.298178884,0.082045984,45170.1
10/1/2001,0.145450569,0.747984701,0.373459961,0.274478003,0.188910358,0.41335937,45021.7
11/1/2001,2.542650919,3.491419593,3.769222358,2.229222047,0.532170839,2.819055118,44984.6
12/1/2001,3.09951881,4.320261424,5.901471977,3.469266142,0.934988053,3.717070866,44984.6
1/1/2002,0.889982502,0.994989371,1.902069428,1.221624567,0.255806469,0.777421417,45021.7
2/1/2002,0.46631671,0.914869782,0.918572198,0.777668031,0.160097837,0.778382362,45021.7
3/1/2002,0.629483815,1.324706615,1.596806573,1.982965039,0.585083606,1.395087874,45058.8
4/1/2002,0.397419072,1.226491295,1.156126397,1.653675591,0.891731407,1.070475591,45058.8
5/1/2002,0.556649169,0.401045113,1.112517383,0.662218583,0.305566028,0.364325669,45058.8
6/1/2002,0.104768154,0.350827208,0.178367149,0.632692913,0.356772264,0.341858268,45058.8
7/1/2002,0.092519685,0.446367071,0.180662354,0.37856126,0.685150998,0.689898898,45058.8
8/1/2002,0.079615048,0.196869692,0.170333912,0.108717732,0.413866559,0.135159024,44947.5
9/1/2002,0.118547682,0.53240744,0.140496189,0.145825512,0.253730161,0.238280315,44836.2
10/1/2002,0.0279965,0.243098089,0.131315351,0.133709102,0.27387224,0.101969008,44601.4
11/1/2002,1.987314086,3.759184644,2.776544221,1.943183622,1.06003574,3.918614173,44440.8
12/1/2002,3.208005249,5.171181184,6.064431847,3.744487559,0.57166288,4.497392126,44601.4
1/1/2003,0.361767279,0.219983891,0.884144068,0.587349921,0.109142128,0.156670583,44762
2/1/2003,1.365485564,1.582330643,2.273893356,2.381102362,0.833003768,1.33056,44836.2
3/1/2003,0.62992126,1.309976979,1.490079335,1.271185512,0.299128789,0.836209134,44873.3
4/1/2003,1.461504812,2.515316199,3.512158844,3.020598425,0.928679695,2.344280315,44947.5
5/1/2003,0.958661417,1.02898084,1.736814349,1.649219528,0.652447805,0.86019874,44873.3
6/1/2003,0.049868766,0.162448683,0.158857865,0.057962835,0.300453907,0,44873.3
7/1/2003,0.574146981,0.658927053,0.635113822,2.293511811,0.270335134,1.044206929,44873.3
8/1/2003,1.413385827,0.853811472,1.343185931,3.632711811,0.806752339,0.737350866,44799.1
9/1/2003,0.079615048,0.198633149,0.139348584,1.637858268,0.252512846,0.26736378,44681.7
10/1/2003,0.010279965,0.10192019,0.081968349,0.088049764,0.073210398,0.092610425,44440.8
11/1/2003,0.939413823,1.265526659,1.50844101,1.361310236,0.472300711,1.226097638,44199.9
12/1/2003,3.087926509,4.156875766,5.713264689,3.623748661,0.76728726,3.271549606,44199.9
1/1/2004,0.722222222,1.940632023,1.527950291,1.265385827,0.278362526,1.126193386,44199.9
2/1/2004,2.773403324,4.171060651,4.717143796,2.890811339,0.706014742,3.738670866,44280.2
3/1/2004,0.455818023,0.604993923,1.309905417,0.518280945,0.194604606,0.440512441,44521.1
4/1/2004,0.24015748,0.477363191,0.592652447,0.802601575,0.346775396,0.117252283,44601.4
5/1/2004,0.267716535,0.549927744,0.497401256,0.348508346,0.458879927,0.316820976,44521.1
6/1/2004,0.074584427,0.636574843,0.189843192,0.491153386,0.510012339,0.223738583,44521.1
7/1/2004,0.178915136,0.567376698,0.234599779,1.312837795,0.477182748,0.431285669,44521.1
8/1/2004,0.099956255,0.580973286,0.160005469,1.245350551,0.473100472,0.302110866,44280.2
9/1/2004,0.122703412,0.210256039,0.172629126,0.202053543,0.074325833,0.098679685,44039.3
10/1/2004,1.657699038,3.444187978,3.515601658,2.393160945,0.881916283,4.40776063,43798.2
11/1/2004,1.987095363,2.379788925,3.23673377,2.561385827,1.131316986,1.895527559,43637.4
12/1/2004,3.804899387,5.048585288,7.112194838,2.317237795,0.542560679,4.739924409,43717.8
1/1/2005,4.174103236,5.227833632,7.806495691,4.281222047,0.972132557,7.326056693,43798.2
2/1/2005,2.280621172,2.119410464,3.778403138,2.728743307,0.98095588,2.438248819,44039.3
3/1/2005,1.049212598,2.96762759,2.681293145,2.446939843,0.517544344,3.271549606,44280.2
4/1/2005,0.551618548,1.012673994,1.406304214,2.224629921,0.745756581,1.096752756,44440.8
5/1/2005,1.339676291,1.910266312,2.256679342,2.356781102,0.694957846,2.425322835,44440.8
6/1/2005,0.343832021,0.627583551,0.641999461,1.049555906,0.249497106,0.242362205,44601.4
7/1/2005,0.143263342,0.261906702,0.254109059,0.09110778,1.304097593,0.613712126,44799.1
8/1/2005,0.374234471,1.247885896,0.374607555,1.702998425,0.47509873,0.664591181,44984.6
9/1/2005,0.4276028,0.5751709,0.480187196,0.797499213,0.151194193,0.209707087,44910.4
10/1/2005,0.390201225,0.592077165,0.830206623,0.70439811,0.447703488,0.433394646,44762
11/1/2005,0.418416448,1.068376142,0.69478929,0.777497953,0.139743098,0.81943937,44681.7
12/1/2005,3.423228346,8.149740259,7.121375676,4.326037795,0.617664004,8.297952094,44681.7
1/1/2006,3.032589676,4.167073207,6.033446634,2.280857953,0.595316341,4.194226772,44873.3
2/1/2006,0.994969379,2.456722791,1.835508354,1.590100157,0.346701907,2.073940157,44984.6
3/1/2006,1.696850394,4.003234329,4.246625862,3.62743937,0.687465142,2.906433071,45095.9
4/1/2006,1.557524059,4.158529573,3.844964212,3.780850394,1.02956873,4.000251969,45133
5/1/2006,0.454505687,1.342608789,1.012675796,0.99280063,0.3257271,0.983046614,45207.2
6/1/2006,0.073053368,0.380432681,0.174924331,0.863829921,0.419054285,0.184195276,45355.6
7/1/2006,0.135826772,0.600688337,0.235747384,2.599313386,1.375817951,1.802647559,45690
8/1/2006,0,0.149055027,0.062459068,0.04328674,0.07109835,0.029636391,45913.1
9/1/2006,0,0.083939356,0.063606673,0.009541417,0.041822437,0.132533858,45801.6
10/1/2006,0.300743657,1.162227396,0.722331791,0.482428346,0.52801124,0.408086929,45690
11/1/2006,0.41863517,1.021884585,0.800368912,0.781171654,0.090587193,0.506409449,45690
12/1/2006,1.332677165,1.694987011,2.493085937,1.313365039,0.327718831,1.345790551,45652.8
1/1/2007,0.527777778,0.928139483,1.087270114,0.720215433,0.40950615,0.368807244,45690
2/1/2007,1.342300962,3.202166659,2.700802448,2.294430236,0.324428793,3.202582677,45727.2
3/1/2007,0.505686789,0.605673753,1.072351218,1.123557165,0.210240398,0.443412283,45764.4
4/1/2007,0.558836395,1.193157726,1.334005094,1.334267717,0.504598453,1.024299213,45801.6
5/1/2007,0.186132983,0.293405463,0.391821625,0.326364094,0.189462089,0.297365669,45764.4
6/1/2007,0.044619423,0.054114584,0.131315351,0.096791811,0.335121384,0.046686614,45690
7/1/2007,0.060804899,0.442741314,0.123282118,1.080850394,0.656157742,0.437085354,45578.4
8/1/2007,0.430883639,0.37203906,0.368869539,2.172245669,0.555619366,0.80615622,45504
9/1/2007,0.389982502,0.588328888,0.479039592,0.62912126,0.409625226,0.238458898,45318.5
10/1/2007,0.310804899,0.514123398,0.725774594,0.799302047,0.174491203,0.215563748,45170.1
11/1/2007,0.264216973,0.504994965,0.499696465,0.280629921,0.20105072,0.704125984,45095.9
12/1/2007,2.053368329,2.908029215,3.947101032,1.830591496,0.405850224,1.699044094,45058.8
1/1/2008,4.19422572,6.570949855,8.246028297,3.722343307,1.011709898,7.555407874,45058.8
2/1/2008,1.639982502,4.06379381,2.85228619,2.347273701,0.627888096,3.334223622,45170.1
3/1/2008,0.129046369,0.305642391,0.334441389,0.574696063,0.184127474,0.20111726,45207.2
4/1/2008,0.025371829,0.09073765,0.116396491,0.231494173,0.08258177,0.013579937,45244.3
5/1/2008,0.475284339,1.893723797,0.909391349,2.783848819,2.341712474,1.266703937,45207.2
6/1/2008,0,0.137667806,0.065901883,0.015756094,0.044121134,0,45207.2
7/1/2008,0.066491689,0.205707474,0.188695587,0.168190866,0.079503409,0.000545698,45281.4
8/1/2008,0,0.116876436,0.062459068,0.058787717,0.082610043,0.011356838,45170.1
9/1/2008,0.053368329,0.140080104,0.102625236,0.91128189,0.039379138,0.07981115,44984.6
10/1/2008,0.169510061,0.777670583,0.423954554,0.489809764,0.240076699,0.587086299,44910.4
11/1/2008,1.571303587,1.591625456,2.451772087,1.487848819,0.441770104,1.924100787,44799.1
12/1/2008,1.716097988,2.437813902,3.163287068,1.97663811,0.265976978,1.457302677,44836.2
1/1/2009,1.390857393,1.090392093,2.705392729,1.264331339,0.507147457,1.305456378,44799.1
2/1/2009,1.735564304,3.042516407,3.011803188,2.697312756,0.890808344,1.922740157,44836.2
3/1/2009,0.619422572,3.317513105,1.852722425,1.818833953,0.670148148,1.458884409,44910.4
4/1/2009,0.26071741,0.723198262,0.793483284,1.024554331,0.179051244,0.812551181,44947.5
5/1/2009,0.625109361,1.189193961,1.383352108,2.857662992,0.515466191,1.257477165,44873.3
6/1/2009,0.928040245,2.416192691,1.244491949,4.224755906,1.502448413,1.166144882,44947.5
7/1/2009,0.11264217,0.447500119,0.172629123,0.370125354,0.228762945,0.197452913,44947.5
8/1/2009,0.2055993,0.767926362,0.185252774,0.348508346,0.359660169,0.34771748,44873.3
9/1/2009,0.053805774,0.194685753,0.11639649,0.115925669,0.043273156,0.044722205,44681.7
10/1/2009,0.726815398,2.763678779,1.922726313,1.27487622,0.467506256,2.797029921,44521.1
11/1/2009,0.19816273,0.763988025,0.48133479,0.671470866,0.732304222,0.804387402,44360.5
12/1/2009,2.484470691,2.798803297,4.946664796,2.903533228,0.372213587,3.205644094,44280.2
1/1/2010,2.185695538,4.032920211,4.177769579,2.372071181,0.700777059,4.225861417,44280.2
2/1/2010,1.622047244,3.004241283,3.559210695,2.59063937,0.527340354,4.409801575,44521.1
3/1/2010,0.662292213,1.496703446,1.516474266,1.492100787,0.205529839,1.739905512,44681.7
4/1/2010,0.924103237,2.897117144,2.579156291,2.362903937,0.722965553,3.418582677,44729.88
5/1/2010,0.430883639,0.707648158,0.957590747,1.300183937,0.457785717,0.700707402,44729.88
6/1/2010,0.042869641,0.319028738,0.130167747,0.749537008,0.022676951,0.131564409,44681.7
7/1/2010,0.090113736,0.323997784,0.203614452,0.562569449,0.129670354,0.307910551,44791.68
8/1/2010,0.085739283,0.192790716,0.147381817,0.178683024,0.056532856,0,44865.88
9/1/2010,0.003937008,0.044246093,0.065901883,0.115721575,0.009744585,0.009367937,44641.55
10/1/2010,1.0164042,3.400678898,2.178642222,3.922696063,3.016737882,3.437631496,44424.74
11/1/2010,1.419728784,2.99909155,2.292255054,1.991962205,0.38937749,3.00784252,44464.89
12/1/2010,4.396325461,7.737763662,7.812233715,4.358199685,0.90045549,9.09783411,44400.65
1/1/2011,0.944444444,0.868541109,2.08568624,1.21424315,0.387976758,1.004136378,44689.73
2/1/2011,2.196631671,3.882727027,3.838078584,2.428248189,0.795672917,3.569272441,44762
3/1/2011,2.091644794,6.549421925,5.02470186,3.83991874,0.959871616,5.630966929,44799.1
4/1/2011,0.274934383,0.920787379,0.773974015,1.527647244,0.252942482,0.806428346,44873.3
5/1/2011,0.933508311,1.30861732,2.370292209,2.04096189,0.490981984,0.977774173,44951.21
6/1/2011,1.043744532,1.439650697,1.607135039,1.145480315,0.984165701,1.126091339,44999.44
7/1/2011,0.101268591,0.611338997,0.178367145,1.481555906,0.312072043,0.558351496,45240.59
8/1/2011,0.008311461,0.097161385,0.101477629,0.078981165,0.02595563,0.065589165,45470.61
9/1/2011,0.134295713,0.384380077,0.201319239,2.142992126,0.334687014,0.438037795,45455.77
10/1/2011,0.626202975,1.220466112,1.460241612,0.770303622,0.421484303,1.045788661,45396.41
11/1/2011,0.632983377,0.765961723,1.239901507,0.741883465,0.515866061,0.613559055,45392.7
12/1/2011,0.07895888,0.145882489,0.352803061,0.205097953,0.115746045,0.067329071,45344.47
1/1/2012,1.533245844,2.864973355,3.024426897,1.632874961,0.268049339,2.762759055,45355.6
2/1/2012,0.841863517,0.869955435,1.518769499,1.207422992,0.328121632,0.756612283,45444.64
3/1/2012,1.105424322,2.775689098,2.773101522,2.242369134,0.513140882,2.040434646,45470.61
4/1/2012,0.875984252,1.455659582,2.185527793,1.405190551,0.212720165,1.40672126,45485.45
5/1/2012,0.093613298,0.192337496,0.341327014,0.623729764,0.081949091,0.128383937,45470.61
6/1/2012,0.063429571,0.283502171,0.319522528,0.159816189,0.02288752,0.059034331,45385.28
7/1/2012,0.169291339,0.20955984,0.265585103,0.309545008,0.113330689,0.173199685,45255.43
8/1/2012,0.209536308,0.508004933,0.204762054,2.588768504,0.356321799,1.207652598,45140.42
9/1/2012,0.143044619,0.144904699,0.184105169,0.089699528,0.052919148,0.03944126,45021.7
10/1/2012,0.337489064,0.616551023,0.749874305,0.721269921,0.12395698,0.674345197,44910.4
11/1/2012,1.524496938,2.628474894,2.631946027,1.88736378,0.257438222,2.211874016,44813.94
12/1/2012,3.27712161,4.904008242,6.009346706,3.666982677,0.67594214,5.153811024,44729.88
1/1/2013,0.488188976,0.844520471,1.146945525,0.743414173,0.376153474,0.58207748,44762
2/1/2013,0.411636046,0.246180843,0.837092263,0.440027717,0.123069992,0.169463055,44780.55
3/1/2013,0.388013998,0.72736321,1.057432357,1.379270551,0.187448258,0.957211654,44802.81
4/1/2013,0.241469816,0.566179608,0.744136281,0.90311811,0.135455937,0.46176378,44799.1
5/1/2013,0.316054243,0.777670583,0.685608441,1.834809449,0.404939148,0.722851654,44776.84
6/1/2013,0.228783902,0.237668513,0.425102159,1.039351181,0.041999492,0.027542551,44681.7
7/1/2013,0.280183727,0.695864449,0.391821622,4.998274016,0.23045163,0.849126614,44480.95
8/1/2013,0.643482065,0.769059411,0.597242866,1.871716535,0.154146014,0.610548661,44312.32
9/1/2013,0.317366579,0.581311294,0.503139279,0.616365354,0.158402173,0.407168504,43942.92
10/1/2013,0.136701662,0.650089271,0.448054264,0.685944567,0.334399675,0.446575748,43645.44
11/1/2013,0.761154856,0.685478697,1.327119511,0.804132283,0.741313268,0.488551181,43548.96
12/1/2013,0.447287839,1.138206758,1.051694333,0.634274646,0.135770933,1.270658268,43476.6
1/1/2014,0.443569554,1.400620895,1.033332669,0.723378898,0.389457407,1.28120315,43468.56
2/1/2014,1.953412074,2.894942264,3.476583098,1.842497008,0.327088496,3.828812598,43597.2
3/1/2014,0.489938757,1.375467208,1.405156609,1.157300787,0.246946957,1.404051024,43645.44
4/1/2014,0.543744532,1.343816686,1.412042214,1.298551181,0.289737108,1.269977953,43693.68
5/1/2014,0.189851269,0.797159025,0.446906648,0.865734803,0.77608697,0.77135811,43629.36
6/1/2014,0.023622047,0.11200973,0.141643797,0.203074016,0.078850126,0.045155906,43468.56
7/1/2014,0.120297463,0.873073304,0.223123729,6.553644094,0.4697005,0.878125039,43267.56
8/1/2014,0.708661417,1.015384252,0.645442264,1.829537008,0.270700561,0.524871496,43066.67
9/1/2014,0.716535433,0.98438432,0.830206623,0.787294488,0.559853713,0.324510236,42833.8
10/1/2014,0.351487314,0.011729494,0.824468611,0.087253625,0.023085559,0.018872175,42600.93
11/1/2014,0.716535433,0.506530064,1.331709896,0.825051969,0.151022142,0.820970079,42400.18
12/1/2014,3.135608049,2.816252251,6.028856043,2.300365984,0.597998258,2.172245669,42287.68
1/1/2015,0.197506562,0.217717793,0.668394381,0.467665512,0.363043941,0.318719055,42263.56
2/1/2015,1.463910761,1.910637058,2.578008606,1.618197165,0.793609856,1.573670551,42311.8
3/1/2015,0.076552931,0.386768696,0.404445285,0.540425197,0.232661923,0.305537953,42392.15
4/1/2015,0.763123359,0.87648882,1.87337931,1.397026772,0.29046339,0.821480315,42360.03
5/1/2015,0.807742782,3.542310017,1.484341311,5.557152756,3.266050687,3.79615748,42279.64
6/1/2015,0.524934383,1.150174966,0.793483284,2.668535433,0.613755195,1.012818898,42464.42
7/1/2015,0.759186352,1.418296458,0.773973992,6.421833071,1.000242898,1.331291339,42360.03
8/1/2015,0.19160105,0.322184906,0.282799174,2.23024252,0.333099502,0.366698268,42183.16
9/1/2015,0.260936133,0.326704231,0.328703366,0.989348031,0.169437569,0.165061417,41901.76
10/1/2015,0.657261592,1.149990467,1.382204515,2.646765354,0.636575628,1.159146142,41700.76
11/1/2015,2.258530184,2.054128727,3.340018194,1.970022047,0.627540559,2.426173228,41628.4
12/1/2015,2.274059493,3.144156616,4.035466709,2.194389921,0.543793266,2.725851969,41507.85
1/1/2016,3.053805774,4.362637455,6.002461192,2.938858583,0.801145518,5.230261417,41427.55
2/1/2016,0.531058618,1.220798559,0.993166504,0.702850394,0.099070295,1.378573228,41548
3/1/2016,1.65048119,3.115150563,3.882835225,2.252386772,0.452927935,2.915659843,41628.4
4/1/2016,0.794619422,1.51245823,2.027158399,2.745070866,1.110497963,1.928692913,41636.44
5/1/2016,0.640201225,1.505088008,1.254820368,3.79615748,1.45777852,1.302556535,41668.6
6/1/2016,0.254811899,0.728900057,0.428544984,2.949165354,0.471596142,0.78168189,41708.8
7/1/2016,0.030621172,0.148601807,0.10377284,0.059077701,0.036169967,0.184271811,41797.24
8/1/2016,0.053368329,0.212505768,0.115248885,0.056995087,0.031099935,0,41564.08
9/1/2016,0.063210849,0.218150831,0.132462957,0.233331024,0.054223931,0.035333858,41274.98
10/1/2016,0.989938757,2.470219102,2.070767321,1.773174614,1.052406104,4.304948031,41009.99
11/1/2016,0.957349081,0.664864517,1.479750915,0.7776,0.146077628,0.949549606,40897.57
12/1/2016,2.475284339,3.407250582,4.749276728,1.814774173,0.436533268,4.080869291,40817.27
1/1/2017,4.15791776,13.65907746,8.0520831,7.923898772,1.530898144,14.74343206,40841.36
2/1/2017,3.761811024,9.798996935,6.425927218,4.736965039,1.046624884,8.321667024,41307.1
3/1/2017,0.975065617,1.938592535,2.387506223,1.870134803,0.494126441,1.652910236,41660.56
4/1/2017,1.280839895,3.102820353,3.144925335,1.743017953,0.829524543,4.07423622,41789.2
5/1/2017,0.308180227,1.032379987,0.622490193,1.666091339,0.641434337,0.747104882,41950
6/1/2017,0.532152231,0.213106936,0.407888099,0.535697008,0.071329939,0.265322835,42215.32
7/1/2017,0.065616798,0.388354964,0.146234213,0.232514646,0.180061797,0.464502047,43315.8
8/1/2017,0.144794401,0.583239383,0.20131924,1.763104252,0.444681047,0.764767559,44087.48
9/1/2017,0.556649169,0.75806693,0.586914424,1.857259843,0.417133116,0.612538583,44400.65
10/1/2017,0.167322835,0.284114461,0.414773716,0.193234961,0.071871715,0.661164094,44336.41
11/1/2017,1.214348206,3.054135799,1.8951838,2.183249764,0.530498687,2.967023622,44280.2
12/1/2017,0.218285214,0.246044017,0.49854886,0.26784,0.160306772,0.189017008,44280.2
1/1/2018,1.495625547,1.812144273,3.015246002,1.70879811,0.409866398,1.455193701,44360.5
2/1/2018,0.405074366,0.697909184,0.796926098,0.819099213,0.328250037,0.518842205,44440.8
3/1/2018,2.261811024,6.219251461,5.391935369,4.193172283,0.998305417,9.324259087,44440.8
4/1/2018,0.841426072,1.52320392,2.096014625,1.555710236,0.608992232,2.125133858,44681.7
5/1/2018,0.693132109,1.81486359,1.398270981,3.232006299,1.2301879,1.710907087,44681.7
6/1/2018,0.068022747,0.092711348,0.160005472,0.007935704,0.06513623,0,44799.1
7/1/2018,0.602362205,1.250378604,0.741841083,4.486847244,0.625417128,1.45255748,44799.1
8/1/2018,0.038276465,0.331475907,0.101477629,0.969074646,0.090645693,0.248331969,44799.1
9/1/2018,0.031058618,0.063544475,0.095739605,0.033420472,0.015571364,0.016939843,44601.4
10/1/2018,0.263342082,0.5118573,0.62019496,0.71336126,0.68885113,0.565732913,44280.2
11/1/2018,1.822615923,2.533737382,2.754739732,1.920018898,0.499013142,4.242614173,44199.9
12/1/2018,1.484033246,1.274852461,2.861467028,1.057124409,0.199543435,2.491228346,44199.9
1/1/2019,3.296587926,4.748100707,5.062572815,2.558715591,5.460627929,5.309348031,
2/1/2019,7.115485563,10.13733266,7.402538831,6.191389984,8.308789784,9.049950992,
3/1/2019,1.608048994,3.343799841,3.173615453,4.555388976,3.28878803,5.952585827,
4/1/2019,0.313429571,0.730215856,1.127436291,1.46743937,0.333443166,0.550544882,
5/1/2019,1.44903762,2.186277035,2.16946135,5.425341732,1.507665523,1.824264567,
6/1/2019,0.451006124,0.63964504,0.111806072,1.229159055,0.217111925,0.183685039,
7/1/2019,0.455161855,0.638305562,0.21853331,0.766085669,0.489755069,0.499300157,
8/1/2019,0.077209099,0.152680783,0.120986909,0.058155024,0.057394578,0.002321983,
9/1/2019,0.437882765,0.481091287,0.454939881,0.65616378,0.221278171,0.070642205,
10/1/2019,0.007217848,0.01558186,0.13820098,0.013618715,#DIV/0!,0.052140908,
11/1/2019,0.909886264,1.508510833,1.420075482,1.158746457,1.346572062,1.663370079,
12/1/2019,2.10608049,3.341080523,5.080934548,2.62040315,2.682299555,4.46312126,
1/1/2020,0.556649169,0.88848277,1.351219176,0.858353386,0.676822113,0.803783622,
2/1/2020,0.146544182,0.242677607,0.381493191,0.183480945,0.052254379,1.107790866,
3/1/2020,0.895669291,2.33198713,2.654898121,2.894570079,1.757867643,2.752214173,
4/1/2020,1.106955381,2.414438292,1.922726313,3.296125984,3.425663544,2.699149606,
5/1/2020,0.285214348,0.54403589,0.927753024,1.137265512,0.533855147,0.035430803,
6/1/2020,0.507655293,0.900173198,0.244928218,1.321511811,0.322524076,0.635244094,
7/1/2020,0.109580052,0.249443163,0.320670129,0.262356661,0.092828499,0.032979118,
8/1/2020,0.116579178,0.242871479,0.282799177,1.031816693,0.094178229,0.426540472,
9/1/2020,0.113954506,0.156088989,0.12098691,5.66E-05,0.01443794,0.008778614,
10/1/2020,0,0.000625614,0.126724935,0.729127559,0,0.019349858,
11/1/2020,0.688538933,1.119472995,1.222687448,1.067669291,1.183073939,1.064097638,
12/1/2020,0.877296588,1.382038892,1.889445776,2.600895118,1.593701048,2.23024252,
1/1/2021,3.550306212,5.440393615,4.054975875,0.931011024,5.28490319,4.29703937,
2/1/2021,0.48928259,0.909343427,1.229573087,1.372943622,0.678911194,0.970537323,
3/1/2021,0.469816273,1.21162833,1.54975478,0.589833071,0.814647957,1.977165354,
4/1/2021,0.267716535,0.577583198,0.275913546,0.789284409,0.327502458,0.313285039,
5/1/2021,0.40791776,0.667764835,0.267880319,2.091050079,#DIV/0!,0.821182677,
6/1/2021,0.226377953,0.415520648,0.467563556,0.254965039,0.627074645,0.499266142,
7/1/2021,0.359142607,0.711273915,0.449201858,4.651347402,1.276475678,1.900714961,
8/1/2021,0.046806649,0.092855799,0.094592002,0.068383559,0.067427166,0.069306236,
9/1/2021,0.040463692,0.074509465,0.157710261,0.53384315,,0.065845984,
10/1/2021,2.036307961,4.187241478,2.777691826,1.386651969,,4.34976378,
11/1/2021,0.201224847,0.362669397,0.690198848,1.010624882,,0.453089764,
12/1/2021,5.366141732,8.178746312,8.258651949,0.234096378,,6.437650394,
1/1/2022,,,,0.263894173,,0.017267244,
2/1/2022,,,,0.592622362,,0.135413291,
3/1/2022,,,,5.984220472,,0.493764094,
4/1/2022,,,,0.153785197,,0.619171654,
5/1/2022,,,,0.792907087,,0.111380315,
6/1/2022,,,,8.504447244,,0.043778268,
7/1/2022,,,,0.422849764,,0.190071496,
8/1/2022,,,,0.077045669,,1.253259213,
9/1/2022,,,,,,0.61151811,
10/1/2022,,,,,,0.078295748,
11/1/2022,,,,,,2.275653543,
12/1/2022,,,,,,7.637130709,
