"p...1.","TerraClimate","ERA5","CRUTS_adj","MERRA2","CAPA","NCEP_NARR"
1901-01-01,,,,,,
1901-02-01,,,,,,
1901-03-01,,,,,,
1901-04-01,,,,,,
1901-05-01,,,,,,
1901-06-01,,,,,,
1901-07-01,,,,,,
1901-08-01,,,,,,
1901-09-01,,,,,,
1901-10-01,,,,,,
1901-11-01,,,,,,
1901-12-01,,,,,,
1902-01-01,,,,,,
1902-02-01,,,,,,
1902-03-01,,,,,,
1902-04-01,,,,,,
1902-05-01,,,,,,
1902-06-01,,,,,,
1902-07-01,,,,,,
1902-08-01,,,,,,
1902-09-01,,,,,,
1902-10-01,,,,,,
1902-11-01,,,,,,
1902-12-01,,,,,,
1903-01-01,,,,,,
1903-02-01,,,,,,
1903-03-01,,,,,,
1903-04-01,,,,,,
1903-05-01,,,,,,
1903-06-01,,,,,,
1903-07-01,,,,,,
1903-08-01,,,,,,
1903-09-01,,,,,,
1903-10-01,,,,,,
1903-11-01,,,,,,
1903-12-01,,,,,,
1904-01-01,,,,,,
1904-02-01,,,,,,
1904-03-01,,,,,,
1904-04-01,,,,,,
1904-05-01,,,,,,
1904-06-01,,,,,,
1904-07-01,,,,,,
1904-08-01,,,,,,
1904-09-01,,,,,,
1904-10-01,,,,,,
1904-11-01,,,,,,
1904-12-01,,,,,,
1905-01-01,,,,,,
1905-02-01,,,,,,
1905-03-01,,,,,,
1905-04-01,,,,,,
1905-05-01,,,,,,
1905-06-01,,,,,,
1905-07-01,,,,,,
1905-08-01,,,,,,
1905-09-01,,,,,,
1905-10-01,,,,,,
1905-11-01,,,,,,
1905-12-01,,,,,,
1906-01-01,,,,,,
1906-02-01,,,,,,
1906-03-01,,,,,,
1906-04-01,,,,,,
1906-05-01,,,,,,
1906-06-01,,,,,,
1906-07-01,,,,,,
1906-08-01,,,,,,
1906-09-01,,,,,,
1906-10-01,,,,,,
1906-11-01,,,,,,
1906-12-01,,,,,,
1907-01-01,,,,,,
1907-02-01,,,,,,
1907-03-01,,,,,,
1907-04-01,,,,,,
1907-05-01,,,,,,
1907-06-01,,,,,,
1907-07-01,,,,,,
1907-08-01,,,,,,
1907-09-01,,,,,,
1907-10-01,,,,,,
1907-11-01,,,,,,
1907-12-01,,,,,,
1908-01-01,,,,,,
1908-02-01,,,,,,
1908-03-01,,,,,,
1908-04-01,,,,,,
1908-05-01,,,,,,
1908-06-01,,,,,,
1908-07-01,,,,,,
1908-08-01,,,,,,
1908-09-01,,,,,,
1908-10-01,,,,,,
1908-11-01,,,,,,
1908-12-01,,,,,,
1909-01-01,,,,,,
1909-02-01,,,,,,
1909-03-01,,,,,,
1909-04-01,,,,,,
1909-05-01,,,,,,
1909-06-01,,,,,,
1909-07-01,,,,,,
1909-08-01,,,,,,
1909-09-01,,,,,,
1909-10-01,,,,,,
1909-11-01,,,,,,
1909-12-01,,,,,,
1910-01-01,,,,,,
1910-02-01,,,,,,
1910-03-01,,,,,,
1910-04-01,,,,,,
1910-05-01,,,,,,
1910-06-01,,,,,,
1910-07-01,,,,,,
1910-08-01,,,,,,
1910-09-01,,,,,,
1910-10-01,,,,,,
1910-11-01,,,,,,
1910-12-01,,,,,,
1911-01-01,,,,,,
1911-02-01,,,,,,
1911-03-01,,,,,,
1911-04-01,,,,,,
1911-05-01,,,,,,
1911-06-01,,,,,,
1911-07-01,,,,,,
1911-08-01,,,,,,
1911-09-01,,,,,,
1911-10-01,,,,,,
1911-11-01,,,,,,
1911-12-01,,,,,,
1912-01-01,,,,,,
1912-02-01,,,,,,
1912-03-01,,,,,,
1912-04-01,,,,,,
1912-05-01,,,,,,
1912-06-01,,,,,,
1912-07-01,,,,,,
1912-08-01,,,,,,
1912-09-01,,,,,,
1912-10-01,,,,,,
1912-11-01,,,,,,
1912-12-01,,,,,,
1913-01-01,,,,,,
1913-02-01,,,,,,
1913-03-01,,,,,,
1913-04-01,,,,,,
1913-05-01,,,,,,
1913-06-01,,,,,,
1913-07-01,,,,,,
1913-08-01,,,,,,
1913-09-01,,,,,,
1913-10-01,,,,,,
1913-11-01,,,,,,
1913-12-01,,,,,,
1914-01-01,,,,,,
1914-02-01,,,,,,
1914-03-01,,,,,,
1914-04-01,,,,,,
1914-05-01,,,,,,
1914-06-01,,,,,,
1914-07-01,,,,,,
1914-08-01,,,,,,
1914-09-01,,,,,,
1914-10-01,,,,,,
1914-11-01,,,,,,
1914-12-01,,,,,,
1915-01-01,,,,,,
1915-02-01,,,,,,
1915-03-01,,,,,,
1915-04-01,,,,,,
1915-05-01,,,,,,
1915-06-01,,,,,,
1915-07-01,,,,,,
1915-08-01,,,,,,
1915-09-01,,,,,,
1915-10-01,,,,,,
1915-11-01,,,,,,
1915-12-01,,,,,,
1916-01-01,,,,,,
1916-02-01,,,,,,
1916-03-01,,,,,,
1916-04-01,,,,,,
1916-05-01,,,,,,
1916-06-01,,,,,,
1916-07-01,,,,,,
1916-08-01,,,,,,
1916-09-01,,,,,,
1916-10-01,,,,,,
1916-11-01,,,,,,
1916-12-01,,,,,,
1917-01-01,,,,,,
1917-02-01,,,,,,
1917-03-01,,,,,,
1917-04-01,,,,,,
1917-05-01,,,,,,
1917-06-01,,,,,,
1917-07-01,,,,,,
1917-08-01,,,,,,
1917-09-01,,,,,,
1917-10-01,,,,,,
1917-11-01,,,,,,
1917-12-01,,,,,,
1918-01-01,,,,,,
1918-02-01,,,,,,
1918-03-01,,,,,,
1918-04-01,,,,,,
1918-05-01,,,,,,
1918-06-01,,,,,,
1918-07-01,,,,,,
1918-08-01,,,,,,
1918-09-01,,,,,,
1918-10-01,,,,,,
1918-11-01,,,,,,
1918-12-01,,,,,,
1919-01-01,,,,,,
1919-02-01,,,,,,
1919-03-01,,,,,,
1919-04-01,,,,,,
1919-05-01,,,,,,
1919-06-01,,,,,,
1919-07-01,,,,,,
1919-08-01,,,,,,
1919-09-01,,,,,,
1919-10-01,,,,,,
1919-11-01,,,,,,
1919-12-01,,,,,,
1920-01-01,,,,,,
1920-02-01,,,,,,
1920-03-01,,,,,,
1920-04-01,,,,,,
1920-05-01,,,,,,
1920-06-01,,,,,,
1920-07-01,,,,,,
1920-08-01,,,,,,
1920-09-01,,,,,,
1920-10-01,,,,,,
1920-11-01,,,,,,
1920-12-01,,,,,,
1921-01-01,,,,,,
1921-02-01,,,,,,
1921-03-01,,,,,,
1921-04-01,,,,,,
1921-05-01,,,,,,
1921-06-01,,,,,,
1921-07-01,,,,,,
1921-08-01,,,,,,
1921-09-01,,,,,,
1921-10-01,,,,,,
1921-11-01,,,,,,
1921-12-01,,,,,,
1922-01-01,,,,,,
1922-02-01,,,,,,
1922-03-01,,,,,,
1922-04-01,,,,,,
1922-05-01,,,,,,
1922-06-01,,,,,,
1922-07-01,,,,,,
1922-08-01,,,,,,
1922-09-01,,,,,,
1922-10-01,,,,,,
1922-11-01,,,,,,
1922-12-01,,,,,,
1923-01-01,,,,,,
1923-02-01,,,,,,
1923-03-01,,,,,,
1923-04-01,,,,,,
1923-05-01,,,,,,
1923-06-01,,,,,,
1923-07-01,,,,,,
1923-08-01,,,,,,
1923-09-01,,,,,,
1923-10-01,,,,,,
1923-11-01,,,,,,
1923-12-01,,,,,,
1924-01-01,,,,,,
1924-02-01,,,,,,
1924-03-01,,,,,,
1924-04-01,,,,,,
1924-05-01,,,,,,
1924-06-01,,,,,,
1924-07-01,,,,,,
1924-08-01,,,,,,
1924-09-01,,,,,,
1924-10-01,,,,,,
1924-11-01,,,,,,
1924-12-01,,,,,,
1925-01-01,,,,,,
1925-02-01,,,,,,
1925-03-01,,,,,,
1925-04-01,,,,,,
1925-05-01,,,,,,
1925-06-01,,,,,,
1925-07-01,,,,,,
1925-08-01,,,,,,
1925-09-01,,,,,,
1925-10-01,,,,,,
1925-11-01,,,,,,
1925-12-01,,,,,,
1926-01-01,,,,,,
1926-02-01,,,,,,
1926-03-01,,,,,,
1926-04-01,,,,,,
1926-05-01,,,,,,
1926-06-01,,,,,,
1926-07-01,,,,,,
1926-08-01,,,,,,
1926-09-01,,,,,,
1926-10-01,,,,,,
1926-11-01,,,,,,
1926-12-01,,,,,,
1927-01-01,,,,,,
1927-02-01,,,,,,
1927-03-01,,,,,,
1927-04-01,,,,,,
1927-05-01,,,,,,
1927-06-01,,,,,,
1927-07-01,,,,,,
1927-08-01,,,,,,
1927-09-01,,,,,,
1927-10-01,,,,,,
1927-11-01,,,,,,
1927-12-01,,,,,,
1928-01-01,,,,,,
1928-02-01,,,,,,
1928-03-01,,,,,,
1928-04-01,,,,,,
1928-05-01,,,,,,
1928-06-01,,,,,,
1928-07-01,,,,,,
1928-08-01,,,,,,
1928-09-01,,,,,,
1928-10-01,,,,,,
1928-11-01,,,,,,
1928-12-01,,,,,,
1929-01-01,,,,,,
1929-02-01,,,,,,
1929-03-01,,,,,,
1929-04-01,,,,,,
1929-05-01,,,,,,
1929-06-01,,,,,,
1929-07-01,,,,,,
1929-08-01,,,,,,
1929-09-01,,,,,,
1929-10-01,,,,,,
1929-11-01,,,,,,
1929-12-01,,,,,,
1930-01-01,,,,,,
1930-02-01,,,,,,
1930-03-01,,,,,,
1930-04-01,,,,,,
1930-05-01,,,,,,
1930-06-01,,,,,,
1930-07-01,,,,,,
1930-08-01,,,,,,
1930-09-01,,,,,,
1930-10-01,,,,,,
1930-11-01,,,,,,
1930-12-01,,,,,,
1931-01-01,,,,,,
1931-02-01,,,,,,
1931-03-01,,,,,,
1931-04-01,,,,,,
1931-05-01,,,,,,
1931-06-01,,,,,,
1931-07-01,,,,,,
1931-08-01,,,,,,
1931-09-01,,,,,,
1931-10-01,,,,,,
1931-11-01,,,,,,
1931-12-01,,,,,,
1932-01-01,,,,,,
1932-02-01,,,,,,
1932-03-01,,,,,,
1932-04-01,,,,,,
1932-05-01,,,,,,
1932-06-01,,,,,,
1932-07-01,,,,,,
1932-08-01,,,,,,
1932-09-01,,,,,,
1932-10-01,,,,,,
1932-11-01,,,,,,
1932-12-01,,,,,,
1933-01-01,,,,,,
1933-02-01,,,,,,
1933-03-01,,,,,,
1933-04-01,,,,,,
1933-05-01,,,,,,
1933-06-01,,,,,,
1933-07-01,,,,,,
1933-08-01,,,,,,
1933-09-01,,,,,,
1933-10-01,,,,,,
1933-11-01,,,,,,
1933-12-01,,,,,,
1934-01-01,,,,,,
1934-02-01,,,,,,
1934-03-01,,,,,,
1934-04-01,,,,,,
1934-05-01,,,,,,
1934-06-01,,,,,,
1934-07-01,,,,,,
1934-08-01,,,,,,
1934-09-01,,,,,,
1934-10-01,,,,,,
1934-11-01,,,,,,
1934-12-01,,,,,,
1935-01-01,,,,,,
1935-02-01,,,,,,
1935-03-01,,,,,,
1935-04-01,,,,,,
1935-05-01,,,,,,
1935-06-01,,,,,,
1935-07-01,,,,,,
1935-08-01,,,,,,
1935-09-01,,,,,,
1935-10-01,,,,,,
1935-11-01,,,,,,
1935-12-01,,,,,,
1936-01-01,,,,,,
1936-02-01,,,,,,
1936-03-01,,,,,,
1936-04-01,,,,,,
1936-05-01,,,,,,
1936-06-01,,,,,,
1936-07-01,,,,,,
1936-08-01,,,,,,
1936-09-01,,,,,,
1936-10-01,,,,,,
1936-11-01,,,,,,
1936-12-01,,,,,,
1937-01-01,,,,,,
1937-02-01,,,,,,
1937-03-01,,,,,,
1937-04-01,,,,,,
1937-05-01,,,,,,
1937-06-01,,,,,,
1937-07-01,,,,,,
1937-08-01,,,,,,
1937-09-01,,,,,,
1937-10-01,,,,,,
1937-11-01,,,,,,
1937-12-01,,,,,,
1938-01-01,,,,,,
1938-02-01,,,,,,
1938-03-01,,,,,,
1938-04-01,,,,,,
1938-05-01,,,,,,
1938-06-01,,,,,,
1938-07-01,,,,,,
1938-08-01,,,,,,
1938-09-01,,,,,,
1938-10-01,,,,,,
1938-11-01,,,,,,
1938-12-01,,,,,,
1939-01-01,,,,,,
1939-02-01,,,,,,
1939-03-01,,,,,,
1939-04-01,,,,,,
1939-05-01,,,,,,
1939-06-01,,,,,,
1939-07-01,,,,,,
1939-08-01,,,,,,
1939-09-01,,,,,,
1939-10-01,,,,,,
1939-11-01,,,,,,
1939-12-01,,,,,,
1940-01-01,,,,,,
1940-02-01,,,,,,
1940-03-01,,,,,,
1940-04-01,,,,,,
1940-05-01,,,,,,
1940-06-01,,,,,,
1940-07-01,,,,,,
1940-08-01,,,,,,
1940-09-01,,,,,,
1940-10-01,,,,,,
1940-11-01,,,,,,
1940-12-01,,,,,,
1941-01-01,,,,,,
1941-02-01,,,,,,
1941-03-01,,,,,,
1941-04-01,,,13500.5753494599,,,
1941-05-01,,,2405.65860219165,,,
1941-06-01,,,1676.76587939828,,,
1941-07-01,,,1894.31454290766,,,
1941-08-01,,,3254.04338236712,,,
1941-09-01,,,324.505139577162,,,
1941-10-01,,,10835.1771375227,,,
1941-11-01,,,4361.16586028397,,,
1941-12-01,,,36510.1210068941,,,
1942-01-01,,,11479.5392108537,,,
1942-02-01,,,9531.98529372322,,,
1942-03-01,,,6194.59874865097,,,
1942-04-01,,,10695.7159661849,,,
1942-05-01,,,9036.13803657117,,,
1942-06-01,,,864.467257782375,,,
1942-07-01,,,552.500540610225,,,
1942-08-01,,,1007.93300455066,,,
1942-09-01,,,594.656092330485,,,
1942-10-01,,,1730.5873403525,,,
1942-11-01,,,13036.2620243507,,,
1942-12-01,,,10945.9743157258,,,
1943-01-01,,,38880.5777421191,,,
1943-02-01,,,7828.20448249217,,,
1943-03-01,,,25198.9091918354,,,
1943-04-01,,,6048.08086470435,,,
1943-05-01,,,1040.25655251426,,,
1943-06-01,,,3275.87260688235,,,
1943-07-01,,,2216.94500687631,,,
1943-08-01,,,299.13173967822,,,
1943-09-01,,,1146.72476365473,,,
1943-10-01,,,5466.43243662593,,,
1943-11-01,,,8794.7469444609,,,
1943-12-01,,,12207.1052554018,,,
1944-01-01,,,14750.035615652,,,
1944-02-01,,,15818.0807810134,,,
1944-03-01,,,6128.86426186049,,,
1944-04-01,,,6030.26993088441,,,
1944-05-01,,,3236.10181130591,,,
1944-06-01,,,2753.93617838435,,,
1944-07-01,,,377.769374324152,,,
1944-08-01,,,287.62619420738,,,
1944-09-01,,,598.563042385432,,,
1944-10-01,,,5119.77404632102,,,
1944-11-01,,,19444.5627948258,,,
1944-12-01,,,8311.1414190441,,,
1945-01-01,,,1739.89969208602,,,
1945-02-01,,,26172.2144288854,,,
1945-03-01,,,18716.2703223031,,,
1945-04-01,,,1589.28826131435,,,
1945-05-01,,,6946.89073242994,,,
1945-06-01,,,5384.758701258,,,
1945-07-01,,,2225.92037022247,,,
1945-08-01,,,2829.59575153318,,,
1945-09-01,,,1027.32802762538,,,
1945-10-01,,,11997.6844241302,,,
1945-11-01,,,7990.14928203641,,,
1945-12-01,,,25232.6526797301,,,
1946-01-01,,,3034.92351536586,,,
1946-02-01,,,6544.78200318262,,,
1946-03-01,,,18944.8226939354,,,
1946-04-01,,,901.86998448937,,,
1946-05-01,,,6081.01166259741,,,
1946-06-01,,,303.956783640287,,,
1946-07-01,,,5567.33908158431,,,
1946-08-01,,,351.24571080694,,,
1946-09-01,,,2141.95927271123,,,
1946-10-01,,,7779.25672530956,,,
1946-11-01,,,26622.4618258504,,,
1946-12-01,,,21598.6547143861,,,
1947-01-01,,,2707.2656240133,,,
1947-02-01,,,6684.32597064525,,,
1947-03-01,,,6007.37066307927,,,
1947-04-01,,,3538.91821659011,,,
1947-05-01,,,5052.634182869,,,
1947-06-01,,,1377.785543682,,,
1947-07-01,,,287.68147048256,,,
1947-08-01,,,625.149214014325,,,
1947-09-01,,,1188.11485036137,,,
1947-10-01,,,7158.23515770845,,,
1947-11-01,,,3257.99754976426,,,
1947-12-01,,,6903.34350774376,,,
1948-01-01,,,2051.54195786328,,,
1948-02-01,,,7459.75707491774,,,
1948-03-01,,,11121.0324029698,,,
1948-04-01,,,12093.5284331373,,,
1948-05-01,,,9180.59563811113,,,
1948-06-01,,,3436.54853152534,,,
1948-07-01,,,296.17085031667,,,
1948-08-01,,,353.531830932175,,,
1948-09-01,,,488.97172309815,,,
1948-10-01,,,4393.07897334188,,,
1948-11-01,,,1015.54599277001,,,
1948-12-01,,,19099.1061810503,,,
1949-01-01,,,18743.9463397991,,,
1949-02-01,,,7706.0868656557,,,
1949-03-01,,,12648.878456184,,,
1949-04-01,,,1098.3354532532,,,
1949-05-01,,,10105.3818815967,,,
1949-06-01,,,523.908470256325,,,
1949-07-01,,,471.219226321155,,,
1949-08-01,,,1267.2443239125,,,
1949-09-01,,,360.927685349595,,,
1949-10-01,,,542.07152056928,,,
1949-11-01,,,8450.59867489344,,,
1949-12-01,,,6557.19128084362,,,
1950-01-01,,29701.5187713799,16385.7560911679,,,
1950-02-01,,9765.95136618812,6798.2649761065,,,
1950-03-01,,9830.2654840449,7814.81460281982,,,
1950-04-01,,8678.025934525,6845.36686555138,,,
1950-05-01,,4494.19383895985,3039.06297351466,,,
1950-06-01,,2673.37671207003,1038.200709995,,,
1950-07-01,,3608.70101554471,2832.68568805654,,,
1950-08-01,,666.029430288405,529.250809684388,,,
1950-09-01,,8454.64675521847,3420.3093011745,,,
1950-10-01,,11375.0159890473,10125.11654583,,,
1950-11-01,,20837.8379930619,22569.021923481,,,
1950-12-01,,15789.8318856699,22803.6553892747,,,
1951-01-01,,14941.675872403,12335.7809927149,,,
1951-02-01,,3372.81808735926,10204.1991206815,,,
1951-03-01,,3819.52673687388,3274.24100989248,,,
1951-04-01,,9146.06478254294,9080.26592335276,,,
1951-05-01,,2946.98809113891,3569.08533008937,,,
1951-06-01,,2772.40230056164,2784.93547739411,,,
1951-07-01,,2525.7095539695,1638.37002405422,,,
1951-08-01,,3257.43476360434,1287.37656419762,,,
1951-09-01,,311.046114663668,344.301417662475,,,
1951-10-01,,4319.06327335689,6739.67536204983,,,
1951-11-01,,11378.9175401743,13214.0400982595,,,
1951-12-01,,25182.0415277588,30638.2042710758,,,
1952-01-01,,29569.543410705,33037.6394404835,,,
1952-02-01,,6975.7180931715,5448.68112783,,,
1952-03-01,,21741.9181194739,18938.9614453687,,,
1952-04-01,,7371.76653169762,13756.7192932755,,,
1952-05-01,,1599.28629109256,1093.78366936653,,,
1952-06-01,,4104.30308027593,2188.92532450563,,,
1952-07-01,,10499.0098576484,8135.48093830873,,,
1952-08-01,,1421.5760277496,1498.63807916375,,,
1952-09-01,,2797.37849053362,2356.86708157051,,,
1952-10-01,,941.362671725032,549.045238509533,,,
1952-11-01,,6167.44275355992,5766.96753952992,,,
1952-12-01,,27476.0193158718,24924.6380903917,,,
1953-01-01,,11456.5547123742,9169.66366714905,,,
1953-02-01,,1777.88410347168,682.49800934976,,,
1953-03-01,,8147.2756839631,6315.38015214824,,,
1953-04-01,,5751.13954768369,6607.37670905311,,,
1953-05-01,,5234.07110099471,8565.12762303782,,,
1953-06-01,,3399.66587839854,7867.6000037421,,,
1953-07-01,,1808.79084323154,1187.58206897595,,,
1953-08-01,,1849.70428264401,1359.48938052252,,,
1953-09-01,,1083.78797263591,388.826251495643,,,
1953-10-01,,4335.2288319936,2394.294896016,,,
1953-11-01,,5689.46996892614,5957.0468993455,,,
1953-12-01,,4297.3454366671,4707.46800426964,,,
1954-01-01,,18149.0667557019,20935.0366312561,,,
1954-02-01,,13479.8480447764,14931.8703312979,,,
1954-03-01,,18725.7534329916,18544.0597242888,,,
1954-04-01,,1820.59517510032,4761.31914716158,,,
1954-05-01,,965.16258325272,2352.93894906123,,,
1954-06-01,,2929.60989458826,7119.30640595616,,,
1954-07-01,,2322.41649598725,1234.45590077535,,,
1954-08-01,,422.817416832645,284.444983770735,,,
1954-09-01,,594.11324464437,544.794086784938,,,
1954-10-01,,93.8010523887,277.84539686514,,,
1954-11-01,,9094.3807259025,8350.45554405,,,
1954-12-01,,11879.2772755877,14275.8356172645,,,
1955-01-01,,13329.9556708286,15417.6293387069,,,
1955-02-01,,7800.8032736907,7586.0815908384,,,
1955-03-01,,2025.34257181433,1866.76444891566,,,
1955-04-01,,10188.2242448354,6455.50396941948,,,
1955-05-01,,6580.51513823865,8111.3974453701,,,
1955-06-01,,1219.84122423364,686.018344464765,,,
1955-07-01,,3062.44428424575,1517.24884430495,,,
1955-08-01,,863.503067226975,569.416519062127,,,
1955-09-01,,3507.77042650765,1988.31752972925,,,
1955-10-01,,553.335643821645,477.597236271195,,,
1955-11-01,,4405.9106085183,5500.69565565324,,,
1955-12-01,,47683.0931687144,40356.535181593,,,
1956-01-01,,16969.7614683113,21234.6927184235,,,
1956-02-01,,8384.42096442247,3931.1995735877,,,
1956-03-01,,804.64532163582,546.90807354456,,,
1956-04-01,,10942.4750978839,11392.4547583259,,,
1956-05-01,,5272.06771511931,10997.1668074674,,,
1956-06-01,,54.632276249475,556.462264007213,,,
1956-07-01,,5325.11597297484,3498.06127504344,,,
1956-08-01,,828.31152424254,353.000998306822,,,
1956-09-01,,1307.66077417437,1655.17473252078,,,
1956-10-01,,6817.65738791138,8461.59962787765,,,
1956-11-01,,544.96084789062,523.499980927612,,,
1956-12-01,,2580.68174509398,2776.52991670186,,,
1957-01-01,,14128.4491371935,13583.0429358031,,,
1957-02-01,,11470.0627483018,8443.30619913795,,,
1957-03-01,,8007.32556554532,6945.01349882763,,,
1957-04-01,,6206.72595127516,6153.73709810752,,,
1957-05-01,,18333.6874447032,13722.3226095251,,,
1957-06-01,,941.228184291428,1665.71471090281,,,
1957-07-01,,1018.2777506625,830.5306391814,,,
1957-08-01,,1112.04358731448,602.272393722975,,,
1957-09-01,,3422.31218486587,2631.47856107212,,,
1957-10-01,,4628.10224009247,5558.31096112269,,,
1957-11-01,,7316.0101990791,5102.01105515016,,,
1957-12-01,,10437.382890084,16630.9540880842,,,
1958-01-01,6614.15420739426,9571.66221331155,12359.1384903433,,,
1958-02-01,10425.5884182808,25624.2802850098,17293.2317554365,,,
1958-03-01,9043.52762518362,26876.1631170422,20598.873073246,,,
1958-04-01,5463.60208428352,19803.9104451893,13128.3137969358,,,
1958-05-01,2866.37844548476,1742.22228884435,5185.5684509055,,,
1958-06-01,3696.5689678796,2311.17461711425,4940.69850274161,,,
1958-07-01,2508.47168000016,3538.54587174042,2763.36690655782,,,
1958-08-01,2612.23081099071,6558.21099794973,3030.90581309187,,,
1958-09-01,3570.41853012372,1251.02682927916,3485.09790620841,,,
1958-10-01,177.713892916538,401.92991506116,733.316275610685,,,
1958-11-01,2167.09159921905,4152.46508305262,3952.32034647429,,,
1958-12-01,2184.0000016128,3156.0217088736,4590.6282933504,,,
1959-01-01,5726.2690038192,11589.7247462978,10172.0952674973,,,
1959-02-01,11964.8544438851,30903.7367457732,21154.9352611141,,,
1959-03-01,577.4690958786,2439.40813812825,1566.0605239095,,,
1959-04-01,1213.64490379347,1217.56050318395,2749.37165887549,,,
1959-05-01,1695.27396335184,6183.51677532864,3524.702201232,,,
1959-06-01,79.38854956242,805.12073564103,399.02345646732,,,
1959-07-01,349.715795643795,2848.13850374707,716.472499335705,,,
1959-08-01,942.669948112185,1757.3763429854,959.062345943273,,,
1959-09-01,6982.41611577904,5861.24901274684,5521.51648687643,,,
1959-10-01,16.6635832104,1049.06670093225,303.2194841403,,,
1959-11-01,0,5.33961589113,283.39203224907,,,
1959-12-01,1976.36512598703,5553.25733846211,4106.32700009322,,,
1960-01-01,4781.02579219818,9043.91642885052,8710.96373934513,,,
1960-02-01,8121.77834295073,15934.6853890453,13483.7457290101,,,
1960-03-01,2967.59900005642,5205.09155340225,6588.66730533472,,,
1960-04-01,2111.5057658723,3253.61622802047,4802.69252565434,,,
1960-05-01,478.7247130173,1032.83975880444,1115.18715562191,,,
1960-06-01,68.1813623261925,1038.13124341376,374.297600247442,,,
1960-07-01,1552.4394245955,6740.27284540071,2250.72865097913,,,
1960-08-01,0,945.3499357764,267.0144525867,,,
1960-09-01,605.19667962156,2060.67541083354,813.90298431822,,,
1960-10-01,999.805811720025,3085.57211515543,2701.67716266148,,,
1960-11-01,11896.7753278139,15490.8477074356,19489.321367078,,,
1960-12-01,3684.9359577681,4968.60290884062,7271.54277008586,,,
1961-01-01,2948.68586573077,2138.19018007762,5859.40811555045,,,
1961-02-01,2356.75975240367,4917.66852065345,4084.01202494157,,,
1961-03-01,3453.5563887645,9297.89868109219,8145.87881366044,,,
1961-04-01,1102.08997239768,4370.4186703278,2694.79582998065,,,
1961-05-01,3689.30080063783,7611.43174827039,6479.91264160404,,,
1961-06-01,1206.37505038076,3892.99044783244,1749.13439747516,,,
1961-07-01,3322.80981733452,4384.98501242475,3940.95614716497,,,
1961-08-01,6216.495907382,11981.267298273,5343.85127279685,,,
1961-09-01,1538.53625148166,2569.56626326093,1592.77185412206,,,
1961-10-01,515.530760875943,4407.44188690826,1304.73200564918,,,
1961-11-01,5124.66779449716,9639.31034631289,7905.9029926633,,,
1961-12-01,4672.6749018398,8272.94797942799,9013.39326907339,,,
1962-01-01,3836.82786055007,9384.56595313918,7856.26666506213,,,
1962-02-01,21902.5630938788,35518.4663549708,38768.0787972948,,,
1962-03-01,4016.59727642018,11117.1546297365,9972.22425474581,,,
1962-04-01,342.879561713708,1479.86546529038,963.079513206555,,,
1962-05-01,3417.1052815752,7655.84816229947,7613.57464296776,,,
1962-06-01,1132.57638204148,5017.22804358883,1978.10349784436,,,
1962-07-01,3652.14674569122,5212.11856396266,4615.49653787754,,,
1962-08-01,1701.60178637231,458.668547208187,1727.27829921694,,,
1962-09-01,1298.43330766728,1889.23322878152,1539.43885878564,,,
1962-10-01,2355.736218165,5889.295139112,5299.892490282,,,
1962-11-01,785.70026447787,2014.87454822832,1412.05917572631,,,
1962-12-01,2026.81333429322,1355.65629830733,3676.28371870818,,,
1963-01-01,9419.46073799641,20296.6554230423,19638.1440222072,,,
1963-02-01,10408.4170851364,11475.2138083755,18931.5066223509,,,
1963-03-01,4192.37059473214,14871.958371889,9482.78164504552,,,
1963-04-01,5148.377954043,17093.4103909078,11618.4208656499,,,
1963-05-01,3982.21673310885,7685.9374163964,7379.13611066895,,,
1963-06-01,4212.93562208802,8299.26939705956,6392.56710907498,,,
1963-07-01,0,235.577399279385,254.86953599478,,,
1963-08-01,1315.2767730009,1322.7853010781,1675.8237943833,,,
1963-09-01,3047.11298418119,3513.92607000058,3504.55010736889,,,
1963-10-01,2112.5935695183,3745.52573207598,4398.50702782215,,,
1963-11-01,9628.68074038894,14726.0908449189,14133.5117068031,,,
1963-12-01,743.574999511365,1318.61195145319,1562.54696909273,,,
1964-01-01,3568.28693002593,9538.33882919743,6827.80107533905,,,
1964-02-01,137.10660168543,1177.76588468058,531.065882935185,,,
1964-03-01,2627.2191988785,5870.91915048863,6084.10953787631,,,
1964-04-01,1314.37359903412,4241.72962568608,3401.37438405667,,,
1964-05-01,4960.4979853451,6566.85969629225,9750.49819815228,,,
1964-06-01,3005.99080822852,2011.43290258092,3684.11170557963,,,
1964-07-01,910.800639644318,1200.11863945397,1436.08145365209,,,
1964-08-01,3108.45853959966,4278.96751077572,2765.60079554793,,,
1964-09-01,596.202247260583,355.817694579417,738.000924059667,,,
1964-10-01,2710.08527662455,3853.05576626934,5823.56531606807,,,
1964-11-01,6781.63230284253,11623.1526628547,9393.85422922605,,,
1964-12-01,17310.9814410008,25417.9211106618,31136.2237911407,,,
1965-01-01,6177.00936817378,19872.8409417909,12344.6321048099,,,
1965-02-01,1472.7363642027,1536.00444320182,2463.51236589471,,,
1965-03-01,2367.15158820805,2132.20650978909,5705.13752154939,,,
1965-04-01,5316.66142134562,8021.59342455504,14258.3351314026,,,
1965-05-01,886.604849192242,4432.20546317341,2042.56228080616,,,
1965-06-01,1980.98521418139,9218.25623249207,3202.17645787452,,,
1965-07-01,3018.02235425082,6497.05830679495,3584.06680543725,,,
1965-08-01,8153.98647639417,9028.72322343167,7245.30801086633,,,
1965-09-01,909.82506865072,2517.08483053859,1236.19963471957,,,
1965-10-01,427.49796771362,132.212601156573,1003.35638385749,,,
1965-11-01,17319.8743113279,24374.063895861,27823.0420882443,,,
1965-12-01,10842.1923439278,15614.1128305369,21682.1342359167,,,
1966-01-01,1588.83382994056,3877.13101601345,3096.35285524637,,,
1966-02-01,2282.67419261455,4907.21291664096,3676.64502100828,,,
1966-03-01,461.29176083094,1488.26020292161,1291.56333257852,,,
1966-04-01,922.006902497177,2287.88926883826,2227.69764310192,,,
1966-05-01,1604.15990532309,1926.85288441792,3380.43455003792,,,
1966-06-01,654.828828331748,2076.72670406836,1038.54764510773,,,
1966-07-01,1423.41285215346,2122.73617986293,1148.82723169864,,,
1966-08-01,586.165231777535,2482.34669896469,785.431126077258,,,
1966-09-01,2210.11186294112,2145.44554041159,2639.63462271544,,,
1966-10-01,0,172.898588985287,247.907591078669,,,
1966-11-01,6413.88067126534,12248.7853111933,9266.76339511079,,,
1966-12-01,15762.4780015404,20207.0219601574,31014.5343446919,,,
1967-01-01,9345.53920734039,24227.7238455839,18377.0573679358,,,
1967-02-01,965.70814936104,1933.9312518657,1918.75410857952,,,
1967-03-01,6702.90021558846,23555.513070692,15510.9803930732,,,
1967-04-01,8913.04704144946,12226.2615149299,20477.9806535674,,,
1967-05-01,1916.81662901736,2310.82560373115,3504.93988805433,,,
1967-06-01,3914.25123168744,1835.48582937561,4845.31354559353,,,
1967-07-01,1768.25969678853,1349.46708849842,2574.58971890775,,,
1967-08-01,1993.51399500295,3557.80612197614,1804.69048678734,,,
1967-09-01,2947.47817434741,6517.41874601697,3395.90183824167,,,
1967-10-01,192.93837362676,677.11173729615,598.46818509036,,,
1967-11-01,3676.70880995864,7732.28534344357,5851.54928041337,,,
1967-12-01,4755.75682850766,10100.4691108797,8503.19907254063,,,
1968-01-01,4051.51912136558,8211.27398739174,7857.24639385733,,,
1968-02-01,5657.41071819352,6062.22557078491,10262.9157901828,,,
1968-03-01,2772.89786876673,5415.52062184558,6846.10688922487,,,
1968-04-01,889.567109846657,1250.72241682265,2414.86276989416,,,
1968-05-01,2455.9525916567,3071.95241888041,4903.1302253685,,,
1968-06-01,1324.78511271808,3080.71504687011,1951.79708204459,,,
1968-07-01,1139.12902537964,3394.54697648747,1744.97355432442,,,
1968-08-01,3087.6749648458,1317.18635766017,2706.49864949959,,,
1968-09-01,97.23594846822,577.908954295973,364.40261923064,,,
1968-10-01,2622.11328921786,1837.63785845688,5389.86335686256,,,
1968-11-01,5340.79317484568,6323.65327073647,7407.38516593463,,,
1968-12-01,9958.98179847411,16462.3601712537,17565.0094287954,,,
1969-01-01,24293.201309779,45806.8620573528,48401.3604019095,,,
1969-02-01,15862.4394517177,30477.5545876326,28358.9925390551,,,
1969-03-01,2914.59067591146,5262.14761371533,7066.14213637605,,,
1969-04-01,2471.14790625552,5082.82905454604,5442.04793993198,,,
1969-05-01,848.981616751575,979.882911197839,1965.67065156011,,,
1969-06-01,4945.46944373149,6577.13785277951,7047.8345211957,,,
1969-07-01,2488.54904393644,2263.64596911318,2490.50806054364,,,
1969-08-01,240.991616713667,820.038520500667,453.856866035333,,,
1969-09-01,636.670569791233,674.718881026573,890.61659918517,,,
1969-10-01,2647.5107527375,3189.00435315567,5376.49058197117,,,
1969-11-01,2728.17320954814,2647.57011804472,4345.24065184561,,,
1969-12-01,7369.11483520472,10880.603956408,14140.5572962302,,,
1970-01-01,12688.206107897,17973.424807106,24061.4910627941,,,
1970-02-01,3135.90598553129,5677.52290428957,5536.50179495703,,,
1970-03-01,2834.14902012951,6121.59891993223,6460.17973568768,,,
1970-04-01,1658.60300393013,3579.98632630399,4416.94618111681,,,
1970-05-01,46.8338597664,386.169370307,347.779157311133,,,
1970-06-01,6202.43572445011,5032.32358587382,7968.4619540948,,,
1970-07-01,763.305734021553,3642.26326170509,1417.0428080543,,,
1970-08-01,1020.87569619958,326.12276540394,1210.84803233668,,,
1970-09-01,58.4648175626158,168.754656909355,313.187079631717,,,
1970-10-01,370.050551273615,1803.1620811314,851.362491181342,,,
1970-11-01,10472.7534549361,16285.463460966,16296.0328790591,,,
1970-12-01,9345.8056780267,19258.3035815831,16584.8551232587,,,
1971-01-01,2886.96536277846,7227.76270168894,6091.3890209825,,,
1971-02-01,1365.07201708115,3073.7972803851,2603.1293513576,,,
1971-03-01,2771.3700075696,10110.8917115421,6660.34939981792,,,
1971-04-01,1187.85208539872,4555.53232411509,3180.92157981365,,,
1971-05-01,6842.56161083234,10652.3214241699,12523.215943985,,,
1971-06-01,817.51184252406,1114.64779654996,1300.35512989529,,,
1971-07-01,1099.91060837659,2797.56501574563,1650.13852598835,,,
1971-08-01,2869.21218639753,2109.7994780379,2854.95213702694,,,
1971-09-01,1397.8784704736,1170.31758963139,1415.44169847837,,,
1971-10-01,1989.8822618656,2817.71157628457,5359.45014121973,,,
1971-11-01,5889.30687853444,7189.51910021823,9161.45604641874,,,
1971-12-01,13992.7753814916,24380.5957764811,27429.8610115954,,,
1972-01-01,1281.61504697148,3172.79904862703,2418.61414966022,,,
1972-02-01,1668.08179079267,1614.90544716053,2791.08381644822,,,
1972-03-01,62.3124274386075,500.56291837009,395.096631813515,,,
1972-04-01,1852.53160439027,4427.21144364424,4207.96916321944,,,
1972-05-01,811.028606317187,2121.39681262446,1798.48157113939,,,
1972-06-01,3679.88029599123,4390.92467850389,4981.96837473281,,,
1972-07-01,719.354274954505,1075.17000522776,952.05647612279,,,
1972-08-01,1928.80044423534,2541.02586653994,1672.47595247226,,,
1972-09-01,2915.1062876033,3839.7840741169,3004.93236742825,,,
1972-10-01,2512.5828102414,8782.74855696,6432.0191820945,,,
1972-11-01,6611.00226282336,10898.2485515497,9539.12581611939,,,
1972-12-01,4822.98245402647,8664.46542472046,8695.16479561718,,,
1973-01-01,7441.01957938598,16408.7725948833,15264.5564198175,,,
1973-02-01,10731.844132036,18548.7037762106,18353.3380184272,,,
1973-03-01,5283.2170903571,8714.02677843388,13155.6725698479,,,
1973-04-01,612.814209746,1511.28468328465,1768.76875501935,,,
1973-05-01,1048.58067176472,2064.11187164802,2046.48145685634,,,
1973-06-01,1402.8256786545,2368.4260989054,2027.0563377718,,,
1973-07-01,107.69845163573,2714.67181877942,406.097691091265,,,
1973-08-01,2058.13996405925,6142.42076027543,1932.51877794381,,,
1973-09-01,101.342031956302,41.9331041385225,313.094266289955,,,
1973-10-01,2588.25367643548,4192.32685151522,5115.94173426024,,,
1973-11-01,9072.47875268652,14627.1722156545,14078.2446821868,,,
1973-12-01,7710.81222670787,11767.2348434821,13699.5519949862,,,
1974-01-01,6569.59030559,15100.713992585,12991.8873015912,,,
1974-02-01,1042.73174358375,1771.73618716573,1805.42947948721,,,
1974-03-01,4916.25776130063,22044.3086497774,11246.1876168169,,,
1974-04-01,2547.75050880251,5208.26384670056,5880.8483405697,,,
1974-05-01,300.69069061428,1363.07467131579,736.933208406017,,,
1974-06-01,33.5339255338083,525.461492944158,272.184651446358,,,
1974-07-01,7173.36312063456,2960.10800344667,7865.61757195406,,,
1974-08-01,713.291902358317,2433.75010906322,1002.37595270952,,,
1974-09-01,14.5276251368,169.74257846485,238.944365057967,,,
1974-10-01,3877.70134091254,5375.33595741332,9125.18283201332,,,
1974-11-01,5704.3295699644,3890.173384754,10072.0004665792,,,
1974-12-01,4832.3085642864,11394.0455860307,9376.33783468312,,,
1975-01-01,2676.5440678758,3721.64992880256,5127.81188632608,,,
1975-02-01,8048.1270337107,23064.0087953958,13256.1784559455,,,
1975-03-01,7357.93798458442,20525.4372033197,18692.6089268311,,,
1975-04-01,3120.9971819117,8945.6100016441,7407.50872786372,,,
1975-05-01,953.19525822982,2938.55873373932,2059.1589197899,,,
1975-06-01,853.27907763292,2134.25044872442,1353.64576679676,,,
1975-07-01,267.30092750112,1403.3479306064,520.4373815984,,,
1975-08-01,7105.06964684719,3063.75026727256,5819.42227624711,,,
1975-09-01,1674.80065847684,4157.21122022492,2133.14189157486,,,
1975-10-01,3768.50783517388,7324.38442709251,7272.70502041723,,,
1975-11-01,1686.51975793532,1751.50910613589,2812.85310906605,,,
1975-12-01,992.84682672409,1114.24457976927,2169.90834916929,,,
1976-01-01,855.67746466072,759.808373123312,2171.50160722859,,,
1976-02-01,8027.31608461732,9292.33434128838,14477.6730746921,,,
1976-03-01,2064.23564598568,4119.23658758082,5173.52412779266,,,
1976-04-01,1706.78554454694,4439.39193488407,4515.88596311107,,,
1976-05-01,1055.82052343401,4327.40438816545,2362.58817496612,,,
1976-06-01,1690.43253025617,1765.00686814503,2504.0841002569,,,
1976-07-01,3558.09603503665,7104.26572849687,4543.63032203307,,,
1976-08-01,8678.53475417199,3588.67958211089,7298.78906405707,,,
1976-09-01,5689.45654791608,5727.7848161062,5661.85324680492,,,
1976-10-01,1471.55687878199,1390.94221666205,3318.60499627995,,,
1976-11-01,1272.69832090936,1299.95308337611,1895.51551640387,,,
1976-12-01,652.976726415706,1058.95584605618,1165.8232730527,,,
1977-01-01,2899.26403653094,6129.68248626812,6301.37965638558,,,
1977-02-01,1638.21935924661,3774.90875042992,3090.90063348241,,,
1977-03-01,1218.45596129404,4147.02069780685,3001.44578640364,,,
1977-04-01,159.48192497642,1037.33057133458,636.050545517573,,,
1977-05-01,5133.0540643805,7980.49505872686,9788.17668490083,,,
1977-06-01,5345.21666464468,4997.46746988757,7820.0294998901,,,
1977-07-01,321.563908413833,856.403852317338,686.587087122446,,,
1977-08-01,1163.53070432939,1960.63349703109,1320.25724045763,,,
1977-09-01,401.70435650128,1318.29487454456,532.36379623804,,,
1977-10-01,218.04703777029,1431.58052982966,683.50223688089,,,
1977-11-01,3254.16380373931,5679.21702159108,4851.38829465895,,,
1977-12-01,10728.0815576207,18843.5295239164,19819.9490006527,,,
1978-01-01,10186.8711031984,18336.653440267,20414.8073261794,,,
1978-02-01,11593.5169694059,17916.7576999856,20490.449832419,,,
1978-03-01,7507.68897784032,12261.9104675977,18787.8498964652,,,
1978-04-01,4496.18102817173,9799.66852650927,10381.4194655005,,,
1978-05-01,121.021120729151,545.169112590428,475.950026949798,,,
1978-06-01,252.1138673334,1107.1002134832,535.3182812132,,,
1978-07-01,508.59992097294,467.46091335528,765.68895069288,,,
1978-08-01,786.74771528704,1092.63267747712,839.33238623936,,,
1978-09-01,8547.19273707705,7890.9672927648,7729.74403270805,,,
1978-10-01,925.043218933442,1595.92538394517,2673.48405218205,,,
1978-11-01,4329.06593798717,5419.5516980198,6534.51289740645,,,
1978-12-01,3955.92858634757,6091.6484779996,7952.26639275172,,,
1979-01-01,8328.30697141327,11288.9485841698,15476.261929948,,,11313.726892606
1979-02-01,7231.22714799947,9552.52206916636,11825.076824738,,,7596.52888317057
1979-03-01,4431.26521613439,8097.26054673301,10916.6937569804,,,6910.05600464373
1979-04-01,729.24232877472,1574.59385893872,1954.05605085992,,,908.90477997616
1979-05-01,1130.69884110497,1366.29417020778,2171.14518042188,,,1010.59225311083
1979-06-01,186.211113841335,127.385775052635,508.743315100845,,,5.4713673399
1979-07-01,3457.46147518557,1877.50539918727,4313.75774596982,,,666.617422210025
1979-08-01,1124.28372961045,2869.38031802598,1366.82456711242,,,269.916400776733
1979-09-01,199.525470680177,249.37539421137,468.453596607223,,,195.344308470343
1979-10-01,1622.7250284725,2689.81352116895,3313.01953114022,,,2677.41741301665
1979-11-01,2895.86087910736,3943.00731988975,4112.63574070912,,,3525.91340460151
1979-12-01,4219.14555712487,11516.5333672473,7598.30017551928,,,7649.72221019801
1980-01-01,12497.9604973752,14894.3776484323,24485.3161363806,12985.3569255995,3079.61424008084,19355.1585828657
1980-02-01,10000.5546606923,18654.5321411296,17294.1559481051,12479.7830206691,5298.62040298864,20734.8258310927
1980-03-01,3369.00586148357,6328.82100675608,8312.68629272176,7137.26115462736,5508.04754524291,5249.02144445755
1980-04-01,1505.1370082503,5617.76895359705,4355.99893917243,4497.89122869988,4264.38455425721,2606.5661690012
1980-05-01,2841.10999126867,5349.83780640469,5404.8484558376,9486.67081680257,7534.47319009872,4083.83422812618
1980-06-01,142.059525652467,956.680049454745,359.493134753252,1023.71976930415,583.243743457568,76.5246948248475
1980-07-01,1466.24247859853,2102.32220165326,1745.49424326117,1984.43924659885,1972.66454083372,497.377554502354
1980-08-01,179.07131383218,1539.34968851767,340.54667119088,322.646294359107,2046.10010855969,0
1980-09-01,1651.05127793953,1753.52535199188,2143.38794760283,1226.68825033755,5252.09688370098,1361.44428240975
1980-10-01,473.142605989107,1317.38618432354,1204.42061474091,1709.96809239952,1420.00550600711,696.753205992333
1980-11-01,2397.20846034727,2308.72913771098,4422.34818410655,1585.05255602727,341.48057410508,2585.62709998364
1980-12-01,3095.83826945017,5520.18465474971,6221.33895811447,5085.85524260464,774.436102516533,5908.73894094269
1981-01-01,7055.34761682909,11462.9149054474,13787.5626508851,6769.53866340969,1880.2899124356,9843.71742025853
1981-02-01,2696.46819994552,3799.50500658395,4803.9045707286,2603.09286362459,1041.66412590907,4015.183671162
1981-03-01,5037.02300822648,11259.9628124875,12260.95594126,11530.2376567204,9440.92349544635,10673.0334
1981-04-01,1770.06985526205,2003.32367266056,5042.39232905192,3289.37781905712,2802.1186234604,2208.65200269789
1981-05-01,1860.3802767147,5141.18054750692,3983.60263328085,4792.27262930708,2609.26011375664,2879.56732666568
1981-06-01,0,889.262826789247,198.526355834893,591.9524460574,1521.04211032351,288.678179129657
1981-07-01,393.156763254487,452.97883658868,541.722693832393,356.438989741307,428.923554603987,0
1981-08-01,549.214464691467,384.379334568267,641.0963496632,1120.87018835733,526.964161341067,63.1830737568
1981-09-01,291.75998575332,1086.9597753524,432.28090659852,2005.4479434221,1051.34944012252,433.537642325655
1981-10-01,2552.34095003618,6386.98053396665,5238.67888976213,4466.17842267091,1864.07190191663,5436.09785315568
1981-11-01,6321.86032167401,14182.7042761878,9549.48626298479,8399.5022547307,4048.00159379379,12079.7610688315
1981-12-01,4303.15755653781,6722.77732467175,7527.5037709464,5042.73652026928,1120.1298674184,6138.25934591469
1982-01-01,7425.96488068425,15956.3055757565,14524.7392293415,8010.77215413999,2583.349931858,10630.9823919558
1982-02-01,4349.00582992391,5375.62633938238,7169.23080977339,3921.58017284814,763.921072104645,6728.12973708967
1982-03-01,6413.58467167872,12185.3323999128,15122.2211249539,11293.8089281906,3952.68066376944,12090.063081851
1982-04-01,3850.41559390468,15013.0375868558,9832.25683821386,8249.58219925096,1440.15340073998,14040.169437251
1982-05-01,527.53438739814,2832.24759753554,1138.51586797384,3819.85712840748,1908.82883496847,492.173897766455
1982-06-01,4470.98249039845,6493.37623326291,6336.87722314481,8371.62195617264,7992.55771453068,7702.83636666716
1982-07-01,2509.10176145153,4143.91821525174,3135.15860902476,1817.10493931933,1597.53912258004,801.185482114489
1982-08-01,2833.80347217378,3042.08621439959,2596.02679787904,3932.93145359943,2241.66810060556,2140.84424597338
1982-09-01,6897.48228065764,6264.55116750668,6461.09483275888,5429.63271680139,2545.49319227569,4064.28647683623
1982-10-01,4234.45641389585,8393.8376785776,9323.74554894394,5574.84216998664,2848.58540032752,7813.97194637328
1982-11-01,10040.6470922516,13278.9260799925,15876.0061104721,9816.68211649515,2333.11425211349,12815.8676570772
1982-12-01,7876.08751784157,11922.260454731,15033.3173319739,7345.40091171229,1601.33461320723,15435.866371807
1983-01-01,10308.1074405357,15390.1336695759,20426.6867794227,7136.63481530707,2286.17972779735,14720.3637705008
1983-02-01,8317.48142298847,17238.5384345416,14007.6924840431,9549.22621942593,4110.4684608702,15296.6311245741
1983-03-01,9312.18006479805,14584.8902367819,22430.4443189472,10784.0433397087,4673.10607210876,16481.6331016458
1983-04-01,4126.40978911896,8528.81154330212,10468.3919583027,10667.3887056409,4514.89966343367,5058.95397672126
1983-05-01,1723.05772029352,1069.11315416919,2935.80454424589,1797.98265130491,605.216388134858,963.217594943692
1983-06-01,1039.32840691181,2495.03700050107,1700.94079180874,7503.72734253108,2290.24452161432,155.732391588342
1983-07-01,0,201.6020892438,213.91356363048,80.04833149266,580.55701228236,0
1983-08-01,8197.23585998944,14023.3816998802,7282.19328720384,13994.6447816782,8180.60903607669,2535.05073979904
1983-09-01,4995.40014125789,5630.35901131622,4853.79670275444,4982.0530293752,5314.06149906056,4405.35235863398
1983-10-01,1443.79098332356,3050.24138234381,3518.12087393287,4226.26484769396,1123.47849979621,3130.46397960119
1983-11-01,14624.4234579221,20777.6258639587,22788.3250459266,12842.6019937082,3629.88996716443,18073.3765462627
1983-12-01,12528.1784784592,19413.1149017501,23558.4231028983,10462.0838281871,2544.00315575574,18822.4097454266
1984-01-01,706.737697924635,1477.26790440458,1785.78366782574,1325.04837256202,688.477488509842,1110.20124251038
1984-02-01,4163.68684663316,6505.87152742626,7062.46324906716,4581.35512730588,1480.88007882562,5740.0740347291
1984-03-01,2170.19288176364,5531.33612644612,5483.94261035658,4543.59679144106,695.0121334186,3874.06466695894
1984-04-01,1378.29878292665,3765.66305171017,3688.95840406639,3965.03365933805,951.3812022806,2949.52997796743
1984-05-01,464.32599858755,964.4250652553,1037.50461738473,1071.12364871479,100.45709387967,288.57727775723
1984-06-01,2746.7056106952,3692.51902877795,3538.81752494725,1897.90329506015,2464.7266823375,502.35883167785
1984-07-01,4750.16064279724,7108.0187173927,5576.35270384898,4309.96228075098,5325.3086965816,3462.30451028562
1984-08-01,1280.11837050986,4410.35880470892,1735.881529872,1728.73535641394,5136.8130958788,891.05157447614
1984-09-01,612.66699387474,1490.73616306734,860.36686919796,4912.86136923294,1575.580803066,1386.81372092892
1984-10-01,2676.3289360992,6313.668490026,6006.8799575928,4283.8550519535,1477.5435489384,2559.2849080713
1984-11-01,8964.85056969721,15197.7571513635,13927.2702752009,11493.3856154116,5620.32943615718,18393.0772969668
1984-12-01,3503.06321443167,6503.63510026545,7056.13420686794,4225.0050700932,2351.22135319848,6129.75143585303
1985-01-01,2333.71992330624,2478.67500242567,4820.54543658498,3447.62596706632,1633.01718123895,1498.63873076037
1985-02-01,2400.64632436125,6453.7712930775,4190.736061155,3019.32768220125,845.0081221575,3715.50278281875
1985-03-01,4965.48293026305,13157.9343260073,12468.0686046325,9199.9279972925,3679.8201920766,8605.3425192566
1985-04-01,528.58046814854,1016.25576117084,1529.19135764138,1341.65651456885,700.17779524606,672.7606824445
1985-05-01,801.69777697608,1199.93337402384,1852.40669259608,354.93314463472,300.32203957208,151.59791754456
1985-06-01,1970.22764561731,3093.25540669873,2992.99118793033,2828.39818473471,4313.92781295547,2225.71489438932
1985-07-01,4289.16794193745,7315.16733913403,4739.98592558113,5301.23938476538,4934.13185885321,3834.93913145299
1985-08-01,580.042477327607,602.373413778287,510.32038518824,11.34283716302,921.681226938267,0
1985-09-01,3955.66091652258,9059.66654329331,3962.70551236228,4564.46448,7980.86392181621,4567.16002872502
1985-10-01,2495.77772165786,3979.88350327337,5334.76194826439,2104.10468845162,1070.91889771481,4230.4162896
1985-11-01,7697.01685822329,17193.1881656554,12065.4128122766,8494.66209184668,2227.6456412657,9001.91272755502
1985-12-01,4277.38260766059,7434.19392751915,8225.10854601835,4058.34463638101,1315.17930362624,7086.89123499968
1986-01-01,4047.24164463803,6238.76102897999,8310.81359055494,5016.64064449424,1334.30327327063,7215.46287683869
1986-02-01,18470.7620074881,42476.6907146939,32653.5618194248,19468.2745479143,4317.5894188266,33124.4048047608
1986-03-01,5143.03159084825,15648.5781691397,12250.860867631,9187.4134739225,2677.71129292519,13199.6620130787
1986-04-01,1470.64407355432,2292.9060149989,4277.13420754631,4693.70543295427,4133.06914979868,2260.03378978368
1986-05-01,935.58550734514,947.07869117042,1771.76749934328,1578.88950103166,658.10325741926,765.78990594984
1986-06-01,218.40545564679,1183.10727399379,572.66015161449,269.38456127714,483.52113322761,208.80082680798
1986-07-01,3223.52549300796,2942.27211782511,3665.29535493555,1773.63865743183,2891.03540951568,1571.43229553793
1986-08-01,400.3980758492,1363.78363156596,606.82670631132,779.86833544136,2167.43371252188,198.38383540624
1986-09-01,3683.7888136364,3802.77303247975,3471.9231449532,2609.8493912701,1033.55175656145,1597.69625913765
1986-10-01,139.00573891612,1079.12304582603,602.64209679999,1340.32670127457,432.64309710724,0
1986-11-01,258.4793512444,191.02150935075,779.0951056304,1215.1530463189,107.35817122615,485.14204185005
1986-12-01,2140.6760793223,2581.07187705709,4016.65140163833,2064.47040069404,1334.64128722839,1613.28219382386
1987-01-01,5653.44779286495,10439.9265292368,11231.7744385249,5402.55941050475,2437.2434647743,8234.9138692925
1987-02-01,5609.48452559605,10228.8204235597,9678.5293857395,6028.49522435105,3689.9922613488,6875.9569142385
1987-03-01,4206.4193565504,6583.66945245225,9916.451485908,5556.12141250785,2868.21331560795,4593.2383286424
1987-04-01,628.40740334045,2448.5640917133,1752.21566787695,4566.07000786825,2810.89047133135,558.7427783989
1987-05-01,2862.30459419335,8840.531844,5752.0474228148,15931.3325157914,14320.0469714244,5358.19996473925
1987-06-01,753.80174006325,4486.1779431807,1408.6638400362,5849.26103659065,7061.4061794231,651.72208112955
1987-07-01,145.7886590914,1165.71489046675,411.1012139819,355.99143115185,1846.93044051035,145.98688259155
1987-08-01,29.66762151515,506.165276261617,247.52474019655,2250.85885338922,829.80347668695,0
1987-09-01,388.2110765546,1245.21214665402,579.05095632215,988.76943354865,1635.21148738588,4.15753034515
1987-10-01,3166.51910193333,3184.53852619867,6810.24374376933,3786.769019472,3005.58338659733,7675.88315044
1987-11-01,6152.11431784687,5050.92126596667,9665.30673854747,4518.97651145473,4924.2080588018,11499.2613913231
1987-12-01,5505.37329928533,9218.14802724593,10597.3690274748,7696.79111851467,3901.3339724482,6061.7791333114
1988-01-01,4569.91542642,9604.38450213733,9406.473359084,8827.73082619733,1897.64351156,10141.4698584067
1988-02-01,1658.96186028262,1300.37881956578,3037.08034859453,1885.33725434408,993.043785208725,1743.1957288953
1988-03-01,756.2754744818,1571.71828868232,2054.87769336395,2422.63574549555,709.407699516533,1171.15852760768
1988-04-01,5225.14980416123,6261.56969687475,13376.7597923909,8335.44110698747,5130.7028699013,4916.46688657853
1988-05-01,1978.74093162363,3428.0317374292,3416.7903857016,3852.16335252617,1163.31357316507,2899.29873747973
1988-06-01,1251.67960819167,2528.94722715833,1939.42370935833,3333.73677143333,3751.89044211667,1818.48295355417
1988-07-01,1250.04383364193,3359.3751896798,1339.08894125627,1904.01181866707,3701.40321383673,1599.55388902533
1988-08-01,829.14236959305,6009.96877481533,969.321199486133,5194.42695036751,4634.78946270922,397.097632495417
1988-09-01,666.523978864433,1490.0826700859,932.148701323667,2086.01115466113,1333.7603224772,0
1988-10-01,106.8274941255,306.312434000483,452.426125775525,233.707541340008,762.222146100033,0
1988-11-01,5537.97508336542,9442.27431897833,8348.16738313958,6973.16988052625,2068.087975485,6488.0798042725
1988-12-01,5921.51724385837,10311.7537005935,11478.47083239,7303.8114911957,4124.71423050307,6752.81594723153
1989-01-01,1130.30335384213,2350.371155087,2536.09989532017,2619.45778403583,876.207357665033,665.117598355567
1989-02-01,3103.89585896933,4380.98299370297,5815.7456157788,4477.44996152977,1478.73791295447,2636.54157752977
1989-03-01,3997.2427671474,11215.2624598222,9366.16673357325,7152.10103130975,1457.96135367848,8040.08359775812
1989-04-01,637.197615940833,1439.16107165,1766.81643714583,2035.64586595458,830.792213754167,1382.50672462333
1989-05-01,2792.80747818922,7343.41859378617,5679.47361470377,7718.4802538478,6078.02683142115,6789.40392737228
1989-06-01,2138.55169841163,5739.6780516446,3083.35432870793,6453.87828807883,5709.47926724527,3873.18979042723
1989-07-01,423.444635251667,792.848828858933,679.3302628442,30.0206848152,697.211730425333,0
1989-08-01,2716.59093891879,3168.07862972608,2638.76383448374,910.882337286192,2643.72640290743,1521.06799624722
1989-09-01,6910.59055176,5014.6997800068,6547.187922516,3941.63297073,2660.0315690628,3811.6519262424
1989-10-01,2315.1875968803,2380.6110283629,4726.2391582107,2748.8396271096,843.7000577412,1559.4962119629
1989-11-01,2204.2418203008,4363.09131552,3503.9638379984,2279.6835925024,323.2469459968,2446.2855152288
1989-12-01,0,196.02361630471,227.42217483423,267.8444760549,122.58551529495,0
1990-01-01,7804.52206060872,7209.40602217264,14419.8926207633,7037.88301763472,2964.34507854072,7745.82550636962
1990-02-01,4506.40077877103,8929.71175018151,8112.80827560835,4701.56875418726,2489.41451373914,4444.64813302214
1990-03-01,1493.49923369218,2672.59229596524,3560.40033414252,3247.31446884548,801.1485966099,1176.47460797482
1990-04-01,3432.9625986606,3497.9389632008,8430.205017192,7644.0110729172,5709.3634848138,3835.5647586606
1990-05-01,4699.3443578534,4408.6907111414,9398.4820000928,3770.762977963,2647.8731063806,2344.248139596
1990-06-01,457.0017937554,709.3555614848,714.4876096128,1596.598322936,1465.7918746466,995.755324404
1990-07-01,2062.1488185844,7159.832608719,1998.941948439,3761.4095625941,3879.4069933069,458.8150612825
1990-08-01,667.903150026,2840.4939077352,871.0683250104,1435.587180876,2337.6433731228,404.3367048204
1990-09-01,1573.330533712,2523.655148672,1662.3997963888,2098.0121490944,2134.4677618096,1579.7880793184
1990-10-01,166.1804023093,304.0934561451,632.9923475992,686.3519962472,87.6043544262,355.5216997691
1990-11-01,1535.159231386,2198.495964742,2550.5165643375,1356.27037898,779.415644854,1012.62641051
1990-12-01,2886.04395865812,2403.56883516961,5455.03070696402,2064.44240342285,688.79193287685,1408.0423881755
1991-01-01,1221.95115314708,745.447653671233,2301.48724409835,1335.78925892463,279.312317993683,1532.73254739092
1991-02-01,2666.26899693257,1824.11773175683,4623.75338885845,2561.53334509123,801.035698184517,2820.62563662495
1991-03-01,8950.01101522357,30163.5448124261,20810.5749236919,20179.5383636657,9482.08486423522,26219.1907456252
1991-04-01,625.3253940618,1243.0062447269,1974.702116661,2885.7696782797,1264.7228205551,1207.2777014081
1991-05-01,1855.9199249839,4674.464047665,3436.6771911876,7182.9542095317,4872.8085724837,3635.5072330309
1991-06-01,2098.0242778092,1419.6421245942,3118.3462746306,1667.554014204,697.914452469,195.3456150204
1991-07-01,544.3840758529,1757.9151562373,922.3807233181,1269.1036870341,4074.6990614339,846.9324603772
1991-08-01,1192.7445320505,2597.716897754,1480.043508174,3475.3249673725,3641.2532710785,293.192927357
1991-09-01,1120.69501340353,2231.52831793687,1263.72627819607,3883.57499412447,2037.61245290607,1259.31479739707
1991-10-01,2461.61828908774,6817.60497913128,5210.66000271135,3161.51491656193,658.653862994142,6686.41845976106
1991-11-01,1889.55691737193,4395.33990860727,3233.90421278687,4252.4604063513,2116.68438027237,2297.27797372883
1991-12-01,4492.4279076446,4913.23328470975,8708.46548527725,3196.79422340163,1994.63272074797,4502.34878051805
1992-01-01,5287.14512747382,3416.65004011485,9571.80808514123,2962.18260976715,1232.919077544,3080.3323415018
1992-02-01,7730.83480536987,9203.03815941033,13357.9678202399,7091.68974407703,2670.74860936693,10783.1025436086
1992-03-01,3779.46348178254,3603.95427854642,9151.73074413858,9531.00907043404,4893.91200573504,3602.21083906658
1992-04-01,521.434484706667,704.2410139248,1508.731188316,617.773955617133,373.953436637733,495.968671310933
1992-05-01,362.201524268833,2150.45216848825,753.593357758083,3376.70035503579,2623.40779265629,171.566673283042
1992-06-01,2160.2491452399,4680.71169947975,3376.78506938685,5557.17878511235,5498.5878952433,483.5616676396
1992-07-01,4785.2871101607,2656.1256835828,5902.97552715823,4710.49742219723,3733.46578434353,4795.06649709707
1992-08-01,729.837129023658,4230.79718330198,846.38705182955,4728.7978467268,4828.07486060112,2378.80565578361
1992-09-01,628.233350411133,901.674537449717,795.43630424835,572.553888499167,365.990588636833,42.9578086091167
1992-10-01,2127.43152452335,3659.25800065275,4657.37097443382,3379.25600604772,1342.64147210117,3002.66729899857
1992-11-01,123.069297299083,848.341467292083,469.51389619925,533.70834832875,277.95264449575,323.063712407917
1992-12-01,10470.4552635638,18640.752221453,19527.7407531502,10712.2202298336,4677.66532708,14593.9656113888
1993-01-01,12930.5731624061,20777.7670623349,25377.1256165904,14166.6314168499,3853.846530352,16399.9591944475
1993-02-01,8608.4006188998,12978.6289991506,14770.6390663186,11856.6367490995,5241.36114958273,10125.9624976904
1993-03-01,3853.48926834777,8186.81188958013,9150.03902131367,9505.5639192943,4094.5798071607,7535.10449497997
1993-04-01,697.604343892133,1938.55588039447,1905.93607576827,2358.53321934927,345.941849291867,750.967539138667
1993-05-01,2040.37425046455,1251.11746084582,4224.9051480636,1803.31549662495,245.157455274783,1653.38171670595
1993-06-01,3575.875386182,2765.72210174471,4722.92470264312,4201.62438964272,2752.34867365892,2702.82359468394
1993-07-01,0,65.7367578192,204.1287260376,8.9258594568,94.8719666466,0
1993-08-01,28.5931745892,1115.1756223296,245.385345504,363.237732351,902.3977618656,0
1993-09-01,331.7142396755,1309.4448310515,652.859784291,79.1462823525,969.747522194,0
1993-10-01,1687.99763659322,2481.8014809742,3997.52435596745,1426.55442642662,1388.72206875453,905.082849984133
1993-11-01,3892.9712754867,4331.71231102252,5800.86768377655,3481.4435878827,2926.20761787338,4005.72749201955
1993-12-01,3006.75490599,3354.46222214895,5882.70492290332,2631.89417260605,1499.74361784308,2126.8781155083
1994-01-01,2294.00015653527,3171.48504870505,4675.93925853157,2101.29925598413,800.834652755317,1372.60909093257
1994-02-01,5694.3309714174,10999.1308486254,10008.2018431746,8326.6530534096,2446.4923966704,8373.3445652844
1994-03-01,1795.1184607552,4501.0912655072,4539.6083137104,3297.7692439104,4792.0170899104,2535.614283552
1994-04-01,1978.297244795,3624.352756335,4913.592803545,6237.35716551,1503.32722228,1812.36415857
1994-05-01,4392.612643245,7763.04559556,8347.06541249,11518.09540007,12180.944984815,7809.025465475
1994-06-01,13.7766638381,217.1992953123,237.4934523806,1.2618464036,244.7336606165,0
1994-07-01,125.6552500631,588.6524627713,395.6734333185,133.1713389941,1864.363939396,0
1994-08-01,20.8150476912,342.6413660768,231.3275349616,50.6949837632,186.3814385664,31.1467025856
1994-09-01,2519.41528831217,2802.12482203913,2388.40383038482,5978.59596947782,2301.70841386328,3415.27294570082
1994-10-01,3088.98638051813,2410.00175364887,5833.43866445633,4265.44061113867,1101.90336383453,1838.5225833876
1994-11-01,7979.73029814583,11732.0045111408,11667.0975542678,9207.08652613567,2821.28219851225,12040.0362294648
1994-12-01,5701.32031081754,4145.26860454162,9892.63391151521,4729.76325276446,2034.13163353904,3386.91215186683
1995-01-01,16500.9977701433,23764.9868207276,32175.2966873951,16117.6171258323,4262.80805770829,23865.0510250006
1995-02-01,2012.9595780138,2501.6551973322,3890.9702691912,2390.6054380572,704.9948149452,2045.0882456082
1995-03-01,8122.0671698262,33249.221947831,19153.8488324454,18104.1526185919,6535.7585256604,27247.9151913593
1995-04-01,3241.1377958085,5114.5105474995,8046.1294740435,7982.109920526,2346.5734975935,3133.4027251695
1995-05-01,6069.29017061453,8599.92038752969,11434.3169364818,17830.7855174276,5848.75797908902,11095.8832948552
1995-06-01,4632.2054249208,4995.23327982053,6493.6154171492,7601.18490743007,2467.02057383547,2888.9638581092
1995-07-01,831.6162396594,1799.04876161445,993.3289211943,4216.57717608968,1191.00560573565,1420.41476865487
1995-08-01,225.4308839822,470.826230647867,380.1745440452,2438.12048933057,557.118090390233,22.1532038021667
1995-09-01,135.2930571001,571.2161161305,350.670323006942,201.885659865158,249.605078696142,0
1995-10-01,0,163.94184091695,219.37623484335,327.6826218447,49.66544217885,148.02089449755
1995-11-01,186.32778892815,266.8120205199,611.221332483,411.84113023785,57.56486207565,263.5269370323
1995-12-01,13789.0107281292,13371.6228688902,24901.6597229142,8946.71751725775,1906.06252445655,13047.2963789031
1996-01-01,7711.23923085633,15112.123479435,15611.5051340618,11349.1146348675,2109.610336196,8044.97675012167
1996-02-01,10236.9279389406,17924.0205104005,17736.06618726,14140.9595809234,4901.7891924652,13277.0479694361
1996-03-01,4910.15624096653,8580.7520957894,11593.9899419987,8264.04017532313,3898.918062145,11530.3566397368
1996-04-01,2142.52221864503,4826.79972023578,5372.43857524682,3987.07264255755,1790.70558377403,3633.32094750148
1996-05-01,4245.78175404962,5511.88568840181,8457.94141466557,4788.92432779752,1062.80665258058,5021.91419917927
1996-06-01,1796.20183710904,2759.43350347521,2814.74956009192,1012.55100306354,2508.04200427496,546.086753759458
1996-07-01,1026.93401192944,2937.91115189762,1472.37687194049,7683.8481396244,3780.59003319867,1593.54683222847
1996-08-01,370.3819989675,1102.84718165245,650.9174283443,2539.8108041943,1646.262508124,1484.564057717
1996-09-01,331.9373345925,539.25263476875,633.19869624375,392.30953251,157.76692288875,447.99986965125
1996-10-01,3462.75737517645,5726.06612383182,6551.78706476153,4768.47287149512,3777.13405582845,5760.25489325807
1996-11-01,10715.4765422196,11589.7565772347,15526.9328848929,7749.54505944903,2280.12565762087,13140.532928599
1996-12-01,13775.3994431288,27636.2353319588,25907.3965619438,16061.876438685,2384.76435652875,18629.197971195
1997-01-01,19255.5756625333,32704.2584213423,36798.559386259,15677.2716959231,4380.3343677335,22435.6715115645
1997-02-01,1696.90653419072,1754.53697138103,3312.1433902723,2722.91870981607,3717.28478761278,2511.44684654889
1997-03-01,296.470604567175,609.114884425575,1050.09526826347,1032.37323732533,314.55644856555,823.2186143769
1997-04-01,563.562054223917,1444.45096762046,1834.50504776258,3068.83843336046,2509.66495600813,368.251182735375
1997-05-01,313.718905109667,2807.804501575,782.399760870208,9819.40275909617,2737.56849604804,75.5263722162083
1997-06-01,2836.36418200855,6833.51811533648,3985.6971791435,8970.14928250435,5246.615887809,5158.30994762733
1997-07-01,2787.5524601592,5044.3972336512,2964.7312233372,7308.58303443285,3698.61159837735,1299.194206398
1997-08-01,1122.26885238053,929.3088786488,1006.84594696973,440.0299771836,1790.29504182293,170.289626718
1997-09-01,2666.60324991765,2162.14988588595,2686.02082921395,3187.53608453235,1955.5966078146,801.36410934825
1997-10-01,627.405547204167,1064.86604662,1714.12460738333,1800.5214930315,411.712020584333,240.9906067925
1997-11-01,6500.30611076182,8791.36388299943,9918.86607818408,6690.63143119503,2866.70022934793,6400.4764957118
1997-12-01,5451.6495304369,7525.43526406403,10329.8468399567,6042.66867075743,2411.3629660897,3345.25906882107
1998-01-01,9623.20993812517,12514.3500299502,18824.3097661615,10834.5962823628,2270.17339046333,8922.9557690195
1998-02-01,19927.43469671,29771.2233484591,33253.3223088741,18161.3414091155,6688.0283733996,25584.5000923811
1998-03-01,6778.20140766394,10290.5749983945,16681.6996840282,10780.7473914863,6069.04075696656,7437.72663959596
1998-04-01,3115.315525058,5660.43807799342,8008.45663205042,10286.0594655738,3443.41615708933,2740.39046991325
1998-05-01,7152.0971600712,6822.08116475235,12771.1228802479,13654.3165905697,4766.55031277745,6063.07226655008
1998-06-01,7250.25795994253,6902.37593936647,9824.45254326347,11533.1754336938,10161.3804712511,5449.42539197767
1998-07-01,1077.23271040067,4668.11982307478,1330.21588858032,12465.1213599655,4994.05917759562,976.2683038264
1998-08-01,166.2860894916,228.9294493857,398.8340799759,569.998168686,1348.6492496199,0
1998-09-01,5193.256781595,4492.849002435,5420.0457787575,6978.26607898,6106.023395635,3426.9658585975
1998-10-01,1213.8884510079,3528.1366167279,2824.3228996944,2683.6411771959,2534.3162868354,1051.2097077864
1998-11-01,4168.7155722492,7155.626809247,6579.3330182846,5525.178736763,2222.2642332604,3864.3305513568
1998-12-01,2701.3175186973,5055.419726232,5594.4403371567,3681.7392392226,993.9072504183,1149.1155116226
1999-01-01,9552.3043966281,17426.1544905777,17874.5685159132,10277.6041446321,4231.5351899871,8954.8235777982
1999-02-01,7751.220472791,16677.5459199354,13938.8114326158,8893.774772271,2574.4482838602,7594.4597889762
1999-03-01,2575.421697004,4644.436266964,7246.6780603152,5117.4957146976,1360.6610243824,2122.0602578864
1999-04-01,3052.9391098856,8034.387969504,7557.6706762232,10730.55753146,7808.663333536,3225.0096676408
1999-05-01,1168.7489081632,2105.8836098664,2415.3421240832,2911.921472044,2374.8228111608,954.5749471648
1999-06-01,1361.8628599065,2114.162694378,1913.174262993,1997.7776221074,1711.109803977,3623.2864389666
1999-07-01,1108.8301525137,955.259437893858,1494.75465821827,1373.77056354057,1600.07536874385,2587.16703225984
1999-08-01,1604.9929781571,2439.1290438228,1921.9417318521,5055.1894878723,3167.7026581158,5580.8486351814
1999-09-01,575.5583982995,3123.5433795401,732.7582198937,6421.4299859336,3124.1733265061,2178.4214756513
1999-10-01,462.6523193156,667.0701993528,1446.9867473784,959.39682574,55.2386743964,266.4768316632
1999-11-01,2075.2503954867,4097.0640732429,3727.3375014933,2345.3558875959,421.0682790111,919.8367797864
1999-12-01,431.160497292,589.3799535162,1361.810749047,866.515726664,284.931259599,71.0614999374
2000-01-01,8802.1085734933,21488.7844776649,18559.6791093915,11805.5699698307,2232.2403471826,11684.512856739
2000-02-01,14187.5291355045,21700.9932804879,23807.4177799524,12895.6235065371,3214.0259149533,11427.5698284036
2000-03-01,2291.626772702,4134.4938486784,5751.81082383,5752.7704380772,2905.8361503772,2423.0636986104
2000-04-01,2189.39577764,4873.601698145,5511.8053827,4394.4426152825,2888.92921773,1911.6408191075
2000-05-01,3194.569114515,2951.4897590625,6018.6679574025,2265.04181694,682.1947894775,1390.1812070125
2000-06-01,3490.2083346025,1740.7418212675,4777.72859685,4359.4735757925,3298.3885558825,3446.3931019125
2000-07-01,0,524.8131206922,238.0065245208,5.711917923,474.6178435788,2289.3880780476
2000-08-01,1721.8924534164,4574.7519478914,1659.5647344678,14249.9542627656,6080.3803019232,3763.9119679317
2000-09-01,1188.524933232,403.11968952,1807.814666208,1617.50596416,611.321592,142.247654064
2000-10-01,5202.4879265489,5257.01795387812,10659.1818690055,4750.70705179493,2615.62629225875,4383.733880467
2000-11-01,1949.39596161871,1536.10324724467,3477.69409046883,2402.87964829913,714.048803668542,689.744001168125
2000-12-01,1425.36048682385,1113.13654734195,3063.45636053855,1330.1992436769,518.6766490997,1118.7122838513
2001-01-01,9430.32364255605,9889.0351411469,16994.447109814,6448.0642281795,2407.88398676805,7749.2163442906
2001-02-01,6796.2304530055,12003.9931690709,11279.4114249565,10097.6565074883,3601.90756213903,9062.6917162577
2001-03-01,2672.39758415047,6856.5578479257,6682.75912927882,6286.41000405685,3195.82940220168,7309.54716335635
2001-04-01,3116.75720330932,7706.81554853427,8095.87816535463,8089.79537635598,3615.53950695427,6676.78551141507
2001-05-01,421.818535791217,650.616206100117,1071.50014702838,1598.14363619703,2089.86886064508,182.388142960283
2001-06-01,136.738818390758,57.1337823181667,471.452814389058,103.041601369825,648.840735021842,679.726574481625
2001-07-01,2405.4675001929,3558.37688566013,2686.8248594512,12435.388263644,5592.85997114108,2974.11372647415
2001-08-01,185.0274141255,544.084888841958,413.572333295583,2265.9392753275,1815.06732401442,214.447855766375
2001-09-01,840.5998869753,1178.59196208952,1008.34837718677,268.1183307348,1122.3975006807,308.8354418232
2001-10-01,545.702656862275,2806.29523441764,1401.15019384614,1029.78885897209,708.755455397383,1550.84512902742
2001-11-01,9531.67787757062,13088.3428186056,14129.7466738072,8356.72184128968,1994.95769367328,10567.8389050986
2001-12-01,11619.2178216938,16195.4360045059,22122.9463580462,13005.2958076178,3505.00529741532,13934.2455065553
2002-01-01,3339.04376752445,3733.00941369589,7136.19993054897,4583.30123067533,959.736842114775,2916.73615081241
2002-02-01,1749.53091855058,3432.41607202245,3446.30682722472,2917.66139927272,600.656399005242,2920.34143227128
2002-03-01,2363.6487769435,4974.1408686635,5995.8490009577,7445.8354249411,2196.9304321694,5238.4154580826
2002-04-01,1492.2688734528,4605.3521635955,4341.1390080953,6209.3864766459,3348.3622601443,4019.5287966459
2002-05-01,2090.1619646781,1505.8842948037,4177.3915214267,2486.5645573067,1147.3698785372,1368.0064545281
2002-06-01,393.3939414546,1317.3210833192,669.7508077801,2375.6986190237,1339.6441740936,1283.6436105132
2002-07-01,347.4021652065,1676.0637148979,678.3690730346,1421.459675174,2572.6734823902,2590.5013721002
2002-08-01,298.208114165,737.4000400975,638.006959135,407.2158549225,1550.18893005438,506.25501927
2002-09-01,442.9356316407,1989.260538444,524.94293577015,544.8551517612,948.02468705235,890.29865495025
2002-10-01,104.056924591667,903.542925560383,488.070708007617,496.967761828567,1017.92377709467,378.996709450933
2002-11-01,7359.8189860924,13921.7644105896,10282.6538680514,7196.3862257148,3925.736359516,14512.1957282882
2002-12-01,11923.4604427291,19220.1600383381,22540.1792150655,13917.4489511652,2124.74706466933,16715.8320973814
2003-01-01,1349.4522452165,820.576577411833,3298.00473098467,2190.9130969835,407.118327794667,584.407386353833
2003-02-01,5101.9319870514,5912.14109797305,8496.0614406906,8896.6318102587,3112.3936285668,4971.437856
2003-03-01,2355.55380636317,4898.58249764673,5572.06475193796,4753.5240696358,1118.57465728614,3126.95527772685
2003-04-01,5474.2489614475,9421.43123787937,13155.2299700575,11314.0289756406,3478.48588258438,8780.79495487188
2003-05-01,3584.85844695551,3847.81382729767,6494.71594391514,6167.16022048353,2439.79050734221,3216.66300997017
2003-06-01,186.48134144565,607.467373905325,594.039719458708,216.748640317125,1123.52985874859,0
2003-07-01,2146.98914354228,2464.01927728208,2374.97108906272,8576.45362904553,1010.90246404352,3904.75089892464
2003-08-01,5276.53441686297,3187.4987929396,5014.46007012184,13561.8516410142,3011.81489250791,2752.72126508505
2003-09-01,296.4446408518,739.605564472775,518.8609688094,6098.5243144413,940.22526925985,995.5223507355
2003-10-01,38.070822381,377.451231646,303.5615836866,326.0834959976,271.1273879532,342.973447945
2003-11-01,3460.16641960147,4661.34598126118,5556.07848315825,5014.1480250147,1739.63701634407,4516.11608248635
2003-12-01,11373.8369087624,15311.124430802,21043.8106606109,13347.4440367778,2826.1683469395,12050.18045252
2004-01-01,2660.17916584815,7147.97844611648,5627.93750559758,4660.82725123478,1025.29965107895,4148.13625348845
2004-02-01,10233.9044889487,15391.2833198675,17406.3392263033,10667.142021099,2605.20616489237,13795.7578067211
2004-03-01,1691.12664864878,2244.58291210627,4859.86917173322,1922.86981503662,722.00092701555,1634.34153641709
2004-04-01,892.613319039333,1774.25555225562,2202.76073746882,2983.09615726708,1288.88901226287,435.801331249683
2004-05-01,993.252885532375,2040.2823402832,1845.40425487513,1292.99791025838,1702.48659316331,1175.4348628828
2004-06-01,276.715061075808,2361.75102022394,704.3356446126,1822.22408445372,1892.19252882107,830.090652300108
2004-07-01,663.791555114133,2105.01955911065,870.386685069742,4870.74856291454,1770.3917368319,1600.10936650966
2004-08-01,368.840246887583,2143.8011082281,590.422847367817,4595.36428903252,1745.74862668787,1114.7941307211
2004-09-01,450.314364340967,771.627398194392,633.53882238765,741.524716353325,272.771471436408,362.148687635042
2004-10-01,6050.3528338443,12570.7694915033,12831.4187114513,8734.67847510825,3218.86214550755,16087.6651354055
2004-11-01,7225.97293278135,8653.98343631625,11770.2205179165,9314.35149059415,4113.9776537397,6892.99119192555
2004-12-01,13861.8192017491,18392.7534919772,25910.7926240597,8442.04487285425,1976.62993769885,17268.2556106483
2005-01-01,15234.8506959146,19080.8085817552,28492.5382977963,15625.8182882429,3548.13801316645,26739.0080209461
2005-02-01,8369.74666500497,7778.11277060293,13866.5191096103,10014.3287599971,3600.05085717367,8948.23093454889
2005-03-01,3871.61197349663,10950.5952675598,9894.01639326908,9029.24880300072,1909.74725509907,12072.0725719668
2005-04-01,2042.8641306632,3750.3368693796,5208.1070261276,8238.6944494314,2761.8349220754,4061.7141565704
2005-05-01,4961.3571760894,7074.4802598608,8357.3862751628,8728.1031331468,2573.7068868764,8981.940587139
2005-06-01,1277.94912511912,2332.59208263095,2386.17289665378,3900.97189882237,927.3266852957,900.807804173917
2005-07-01,534.839065382683,977.76537779735,948.654762087242,340.1288789165,4868.53320654719,2291.14590865722
2005-08-01,1402.89899867888,4677.97065643347,1404.29758488775,6384.05857910458,1781.01052746317,2491.36403673438
2005-09-01,1600.31773242667,2152.59626561333,1797.11658726987,2984.6673879596,565.849307108933,784.835763333733
2005-10-01,1455.5156027875,2208.5465049775,3096.8090715605,2627.522349985,1670.008627488,1616.634262021
2005-11-01,1557.9631837168,3978.07185533345,2587.03055158275,2894.99419054667,520.32993182555,3051.16200821075
2005-12-01,12746.3051656223,30345.35411088,26516.2642951941,16107.8935787376,2299.8564772939,30897.2171732066
2006-01-01,11340.1921923376,15582.5271783061,22561.7217367893,8529.13526519624,2226.15073038294,15684.0663506656
2006-02-01,3729.85829388028,9209.55767200155,6880.8007584457,5960.83496021518,1299.68721713602,7774.61403221518
2006-03-01,6376.74964023205,15044.1212480959,15958.7846008472,13631.8869237986,2583.48827475982,10922.3512605424
2006-04-01,5857.97777957058,15640.5762681841,14461.2308150163,14220.0934027002,3872.29379092417,15045.2810097397
2006-05-01,1712.24412444553,5057.9653371734,3815.01977041093,3740.14472004467,1227.10084626,3703.39874070173
2006-06-01,276.114944805067,1437.89604219697,661.149832258633,3264.9603637423,1583.87154406217,696.190605012133
2006-07-01,517.16043439,2287.1208431275,897.60816458,9896.885717195,5238.4268484325,6863.5805808925
2006-08-01,0,570.298196679475,238.974119582567,165.619035191167,272.02880444875,113.391548635175
2006-09-01,0,320.3797339808,242.7739495064,36.4176804056,159.6278775416,505.8552292144
2006-10-01,1145.0814740275,4425.18081027,2750.2782942325,1836.845927395,2010.4027963,1553.7909821675
2006-11-01,1593.953409775,3890.8255573875,3047.40463244,2974.311072605,344.9107373475,1928.1539770675
2006-12-01,5070.037006526,6448.4085846484,9484.6961387228,4996.5659543716,1246.7735206564,5119.9255722244
2007-01-01,2009.513889735,3533.8910815225,4139.780959055,2742.2202611475,1559.194666125,1404.23358153
2007-02-01,5114.9720457972,12202.1762707854,10291.6778083488,8743.1558573016,1236.2683586058,12203.7615489762
2007-03-01,1928.5377072093,2309.8579918161,4089.6258400866,4284.9099601605,801.7938058526,1691.0414236771
2007-04-01,2132.966752436,4554.0444085968,5091.6306427792,5092.6330222456,1925.9513754104,3909.5452361784
2007-05-01,709.8553572671,1118.9604142431,1494.2901312625,1244.6547452878,722.5515688193,1134.0634518653
2007-06-01,169.8884530725,206.04127858,499.9831989325,368.5348203825,1275.97466958,177.759282805
2007-07-01,230.9491673818,1681.6200588348,468.2501405876,4105.2859664908,2492.2183356644,1660.1375915628
2007-08-01,1633.910759088,1410.77211552,1398.753291888,8237.155576848,2106.908635872,3056.94438624
2007-09-01,1472.78516807392,2221.84855923567,1809.112979171,2375.90265177583,1546.96673370675,900.549964084417
2007-10-01,1169.92403069332,1935.25044166665,2731.94258236995,3008.71278276622,656.815424052525,811.4196711279
2007-11-01,992.925182725892,1897.76687017862,1877.85515133279,1054.60490453533,755.546930337333,2646.09958015547
2007-12-01,7710.1927385621,10919.3588994035,14820.9696650568,6873.6880083304,1523.9270060976,6379.7406685606
2008-01-01,15748.898156028,24673.2596105395,30963.0116524053,13977.0268834543,3798.8694960002,28369.8010260826
2008-02-01,6173.18113446585,15296.8310647568,10736.5043692433,8835.54898346167,2363.4806737608,12550.6012023418
2008-03-01,486.152084388067,1151.4363915346,1259.9298967334,2165.03332160447,693.657295217733,757.662349689333
2008-04-01,95.6608869020583,342.113454824583,438.856479812608,872.815984288658,311.362864700917,51.2012286340917
2008-05-01,1790.5228475034,7134.16253631153,3425.91971604273,10487.5008608581,8821.85534621773,4772.01151839553
2008-06-01,0,518.631336616933,248.269967096467,59.3574077230667,166.216077413733,0
2008-07-01,250.90306385705,776.2268677653,712.03336276515,634.6598233077,300.00213869105,2.0591641181
2008-08-01,0,439.9433584803,235.1068622889,221.287254638475,310.958658609525,42.74912567865
2008-09-01,200.06274439445,525.1206205332,384.7129326138,3416.1376090745,147.621230939567,299.189388190833
2008-10-01,634.397053627867,2910.45807923027,1586.66405016347,1833.12936876213,898.495048564133,2197.1900435508
2008-11-01,5866.08221036431,5941.94899715747,9153.09857522681,5554.52400227191,1649.24192217553,7183.16529724097
2008-12-01,6411.9427174638,9108.5259727377,11819.1476365218,7385.4118022985,993.7830817503,5444.99285720895
2009-01-01,5192.42995289553,4070.71536779302,10099.9299504787,4720.07550741624,1893.31247007406,4873.60590197165
2009-02-01,6484.6756872504,11367.9061772944,11253.1508414838,10078.1045158806,3328.3717561044,7184.03018560695
2009-03-01,2318.20962312907,12415.9033792327,6933.87543297667,6807.04669690093,2508.0517821616,5459.9235301628
2009-04-01,976.54964883125,2708.82949010375,2972.0908256325,3837.59631605187,670.6588158075,3043.51201733313
2009-05-01,2337.55999074678,4446.92144751178,5172.96451232637,10686.0640615761,1927.55575238336,4702.26250568288
2009-06-01,3476.09074267813,9050.15174822688,4661.40015647313,15824.3513404113,5627.60833694313,4367.94142364125
2009-07-01,421.91532800625,1676.16763322937,646.603958836875,1386.35077907625,856.860205865625,739.584567255625
2009-08-01,768.8265890575,2871.61583499455,692.741941961183,1303.22663021348,1344.92822179897,1300.26923294033
2009-09-01,200.34445434465,724.907534151675,433.39942060275,431.646330379775,161.1265145371,166.522012262375
2009-10-01,2696.55175132482,10253.5016073114,7133.49087114202,4729.9076398535,1734.49106450013,10377.2374013194
2009-11-01,732.549815347083,2824.24089858437,1779.35432931625,2482.23194593275,2707.11512000258,2973.58561220175
2009-12-01,9167.73825763485,10327.6308126516,18253.2755416533,10714.0860035405,1373.47433958978,11828.8801342616
2010-01-01,8065.25296347897,14881.5427939269,15416.039376003,8752.98219240968,2585.87902732765,15593.4990597536
2010-02-01,6017.94396290403,11146.0105487143,13204.9979394304,9611.50953797558,1956.48105287245,16360.768075061
2010-03-01,2466.02849780017,5572.93786359485,5646.55401759435,5555.79997787482,765.285217270525,6478.4946762942
2010-04-01,3444.58557488513,10798.9751830886,9613.77928313959,8807.70079612813,2694.84686915197,12742.7327426907
2010-05-01,1606.11445553611,2637.75143246342,3569.40993353503,4846.42262332813,1706.39168226033,2611.87983388098
2010-06-01,159.624036522475,1187.89553022455,484.676351760825,2790.8823108628,84.437060124725,489.876787801275
2010-07-01,336.36213554304,1209.36708846976,760.01944811328,2099.86922811536,484.01275015456,1149.31923908464
2010-08-01,320.56403186367,720.81042743084,551.034576308663,668.06425940176,211.366361112773,0
2010-09-01,14.6461782902,164.601181080346,245.163517086554,430.499206370104,36.2511148755625,34.8499356651958
2010-10-01,3762.791026659,12589.522988928,8065.46785544769,14522.0627248166,11168.1496713334,12726.3237854676
2010-11-01,5260.67368419948,11112.8563225566,8493.7390690045,7381.03169412354,1442.80227177718,11145.2822324269
2010-12-01,16266.6423399958,28630.144678265,28905.6879081596,16125.5749036496,3331.73408767238,33662.4790063476
2011-01-01,3517.24726686334,3234.57230459255,7767.39624419293,4522.01654398746,1444.88138010795,3739.5486346665
2011-02-01,8193.8022381085,14483.2189318812,14316.672798084,9057.7704530015,2967.99259256283,13313.9810836702
2011-03-01,7808.65035757378,24450.6839800223,18758.5100913605,14335.4086354278,3583.44870936213,21021.8542124137
2011-04-01,1028.10108738949,3443.23069117339,2894.23068060829,5712.5477561821,945.863656460884,3015.59175821348
2011-05-01,3496.86067704219,4901.99433007977,8878.95857067691,7645.30887661558,1839.18618908339,3662.67768192494
2011-06-01,3913.99328692184,5398.62293005081,6026.68139661485,4295.49772550197,3690.57545101729,4222.78997032085
2011-07-01,381.787567109057,2304.77807619069,672.452906367962,5585.53860878538,1176.52694565211,2105.01259220189
2011-08-01,31.4939334717675,368.165620366238,384.520807665307,299.276812588388,98.351527419525,248.531611828388
2011-09-01,508.709586842834,1456.02436439119,762.593418713253,8117.61309927225,1267.78799419756,1659.2787717356
2011-10-01,2368.94724969331,4617.06500095483,5524.14390978441,2914.08492073309,1594.48951896269,3956.25423567558
2011-11-01,2394.40204476232,2897.42255863517,4690.20642806657,2806.34113014212,1951.37944559622,2320.92517632487
2011-12-01,298.362380449467,551.247012165486,1333.13898461856,775.004831405826,437.370255426763,254.416753340614
2012-01-01,5795.1071001772,10828.5487916698,11431.2247141311,6171.66863176097,1013.12821666237,10442.2162162465
2012-02-01,3188.18203826657,3294.5676299682,5751.66109375295,4572.57526659691,1242.61412020437,2865.33106837609
2012-03-01,4188.69318584803,10517.6897047008,10507.884816439,8496.82436401265,1944.40241003984,7731.6506682295
2012-04-01,3320.37815792778,5517.61092784016,8284.14292934265,5326.31037899858,806.306035758271,5332.11246130558
2012-05-01,354.721147014315,728.80860574938,1293.36229467154,2363.44773701967,310.522929726292,486.474660799298
2012-06-01,239.897403342907,1072.23545095357,1208.46828329899,604.44187385816,86.5630419754667,223.274136837307
2012-07-01,638.446028476731,790.3100558276,1001.59733648827,1167.38270344945,427.402421907606,653.185518378296
2012-08-01,788.21307903078,1910.96300314099,770.25375980189,9738.17479611097,1340.37630516797,4542.82879065093
2012-09-01,536.675993602692,543.654657247358,690.727307263942,336.535436646467,198.5425004593,147.976047945167
2012-10-01,1263.06407165547,2307.46275527827,2806.42958227267,2699.3767216732,463.913129549333,2523.75937794573
2012-11-01,5693.22619247631,9816.02634926853,9828.98927810137,7048.3505995911,961.40175286789,8260.23245338192
2012-12-01,12215.4380300589,18279.6416819726,22399.7797531479,13668.6412586907,2519.5675674286,19210.7790538498
2013-01-01,1821.02624530933,3150.20211024183,4278.2979658375,2773.05876765217,1403.11515026567,2171.24601331333
2013-02-01,1536.10737830877,918.676129083638,3123.78766149039,1642.05693187536,459.2618275213,632.387400631688
2013-03-01,1448.67645247787,2715.65964155168,3947.9950815436,5149.59970292069,699.850724000415,3573.81432199565
2013-04-01,901.469202830467,2113.6947397294,2778.05297217892,3371.57321014175,505.692005604725,1723.8834797165
2013-05-01,1179.32585584434,2901.80260564148,2558.28162210887,6846.4140940301,1510.99128664436,2697.25107124111
2013-06-01,851.87113949945,884.952766442675,1582.85726148253,3869.99813867398,156.3840584747,102.554000084725
2013-07-01,1038.56986262505,2579.39264689555,1452.38316475841,18527.3313826663,854.225619287375,3147.49653841694
2013-08-01,2376.18193154507,2839.90055993696,2205.43474965909,6911.67517068427,569.213958257707,2254.56897015029
2013-09-01,1162.16784930589,2128.70964061154,1842.45075716289,2257.07445346614,580.05450133043,1491.01441648264
2013-10-01,497.20034889344,2364.45268933952,1629.62712467968,2494.86270352704,1216.251745936,1624.24958456576
2013-11-01,2762.29186481248,2487.65702970876,4816.22287497988,2918.26038558964,2690.28515463344,1772.99131994348
2013-12-01,1620.54620508895,4123.7799945719,3810.34115317565,2298.0087561903,491.90487880565,4603.6584378774
2014-01-01,1606.77748101852,5073.5811176301,3743.12359353222,2620.35325253724,1410.76272196866,4641.004666497
2014-02-01,7096.9414060494,10517.6147393384,12630.7740533438,6693.9758797648,1188.3452148176,13910.4590497938
2014-03-01,1781.96605185984,5002.73929156096,5110.72320572608,4209.24183841344,898.17571624384,5106.70206041088
2014-04-01,1979.84996524648,4893.02468806204,5141.44338708396,4728.20664718634,1054.97337342312,4624.16752378642
2014-05-01,690.25744680482,2898.2948399145,1624.85425266544,3147.62128205134,2821.6814837866,2804.4883891758
2014-06-01,85.56803061186,405.7418057574,513.08765737686,735.61125407808,285.62511941988,163.57185077628
2014-07-01,433.74814151669,3147.97929710152,804.50161099427,23630.0157546492,1693.566213815,3166.19398436957
2014-08-01,2543.30728230595,3644.10154200674,2316.42074897841,6566.00554802695,971.514310783489,1883.70562588653
2014-09-01,2557.66128583628,3513.74342383467,2963.40870402145,2810.2345533412,1998.38849765828,1158.33387889807
2014-10-01,1247.80720496683,41.640612735785,2926.92746536735,309.757130905938,81.9555235808225,66.9976838435625
2014-11-01,2531.76927796483,1789.74715741763,4705.39494151511,2915.19599957953,533.61383373213,2900.77326035118
2014-12-01,11049.7991484614,9924.39783246397,21245.5279260375,8106.42838452309,2107.32991457179,7654.93581100483
2015-01-01,695.610869456727,766.794083960257,2354.06050208803,1647.10078552856,1278.62744859083,1122.51682534465
2015-02-01,5161.72494477332,6736.87442255703,9090.0153779459,5705.73623383725,2798.25512542507,5548.73613498348
2015-03-01,270.436944490971,1366.32971467803,1428.77543237606,1909.14883458363,821.919928258704,1079.36756118908
2015-04-01,2693.8273650784,3094.00772582205,6613.03364774827,4931.50799772693,1025.33649285847,2899.82756565079
2015-05-01,2845.92283629654,12480.6326905962,5229.78468885067,19579.5348290573,11507.2872723427,13375.0143031423
2015-06-01,1857.58617601274,4070.12606914248,2807.90061956294,9443.15078431616,2171.89653147182,3584.0639223841
2015-07-01,2679.92972052588,5006.59004248114,2732.13012669498,22669.0867952127,3530.85993054724,4699.46175489835
2015-08-01,673.528145693167,1132.56478661525,994.113567059153,7839.88975499693,1170.93246573219,1289.04097589724
2015-09-01,911.14026835784,1140.79018986221,1147.77079611035,3454.61864595288,591.644362601787,576.363656699493
2015-10-01,2284.02565876749,3996.28970555458,4803.24822924428,9197.67723362242,2212.14062375644,4028.10625603899
2015-11-01,7834.91649263547,7125.84102492057,11586.6344489258,6834.07214844457,2176.95911718963,8416.47580037293
2015-12-01,7865.94336054334,10875.5984327863,13958.6289030971,7590.36730686499,1880.97410967817,9428.68788762139
2016-01-01,10542.6409493895,15061.1151082404,20722.2717628866,10145.8092408468,2765.79133368508,18056.4096971532
2016-02-01,1838.70195505533,4226.811544111,3438.67349234933,2433.50234749267,343.014384721667,4773.08003974533
2016-03-01,5725.57426414967,10806.5611413991,13469.6848233658,7813.60479162707,1571.22210411283,10114.5211840284
2016-04-01,2757.09365724481,5247.78136215843,7033.63825420496,9524.58153399642,3853.09848388098,6691.99222921248
2016-05-01,2223.02406366958,5226.24251417907,4357.2173321704,13181.7139642607,5061.96583653933,4522.97560285842
2016-06-01,885.658211084267,2533.46222478347,1489.5080857216,10250.5123264096,1639.1424306208,2716.917801136
2016-07-01,106.656706263773,517.595449301057,361.451524913467,205.77373727877,125.983732624257,641.83775913347
2016-08-01,184.85045800186,736.05056180112,399.1844896709,197.412362972913,107.7200155279,0
2016-09-01,217.418877354835,750.347598875698,455.617158409655,802.56111241496,186.507638962198,121.533690189403
2016-10-01,3383.11487709854,8441.97172256908,7076.84559387807,6059.82276569949,3596.59698341491,14712.1563084858
2016-11-01,3262.77092121943,2265.94526037697,5043.18471906471,2650.162536,497.851668046997,3236.18928998812
2016-12-01,8419.52909931121,11589.5555802626,16154.3758759577,6172.84395069731,1484.8413553282,13880.8286404546
2017-01-01,14151.2513405461,46487.9416509788,27404.835386418,26968.5668625675,5210.33018520299,50178.4846998335
2017-02-01,12949.1253457892,33730.6788578115,22119.701515554,16305.8573802064,3602.75322882303,28645.3276605892
2017-03-01,3385.14830341379,6730.23755165997,8288.73718780541,6492.57193070581,1715.46535357225,5738.43050512435
2017-04-01,4460.43954501117,10805.3650246323,10951.9928174485,6069.94382012563,2888.7639193613,14188.256020402
2017-05-01,1077.34671022083,3609.02837122083,2176.1219663625,5824.37763925417,2242.34753642917,2611.75414999167
2017-06-01,1872.08139336491,749.698124788293,1434.92721862306,1884.55171798021,250.934683372123,933.39069856935
2017-07-01,236.8536749007,1401.8254958026,527.85432695545,839.2964919339,649.96006554105,1676.68981395355
2017-08-01,531.968354849957,2142.7962194354,739.638163926267,6477.56862066375,1633.73889716596,2809.72287183844
2017-09-01,2059.63207712999,2804.88870295871,2171.61515999797,6871.96202067483,1543.41512391045,2266.42593627325
2017-10-01,618.207817910196,1049.71793581875,1532.46479414996,713.945371435834,265.544485303596,2442.80352907188
2017-11-01,4480.96511927677,11269.8120005733,6993.25980839667,8056.22801665607,1957.54899667478,10948.3666155737
2017-12-01,805.4760777469,907.906523463617,1839.65360254767,988.334064,591.534660459533,697.475909803467
2018-01-01,5528.89142314112,6698.96883520138,11146.4850226434,6316.92821322125,1515.15652903992,5379.42668110087
2018-02-01,1500.1524070444,2584.6368720256,2951.3361113332,3033.4520254242,1215.6411870258,1921.480221997
2018-03-01,8376.3909462816,23032.3758606674,19968.4934455546,15528.9942328622,3697.1242813178,34531.4611027958
2018-04-01,3133.0289434402,5671.611716022,7804.45805582187,5792.6481709901,2267.5673510462,7912.88279191655
2018-05-01,2580.86007955877,6757.59920577525,5206.42704097898,12034.294654169,4580.5738909525,6370.51976576732
2018-06-01,253.946487093975,346.115412515567,597.341761722933,29.6260330888667,243.170373449417,0
2018-07-01,2248.77372150129,4667.9863432047,2769.48440511877,16750.5598640567,2334.8437049154,5422.77231685567
2018-08-01,142.895931931792,1237.48519210698,378.842204111158,3617.80599780155,338.403788773025,927.087392702325
2018-09-01,115.438153738767,236.181045605417,355.843368203917,124.216653321733,57.8753861924667,62.9617261316833
2018-10-01,971.7366716147,1888.761967955,2288.52973898267,2632.31493875433,2541.87215055217,2087.56387785188
2018-11-01,6713.28679458398,9332.57824255515,10146.6017233689,7072.05360747585,1838.02758125715,15626.9268487652
2018-12-01,5466.17675582295,4695.69594091283,10539.7130409081,3893.73276377993,734.983322721375,9176.00364753045
2019-01-01,,,,,,
2019-02-01,,,,,,
2019-03-01,,,,,,
2019-04-01,,,,,,
2019-05-01,,,,,,
2019-06-01,,,,,,
2019-07-01,,,,,,
2019-08-01,,,,,,
2019-09-01,,,,,,
2019-10-01,,,,,,
2019-11-01,,,,,,
2019-12-01,,,,,,
2020-01-01,,,,,,
2020-02-01,,,,,,
2020-03-01,,,,,,
2020-04-01,,,,,,
2020-05-01,,,,,,
2020-06-01,,,,,,
2020-07-01,,,,,,
2020-08-01,,,,,,
2020-09-01,,,,,,
2020-10-01,,,,,,
2020-11-01,,,,,,
2020-12-01,,,,,,
2021-01-01,,,,,,
2021-02-01,,,,,,
2021-03-01,,,,,,
2021-04-01,,,,,,
2021-05-01,,,,,,
2021-06-01,,,,,,
2021-07-01,,,,,,
2021-08-01,,,,,,
2021-09-01,,,,,,
2021-10-01,,,,,,
2021-11-01,,,,,,
2021-12-01,,,,,,
2022-01-01,,,,,,
2022-02-01,,,,,,
2022-03-01,,,,,,
2022-04-01,,,,,,
2022-05-01,,,,,,
2022-06-01,,,,,,
2022-07-01,,,,,,
2022-08-01,,,,,,
2022-09-01,,,,,,
2022-10-01,,,,,,
2022-11-01,,,,,,
2022-12-01,,,,,,
