Date,"(37.75,-119.25)","(37.75,-118.75)","(38.25,-119.25)","(38.25,-118.75)",Days per Month,CRUTS_PET,CRUTS_PET_NO_MOUNTAIN (in)
1/1/1901,1.2,1.2,1.1,1.1,31,35.65,1.3832021
2/1/1901,1.3000001,1.4,1.3000001,1.4,28,37.8000014,1.506561717
3/1/1901,2.1000001,2.2,2.1000001,2.3,31,67.42500155,2.685039411
4/1/1901,3.2,3.4,3.2,3.5,30,99.75,3.976377953
5/1/1901,4,4.3,4,4.4,31,129.425,5.166666667
6/1/1901,5.8,6,5.8,6.3,30,179.25,7.125984252
7/1/1901,6.4,6.8,6.5,7.2000003,31,208.4750023,8.339895135
8/1/1901,5.7000003,6.1,5.7000003,6.2000003,31,183.675007,7.32283489
9/1/1901,4.5,4.7000003,4.4,4.8,30,138.0000023,5.472441063
10/1/1901,3,3.2,3,3.2,31,96.1,3.824146982
11/1/1901,1.8000001,1.8000001,1.8000001,1.9,30,54.75000225,2.165354409
12/1/1901,1.4,1.4,1.3000001,1.4,31,42.62500078,1.667979043
1/1/1902,1.3000001,1.3000001,1.2,1.2,31,38.75000155,1.505249385
2/1/1902,1.4,1.6,1.4,1.5,28,41.3,1.653543307
3/1/1902,1.9,2,1.9,2.1000001,31,61.22500078,2.440944923
4/1/1902,3,3.2,2.9,3.3,30,93,3.700787402
5/1/1902,4.1,4.3,4.1,4.5,31,131.75,5.248031496
6/1/1902,6.2000003,6.6,6.2000003,6.8,30,193.5000045,7.716535551
7/1/1902,6.6,7,6.7000003,7.3,31,213.9000023,8.543307209
8/1/1902,5.7000003,6,5.7000003,6.2000003,31,182.900007,7.282152475
9/1/1902,4.8,5.1,4.8,5.2000003,30,149.2500023,5.944882008
10/1/1902,3,3.1000001,3,3.2,31,95.32500078,3.783464608
11/1/1902,1.6,1.7,1.6,1.7,30,49.5,1.968503937
12/1/1902,1.2,1.3000001,1.2,1.3000001,31,38.75000155,1.54593184
1/1/1903,1,1.1,1,1,31,31.775,1.261154856
2/1/1903,1.6,1.6,1.6,1.7,28,45.5,1.800524934
3/1/1903,1.9,2,1.9,2.1000001,31,61.22500078,2.440944923
4/1/1903,3,3.2,3,3.3,30,93.75,3.74015748
5/1/1903,4.7000003,5,4.7000003,5.2000003,31,151.900007,6.061680034
6/1/1903,6,6.4,6,6.6,30,187.5,7.480314961
7/1/1903,6.2000003,6.6,6.3,6.9,31,201.5000023,8.05511811
8/1/1903,5.9,6.2000003,6,6.5,31,190.6500023,7.607611671
9/1/1903,4.5,4.7000003,4.5,4.9,30,139.5000023,5.55118122
10/1/1903,3.1000001,3.3,3.1000001,3.4,31,99.97500155,3.986876681
11/1/1903,1.8000001,1.8000001,1.7,1.9,30,54.0000015,2.125984291
12/1/1903,1.3000001,1.4,1.3000001,1.4,31,41.85000155,1.667979043
1/1/1904,1.4,1.5,1.4,1.4,31,44.175,1.749343832
2/1/1904,1.5,1.6,1.5,1.6,29,44.95,1.788713911
3/1/1904,1.8000001,2,1.9,2.1000001,31,60.45000155,2.440944923
4/1/1904,3.1000001,3.3,3.1000001,3.4,30,96.7500015,3.858267756
5/1/1904,5,5.3,5,5.5,31,161.2,6.427821522
6/1/1904,6.2000003,6.5,6.3,6.9,30,194.2500023,7.755905512
7/1/1904,6.4,6.8,6.5,7.2000003,31,208.4750023,8.339895135
8/1/1904,5.9,6.4,6,6.5,31,192.2,7.688976378
9/1/1904,4.4,4.6,4.4,4.8,30,136.5,5.433070866
10/1/1904,2.8,2.9,2.8,3,31,89.125,3.539370079
11/1/1904,2.1000001,2.2,2,2.2,30,63.75000075,2.519685039
12/1/1904,1.3000001,1.3000001,1.2,1.3000001,31,39.52500233,1.54593184
1/1/1905,1.3000001,1.4,1.2,1.3000001,31,40.30000155,1.586614214
2/1/1905,1.6,1.7,1.5,1.7,28,45.5,1.800524934
3/1/1905,2,2.2,2,2.3,31,65.875,2.644356955
4/1/1905,3.3,3.5,3.3,3.7,30,103.5,4.133858268
5/1/1905,4.2000003,4.5,4.2000003,4.6,31,135.6250047,5.410761277
6/1/1905,5.8,6.2000003,5.8,6.6,30,183.0000023,7.322834764
7/1/1905,6.8,7.2000003,6.9,7.8,31,222.4250023,8.909448941
8/1/1905,6,6.4,6.1,6.8,31,196.075,7.851706037
9/1/1905,4.8,5.1,4.7000003,5.1,30,147.7500023,5.86614185
10/1/1905,3.3,3.4,3.2,3.5,31,103.85,4.108923885
11/1/1905,2.1000001,2.1000001,2,2.1000001,30,62.25000225,2.440944961
12/1/1905,1.3000001,1.3000001,1.3000001,1.3000001,31,40.3000031,1.586614295
1/1/1906,1.5,1.5,1.4,1.4,31,44.95,1.749343832
2/1/1906,1.6,1.7,1.6,1.7,28,46.2,1.837270341
3/1/1906,2,2.1000001,2,2.2,31,64.32500078,2.562992167
4/1/1906,3,3.2,3.1000001,3.4,30,95.25000075,3.818897677
5/1/1906,4,4.3,4,4.4,31,129.425,5.166666667
6/1/1906,5.5,6,5.5,6,30,172.5,6.88976378
7/1/1906,6.9,7.3,7,7.7000003,31,223.9750023,8.950131356
8/1/1906,5.8,6.2000003,6,6.5,31,189.8750023,7.607611671
9/1/1906,4.8,5,4.7000003,5.1,30,147.0000023,5.826771772
10/1/1906,3.2,3.3,3.2,3.5,31,102.3,4.06824147
11/1/1906,2,2.1000001,1.9,2,30,60.00000075,2.362204764
12/1/1906,1,1.1,1,1.1,31,32.55,1.30183727
1/1/1907,1.2,1.2,1,1.1,31,34.875,1.342519685
2/1/1907,1.3000001,1.5,1.5,1.6,28,41.3000007,1.690288714
3/1/1907,1.9,2,1.9,2.1000001,31,61.22500078,2.440944923
4/1/1907,3.3,3.6000001,3.4,3.8,30,105.7500008,4.251968543
5/1/1907,4.6,4.8,4.7000003,5.1,31,148.8000023,5.939632668
6/1/1907,5.6,6,5.6,6.2000003,30,175.5000023,7.007874134
7/1/1907,6.6,7,6.8,7.4,31,215.45,8.624671916
8/1/1907,5.8,6.1,5.9,6.4,31,187.55,7.485564304
9/1/1907,4.4,4.6,4.3,4.7000003,30,135.0000023,5.354330827
10/1/1907,2.5,2.6000001,2.5,2.7,31,79.82500078,3.173228387
11/1/1907,2,2,2,2.1000001,30,60.75000075,2.401574843
12/1/1907,1.1,1.2,1.1,1.2,31,35.65,1.423884514
1/1/1908,1.2,1.2,1.1,1.1,31,35.65,1.3832021
2/1/1908,1.5,1.7,1.6,1.7,29,47.125,1.902887139
3/1/1908,2.5,2.6000001,2.5,2.8,31,80.60000078,3.213910802
4/1/1908,3.7,3.9,3.8,4.1,30,116.25,4.645669291
5/1/1908,4.2000003,4.4,4.2000003,4.6,31,134.8500047,5.370078862
6/1/1908,5.7000003,6.1,5.9,6.4,30,180.7500023,7.244094488
7/1/1908,6.9,7.4,7.1,7.8,31,226.3,9.072178478
8/1/1908,6.1,6.5,6.2000003,6.8,31,198.4000023,7.933070988
9/1/1908,4.6,4.9,4.6,5,30,143.25,5.708661417
10/1/1908,3,3.1000001,2.8,3,31,92.22500078,3.620734949
11/1/1908,2,2.1000001,2,2.1000001,30,61.5000015,2.440944961
12/1/1908,1.2,1.2,1.1,1.2,31,36.425,1.423884514
1/1/1909,1,1.2,0.90000004,0.90000004,31,31.00000062,1.220472473
2/1/1909,1.3000001,1.5,1.2,1.3000001,28,37.1000014,1.46981631
3/1/1909,2,2.2,2,2.2,31,65.1,2.603674541
4/1/1909,3.9,4.1,3.9,4.2000003,30,120.7500023,4.803149724
5/1/1909,4.8,5.1,4.8,5.1,31,153.45,6.102362205
6/1/1909,5.9,6.5,6,6.6,30,187.5,7.519685039
7/1/1909,6.6,7.1,6.8,7.4,31,216.225,8.665354331
8/1/1909,5.9,6.4,6.2000003,6.7000003,31,195.3000047,7.851706281
9/1/1909,4.7000003,4.9,4.6,5,30,144.0000023,5.708661417
10/1/1909,2.9,3.1000001,2.8,3.1000001,31,92.22500155,3.661417404
11/1/1909,1.7,1.9,1.7,1.8000001,30,53.25000075,2.125984291
12/1/1909,1.3000001,1.3000001,1.1,1.2,31,37.97500155,1.46456697
1/1/1910,1.4,1.4,1.2,1.3000001,31,41.07500078,1.586614214
2/1/1910,1.6,1.7,1.6,1.7,28,46.2,1.837270341
3/1/1910,2.5,2.7,2.5,2.9,31,82.15,3.295275591
4/1/1910,3.8,4.1,3.8,4.3,30,120,4.803149606
5/1/1910,5.2000003,5.6,5.3,5.9,31,170.5000023,6.834645669
6/1/1910,6.1,6.6,6.2000003,6.8,30,192.7500023,7.716535551
7/1/1910,7,7.5,7.2000003,7.8,31,228.6250023,9.153543429
8/1/1910,6.2000003,6.7000003,6.3,6.9,31,202.2750047,8.095800647
9/1/1910,4.8,5,4.7000003,5.1,30,147.0000023,5.826771772
10/1/1910,3.2,3.3,3.1000001,3.4,31,100.7500008,3.986876681
11/1/1910,1.9,2,1.9,2.1000001,30,59.25000075,2.362204764
12/1/1910,1.3000001,1.4,1.3000001,1.3000001,31,41.07500233,1.627296669
1/1/1911,1.4,1.4,1.2,1.3000001,31,41.07500078,1.586614214
2/1/1911,1.5,1.5,1.4,1.5,28,41.3,1.6167979
3/1/1911,2.1000001,2.3,2.2,2.5,31,70.52500078,2.847769029
4/1/1911,3.2,3.4,3.2,3.6000001,30,100.5000008,4.015748071
5/1/1911,4.4,4.7000003,4.4,4.8,31,141.8250023,5.654855765
6/1/1911,5.9,6.4,5.9,6.6,30,186,7.440944882
7/1/1911,6.9,7.3,7,7.5,31,222.425,8.868766404
8/1/1911,6,6.4,6.1,6.7000003,31,195.3000023,7.811023744
9/1/1911,4.3,4.6,4.4,4.7000003,30,135.0000023,5.393700906
10/1/1911,3,3.1000001,3,3.2,31,95.32500078,3.783464608
11/1/1911,2.1000001,2.2,2,2.1000001,30,63.0000015,2.480315
12/1/1911,1.4,1.5,1.4,1.4,31,44.175,1.749343832
1/1/1912,1.2,1.2,1,1.2,31,35.65,1.3832021
2/1/1912,1.8000001,1.9,1.8000001,1.9,29,53.65000145,2.131233634
3/1/1912,2.1000001,2.2,2.1000001,2.3,31,67.42500155,2.685039411
4/1/1912,2.9,3.1000001,2.9,3.1000001,30,90.0000015,3.582677244
5/1/1912,4.4,4.7000003,4.3,4.8,31,141.0500023,5.61417335
6/1/1912,5.8,6.2000003,5.9,6.4,30,182.2500023,7.283464685
7/1/1912,6.5,6.9,6.6,7.2000003,31,210.8000023,8.421259965
8/1/1912,5.9,6.2000003,5.9,6.5,31,189.8750023,7.566929256
9/1/1912,4.5,4.8,4.4,4.8,30,138.75,5.511811024
10/1/1912,2.9,3,2.9,3.1000001,31,92.22500078,3.661417364
11/1/1912,2,2.1000001,1.9,2.1000001,30,60.7500015,2.401574882
12/1/1912,1.5,1.5,1.4,1.4,31,44.95,1.749343832
1/1/1913,1.4,1.4,1.3000001,1.3000001,31,41.85000155,1.627296669
2/1/1913,1.7,1.8000001,1.7,1.9,28,49.7000007,1.984252005
3/1/1913,2.3,2.5,2.4,2.7,31,76.725,3.091863517
4/1/1913,3.3,3.6000001,3.4,3.8,30,105.7500008,4.251968543
5/1/1913,4.5,4.9,4.5,5.1,31,147.25,5.898950131
6/1/1913,5.3,5.7000003,5.3,5.9,30,166.5000023,6.653543425
7/1/1913,6.4,6.8,6.6,7.1,31,208.475,8.339895013
8/1/1913,5.8,6.2000003,5.9,6.5,31,189.1000023,7.566929256
9/1/1913,4.8,5.1,4.7000003,5.1,30,147.7500023,5.86614185
10/1/1913,3.3,3.4,3.2,3.4,31,103.075,4.06824147
11/1/1913,1.6,1.6,1.6,1.7,30,48.75,1.929133858
12/1/1913,1.3000001,1.3000001,1.2,1.3000001,31,39.52500233,1.54593184
1/1/1914,1,1.1,0.90000004,1,31,31.00000031,1.220472457
2/1/1914,1.5,1.6,1.5,1.5,28,42.7,1.690288714
3/1/1914,2.5,2.7,2.6000001,2.9,31,82.92500078,3.335958046
4/1/1914,3,3.3,3,3.4,30,95.25,3.818897638
5/1/1914,4.6,5,4.7000003,5.2000003,31,151.1250047,6.061680034
6/1/1914,5.6,6,5.6,6.2000003,30,175.5000023,7.007874134
7/1/1914,6.7000003,7.1,6.8,7.5,31,217.7750023,8.706036745
8/1/1914,6.2000003,6.6,6.3,6.8,31,200.7250023,8.014435696
9/1/1914,4.5,4.8,4.5,4.9,30,140.25,5.590551181
10/1/1914,2.9,3,2.9,3.1000001,31,92.22500078,3.661417364
11/1/1914,2.2,2.3,2.2,2.4,30,68.25,2.716535433
12/1/1914,1.3000001,1.3000001,1.2,1.2,31,38.75000155,1.505249385
1/1/1915,1.2,1.3000001,1.1,1.2,31,37.20000078,1.46456697
2/1/1915,1.2,1.3000001,1.2,1.3000001,28,35.0000014,1.396325533
3/1/1915,2.2,2.4,2.3,2.5,31,72.85,2.929133858
4/1/1915,2.8,3.1000001,2.9,3.4,30,91.50000075,3.700787441
5/1/1915,3.8,4.2000003,3.8,4.3,31,124.7750023,5.00393713
6/1/1915,5.7000003,6.2000003,5.9,6.4,30,181.5000045,7.283464685
7/1/1915,6.6,7,6.7000003,7.3,31,213.9000023,8.543307209
8/1/1915,6.3,6.7000003,6.4,6.9,31,203.8250023,8.136483062
9/1/1915,4.7000003,4.9,4.6,4.9,30,143.2500023,5.669291339
10/1/1915,3.6000001,3.7,3.5,3.8,31,113.1500008,4.475065617
11/1/1915,1.9,2,1.9,2,30,58.5,2.322834646
12/1/1915,1.3000001,1.4,1.2,1.3000001,31,40.30000155,1.586614214
1/1/1916,1.1,1.1,0.90000004,0.90000004,31,31.00000062,1.179790059
2/1/1916,1.5,1.6,1.4,1.5,29,43.5,1.712598425
3/1/1916,2.4,2.6000001,2.4,2.7,31,78.27500078,3.132545972
4/1/1916,3.6000001,3.9,3.6000001,4,30,113.2500015,4.527559094
5/1/1916,4.6,4.9,4.6,5.1,31,148.8,5.939632546
6/1/1916,6.1,6.6,6.1,6.7000003,30,191.2500023,7.637795394
7/1/1916,6.9,7.3,7,7.6,31,223.2,8.909448819
8/1/1916,5.9,6.3,5.9,6.4,31,189.875,7.566929134
9/1/1916,4.8,5.1,4.8,5.1,30,148.5,5.905511811
10/1/1916,2.7,2.9,2.7,2.8,31,86.025,3.417322835
11/1/1916,2,2,2,2.1000001,30,60.75000075,2.401574843
12/1/1916,1.4,1.4,1.2,1.3000001,31,41.07500078,1.586614214
1/1/1917,1.2,1.3000001,1.1,1.1,31,36.42500078,1.423884555
2/1/1917,1.6,1.7,1.5,1.6,28,44.8,1.763779528
3/1/1917,2.1000001,2.3,2.1000001,2.3,31,68.20000155,2.725721825
4/1/1917,3.2,3.5,3.2,3.4,30,99.75,3.976377953
5/1/1917,3.9,4.2000003,4,4.3,31,127.1000023,5.085301959
6/1/1917,6.3,6.8,6.4,6.9,30,198,7.913385827
7/1/1917,6.9,7.4,7.2000003,7.8,31,227.0750023,9.112861014
8/1/1917,6.2000003,6.6,6.3,6.8,31,200.7250023,8.014435696
9/1/1917,4.7000003,5,4.7000003,5.1,30,146.2500045,5.826771772
10/1/1917,3.6000001,3.8,3.6000001,3.9,31,115.4750016,4.597112902
11/1/1917,2.1000001,2.2,2.1000001,2.2,30,64.5000015,2.559055157
12/1/1917,1.4,1.5,1.4,1.5,31,44.95,1.790026247
1/1/1918,1.2,1.3000001,1.2,1.2,31,37.97500078,1.505249385
2/1/1918,1.5,1.7,1.5,1.6,28,44.1,1.763779528
3/1/1918,2,2.2,2,2.3,31,65.875,2.644356955
4/1/1918,3.5,3.7,3.5,3.8,30,108.75,4.330708661
5/1/1918,4.4,4.7000003,4.5,4.9,31,143.3750023,5.736220594
6/1/1918,6.5,7,6.6,7.2000003,30,204.7500023,8.188976496
7/1/1918,6.6,7.1,6.6,7.4,31,214.675,8.583989501
8/1/1918,5.9,6.2000003,5.9,6.4,31,189.1000023,7.526246841
9/1/1918,4.2000003,4.5,4.2000003,4.6,30,131.2500045,5.236220591
10/1/1918,2.9,3,2.9,3.1000001,31,92.22500078,3.661417364
11/1/1918,1.8000001,1.9,1.7,1.8000001,30,54.0000015,2.125984291
12/1/1918,1.3000001,1.3000001,1.3000001,1.3000001,31,40.3000031,1.586614295
1/1/1919,1.5,1.5,1.4,1.5,31,45.725,1.790026247
2/1/1919,1.2,1.3000001,1.2,1.3000001,28,35.0000014,1.396325533
3/1/1919,1.9,2.1000001,2,2.2,31,63.55000078,2.562992167
4/1/1919,3.4,3.7,3.5,3.9,30,108.75,4.37007874
5/1/1919,4.8,5.2000003,5,5.6,31,159.6500023,6.427821644
6/1/1919,6.1,6.7000003,6.1,6.8,30,192.7500023,7.716535551
7/1/1919,6.9,7.3,6.9,7.8,31,223.975,8.950131234
8/1/1919,6.2000003,6.6,6.2000003,6.8,31,199.9500047,7.973753403
9/1/1919,4.7000003,4.9,4.5,5,30,143.2500023,5.669291339
10/1/1919,2.9,3,2.8,3,31,90.675,3.580052493
11/1/1919,2,2.1000001,2,2.1000001,30,61.5000015,2.440944961
12/1/1919,1.3000001,1.4,1.2,1.3000001,31,40.30000155,1.586614214
1/1/1920,1.4,1.4,1.4,1.4,31,43.4,1.708661417
2/1/1920,1.6,1.7,1.6,1.8000001,29,48.57500073,1.94094492
3/1/1920,2,2.2,2,2.3,31,65.875,2.644356955
4/1/1920,3.2,3.4,3.2,3.4,30,99,3.937007874
5/1/1920,4.7000003,5.1,4.8,5.2000003,31,153.4500047,6.143044741
6/1/1920,5.6,6.1,5.7000003,6.2000003,30,177.0000045,7.086614409
7/1/1920,6.7000003,7.2000003,6.9,7.4,31,218.5500047,8.746719282
8/1/1920,5.9,6.3,6.1,6.5,31,192.2,7.688976378
9/1/1920,4.3,4.6,4.4,4.7000003,30,135.0000023,5.393700906
10/1/1920,2.8,2.9,2.7,2.9,31,87.575,3.458005249
11/1/1920,1.7,1.8000001,1.7,1.8000001,30,52.5000015,2.086614252
12/1/1920,1.1,1.2,1.1,1.2,31,35.65,1.423884514
1/1/1921,1.1,1.2,1.1,1.2,31,35.65,1.423884514
2/1/1921,1.7,1.8000001,1.8000001,2,28,51.1000014,2.057742856
3/1/1921,2.2,2.4,2.3,2.5,31,72.85,2.929133858
4/1/1921,3.4,3.6000001,3.4,3.7,30,105.7500008,4.212598465
5/1/1921,4,4.3,4.1,4.4,31,130.2,5.207349081
6/1/1921,5.8,6.3,5.9,6.3,30,182.25,7.283464567
7/1/1921,7,7.4,7.1,7.7000003,31,226.3000023,9.031496185
8/1/1921,6,6.4,6.1,6.5,31,193.75,7.729658793
9/1/1921,4.7000003,5,4.7000003,5,30,145.5000045,5.787401693
10/1/1921,3.3,3.4,3.4,3.6000001,31,106.1750008,4.230971169
11/1/1921,2.1000001,2.2,2.2,2.3,30,66.00000075,2.637795276
12/1/1921,1.3000001,1.3000001,1.2,1.3000001,31,39.52500233,1.54593184
1/1/1922,1.3000001,1.3000001,1.2,1.2,31,38.75000155,1.505249385
2/1/1922,1.4,1.5,1.3000001,1.4,28,39.2000007,1.543307123
3/1/1922,2.1000001,2.2,2.1000001,2.2,31,66.65000155,2.644356996
4/1/1922,3.3,3.5,3.3,3.4,30,101.25,4.015748031
5/1/1922,4.8,5.1,4.9,5.2000003,31,155.0000023,6.183727156
6/1/1922,6,6.5,6.1,6.7000003,30,189.7500023,7.598425315
7/1/1922,6.9,7.4,7.1,7.7000003,31,225.5250023,9.031496185
8/1/1922,5.9,6.2000003,5.9,6.4,31,189.1000023,7.526246841
9/1/1922,5.2000003,5.4,5.2000003,5.6,30,160.5000045,6.377952874
10/1/1922,3.1000001,3.2,3.1000001,3.3,31,98.42500155,3.905511852
11/1/1922,2,2,1.9,1.9,30,58.5,2.283464567
12/1/1922,1.3000001,1.3000001,1.1,1.2,31,37.97500155,1.46456697
1/1/1923,1.2,1.3000001,1.1,1.2,31,37.20000078,1.46456697
2/1/1923,1.8000001,1.9,1.7,1.8000001,28,50.4000014,1.984252005
3/1/1923,2.7,2.9,2.6000001,2.7,31,84.47500078,3.335958046
4/1/1923,3,3.2,3,3.4,30,94.5,3.779527559
5/1/1923,4.6,4.9,4.6,5.1,31,148.8,5.939632546
6/1/1923,5.2000003,5.6,5.2000003,5.8,30,163.5000045,6.535433189
7/1/1923,6.7000003,7.2000003,6.9,7.5,31,219.3250047,8.787401697
8/1/1923,6,6.3,6,6.5,31,192.2,7.648293963
9/1/1923,4.6,4.9,4.5,4.8,30,141,5.590551181
10/1/1923,3,3.1000001,2.9,3.1000001,31,93.77500155,3.702099819
11/1/1923,2.1000001,2.2,2.1000001,2.3,30,65.2500015,2.598425236
12/1/1923,1.4,1.4,1.3000001,1.4,31,42.62500078,1.667979043
1/1/1924,1.5,1.5,1.4,1.4,31,44.95,1.749343832
2/1/1924,1.8000001,2,1.9,2.1000001,29,56.55000145,2.283464605
3/1/1924,2.3,2.4,2.2,2.4,31,72.075,2.847769029
4/1/1924,3.6000001,3.8,3.6000001,3.9,30,111.7500015,4.448818937
5/1/1924,5.3,5.7000003,5.4,5.9,31,172.8250023,6.916010621
6/1/1924,6.3,6.8,6.4,7,30,198.75,7.952755906
7/1/1924,6.8,7.3,7,7.7000003,31,223.2000023,8.950131356
8/1/1924,6.1,6.5,6.2000003,6.7000003,31,197.6250047,7.892388696
9/1/1924,5.1,5.4,5.1,5.5,30,158.25,6.299212598
10/1/1924,2.9,3.1000001,2.9,3.2,31,93.77500078,3.742782193
11/1/1924,2,2.1000001,2,2.1000001,30,61.5000015,2.440944961
12/1/1924,1.4,1.4,1.3000001,1.4,31,42.62500078,1.667979043
1/1/1925,1.3000001,1.4,1.3000001,1.4,31,41.85000155,1.667979043
2/1/1925,1.5,1.6,1.5,1.7,28,44.1,1.763779528
3/1/1925,2.4,2.5,2.4,2.7,31,77.5,3.091863517
4/1/1925,3,3.3,3.1000001,3.6000001,30,97.5000015,3.937007953
5/1/1925,4.4,4.8,4.5,5.1,31,145.7,5.858267717
6/1/1925,5.9,6.3,5.9,6.5,30,184.5,7.362204724
7/1/1925,6.6,7,6.7000003,7.4,31,214.6750023,8.583989623
8/1/1925,5.7000003,6.1,5.7000003,6.3,31,184.4500047,7.363517182
9/1/1925,4.2000003,4.5,4.2000003,4.6,30,131.2500045,5.236220591
10/1/1925,3.1000001,3.2,3,3.3,31,97.65000078,3.864829396
11/1/1925,1.8000001,1.9,1.8000001,1.9,30,55.5000015,2.204724449
12/1/1925,1.4,1.4,1.3000001,1.4,31,42.62500078,1.667979043
1/1/1926,1.3000001,1.4,1.4,1.4,31,42.62500078,1.708661417
2/1/1926,1.5,1.6,1.5,1.6,28,43.4,1.727034121
3/1/1926,2.6000001,2.8,2.7,3,31,86.02500078,3.458005249
4/1/1926,3.1000001,3.3,3.2,3.7,30,99.75000075,4.015748031
5/1/1926,4.8,5.1,4.9,5.5,31,157.325,6.305774278
6/1/1926,6.5,6.9,6.6,7.3,30,204.75,8.188976378
7/1/1926,7,7.5,7.1,7.7000003,31,227.0750023,9.0721786
8/1/1926,6.2000003,6.5,6.2000003,6.8,31,199.1750047,7.933070988
9/1/1926,4.8,5,4.8,5.1,30,147.75,5.866141732
10/1/1926,3.3,3.4,3.3,3.6000001,31,105.4000008,4.190288755
11/1/1926,2,2.1000001,1.9,2.1000001,30,60.7500015,2.401574882
12/1/1926,1.4,1.3000001,1.3000001,1.3000001,31,41.07500233,1.586614295
1/1/1927,1.2,1.3000001,1.2,1.3000001,31,38.75000155,1.54593184
2/1/1927,1.3000001,1.5,1.3000001,1.5,28,39.2000014,1.58005253
3/1/1927,2.1000001,2.2,2.2,2.4,31,68.97500078,2.766404199
4/1/1927,3.3,3.5,3.3,3.7,30,103.5,4.133858268
5/1/1927,4.9,5.2000003,4.9,5.3,31,157.3250023,6.265091986
6/1/1927,6,6.4,6,6.7000003,30,188.2500023,7.519685157
7/1/1927,7,7.5,7.2000003,7.8,31,228.6250023,9.153543429
8/1/1927,6,6.4,6,6.6,31,193.75,7.729658793
9/1/1927,4.4,4.7000003,4.4,4.8,30,137.2500023,5.472441063
10/1/1927,3.4,3.5,3.4,3.6000001,31,107.7250008,4.271653584
11/1/1927,1.6,1.7,1.7,1.8000001,30,51.00000075,2.047244134
12/1/1927,1.4,1.4,1.4,1.4,31,43.4,1.708661417
1/1/1928,1.2,1.3000001,1.2,1.3000001,31,38.75000155,1.54593184
2/1/1928,1.7,1.9,1.7,1.9,29,52.2,2.093175853
3/1/1928,2.2,2.4,2.2,2.6000001,31,72.85000078,2.929133899
4/1/1928,3.4,3.7,3.4,3.8,30,107.25,4.291338583
5/1/1928,5,5.4,5.2000003,5.7000003,31,165.0750047,6.63123384
6/1/1928,6.2000003,6.6,6.2000003,6.8,30,193.5000045,7.716535551
7/1/1928,6.9,7.4,7.1,7.8,31,226.3,9.072178478
8/1/1928,6.2000003,6.6,6.3,6.8,31,200.7250023,8.014435696
9/1/1928,5,5.3,5.1,5.5,30,156.75,6.25984252
10/1/1928,3.1000001,3.2,3.1000001,3.3,31,98.42500155,3.905511852
11/1/1928,1.9,2,2,2.1000001,30,60.00000075,2.401574843
12/1/1928,1.3000001,1.3000001,1.3000001,1.3000001,31,40.3000031,1.586614295
1/1/1929,1.3000001,1.3000001,1.3000001,1.3000001,31,40.3000031,1.586614295
2/1/1929,1.8000001,1.9,1.7,1.8000001,28,50.4000014,1.984252005
3/1/1929,2.4,2.6000001,2.5,2.7,31,79.05000078,3.173228387
4/1/1929,3.1000001,3.3,3.1000001,3.3,30,96.0000015,3.818897677
5/1/1929,4.9,5.3,5,5.4,31,159.65,6.387139108
6/1/1929,5.7000003,6.2000003,5.7000003,6.4,30,180.0000068,7.204724646
7/1/1929,6.8,7.3,7,7.6,31,222.425,8.909448819
8/1/1929,6.1,6.5,6.3,6.8,31,199.175,7.973753281
9/1/1929,4.8,5.1,4.9,5.2000003,30,150.0000023,5.984252087
10/1/1929,3.4,3.5,3.4,3.6000001,31,107.7250008,4.271653584
11/1/1929,2.3,2.4,2.2,2.4,30,69.75,2.755905512
12/1/1929,1.4,1.5,1.4,1.5,31,44.95,1.790026247
1/1/1930,1.3000001,1.3000001,1.1,1.2,31,37.97500155,1.46456697
2/1/1930,1.8000001,2,1.8000001,2,28,53.2000014,2.131233633
3/1/1930,2.3,2.5,2.4,2.6000001,31,75.95000078,3.051181143
4/1/1930,3.3,3.6000001,3.3,3.7,30,104.2500008,4.173228386
5/1/1930,4.1,4.3,4.1,4.4,31,130.975,5.207349081
6/1/1930,6.3,6.9,6.4,7,30,199.5,7.992125984
7/1/1930,6.8,7.3,7,7.6,31,222.425,8.909448819
8/1/1930,5.8,6.3,5.9,6.4,31,189.1,7.566929134
9/1/1930,4.3,4.6,4.4,4.8,30,135.75,5.433070866
10/1/1930,3.1000001,3.2,3.1000001,3.2,31,97.65000155,3.864829437
11/1/1930,2.2,2.2,2.1000001,2.2,30,65.25000075,2.559055157
12/1/1930,1.6,1.7,1.5,1.5,31,48.825,1.912073491
1/1/1931,1.4,1.5,1.3000001,1.4,31,43.40000078,1.708661458
2/1/1931,1.5,1.7,1.5,1.7,28,44.8,1.800524934
3/1/1931,2.4,2.6000001,2.4,2.7,31,78.27500078,3.132545972
4/1/1931,3.9,4.1,3.9,4.2000003,30,120.7500023,4.803149724
5/1/1931,5,5.4,5.2000003,5.6,31,164.3000023,6.590551303
6/1/1931,5.5,6,5.6,6.3,30,175.5,7.047244094
7/1/1931,7.2000003,7.7000003,7.5,8.2,31,237.1500047,9.519685161
8/1/1931,6.2000003,6.5,6.3,6.7000003,31,199.1750047,7.933070988
9/1/1931,4.4,4.7000003,4.4,4.7000003,30,136.5000045,5.433071102
10/1/1931,3.1000001,3.2,3.1000001,3.4,31,99.20000155,3.946194266
11/1/1931,1.9,1.9,1.8000001,1.9,30,56.25000075,2.204724449
12/1/1931,1.3000001,1.3000001,1.1,1.2,31,37.97500155,1.46456697
1/1/1932,1.3000001,1.3000001,1.2,1.2,31,38.75000155,1.505249385
2/1/1932,1.6,1.7,1.6,1.6,29,47.125,1.864829396
3/1/1932,2.4,2.6000001,2.4,2.6000001,31,77.50000155,3.091863598
4/1/1932,3.2,3.5,3.2,3.6000001,30,101.2500008,4.05511815
5/1/1932,4.5,4.8,4.4,4.8,31,143.375,5.695538058
6/1/1932,6.1,6.6,6.2000003,6.7000003,30,192.0000045,7.677165591
7/1/1932,6.8,7.2000003,6.9,7.5,31,220.1000023,8.787401697
8/1/1932,6.1,6.6,6.2000003,6.7000003,31,198.4000047,7.93307111
9/1/1932,5.1,5.4,5.2000003,5.5,30,159.0000023,6.338582795
10/1/1932,3.2,3.3,3.2,3.4,31,101.525,4.027559055
11/1/1932,2.2,2.3,2.2,2.3,30,67.5,2.677165354
12/1/1932,1.4,1.4,1.3000001,1.3000001,31,41.85000155,1.627296669
1/1/1933,1.2,1.2,1.1,1.2,31,36.425,1.423884514
2/1/1933,1.7,1.8000001,1.7,1.6,28,47.6000007,1.874015785
3/1/1933,2.2,2.4,2.2,2.5,31,72.075,2.888451444
4/1/1933,3.4,3.6000001,3.4,3.7,30,105.7500008,4.212598465
5/1/1933,4,4.3,4,4.3,31,128.65,5.125984252
6/1/1933,5.6,6.1,5.8,6.4,30,179.25,7.204724409
7/1/1933,7.2000003,7.7000003,7.3,8,31,234.0500047,9.356955503
8/1/1933,6.2000003,6.6,6.3,6.8,31,200.7250023,8.014435696
9/1/1933,4.8,5.1,4.8,5.3,30,150,5.984251969
10/1/1933,3.5,3.7,3.6000001,3.9,31,113.9250008,4.556430487
11/1/1933,2.3,2.4,2.3,2.4,30,70.5,2.795275591
12/1/1933,1.2,1.3000001,1.2,1.4,31,39.52500078,1.586614214
1/1/1934,1.2,1.3000001,1.2,1.3000001,31,38.75000155,1.54593184
2/1/1934,1.5,1.6,1.5,1.7,28,44.1,1.763779528
3/1/1934,2.7,3,2.8,3.3,31,91.45,3.702099738
4/1/1934,4,4.3,4.1,4.5,30,126.75,5.078740157
5/1/1934,4.9,5.3,5,5.6,31,161.2,6.468503937
6/1/1934,5.5,6,5.6,6,30,173.25,6.929133858
7/1/1934,7,7.4,7.1,7.8,31,227.075,9.072178478
8/1/1934,6.1,6.5,6.3,6.8,31,199.175,7.973753281
9/1/1934,4.9,5.2000003,5,5.3,30,153.0000023,6.102362323
10/1/1934,3.1000001,3.3,3.1000001,3.4,31,99.97500155,3.986876681
11/1/1934,1.7,1.8000001,1.6,1.8000001,30,51.7500015,2.047244173
12/1/1934,1.2,1.2,1.1,1.2,31,36.425,1.423884514
1/1/1935,1.2,1.3000001,1.1,1.2,31,37.20000078,1.46456697
2/1/1935,1.5,1.6,1.5,1.7,28,44.1,1.763779528
3/1/1935,2.1000001,2.2,2.1000001,2.3,31,67.42500155,2.685039411
4/1/1935,2.9,3.1000001,2.9,3.2,30,90.75000075,3.622047283
5/1/1935,4.4,4.7000003,4.5,4.9,31,143.3750023,5.736220594
6/1/1935,6.4,6.8,6.4,7,30,199.5,7.952755906
7/1/1935,6.6,7,6.7000003,7.3,31,213.9000023,8.543307209
8/1/1935,6.2000003,6.5,6.3,6.8,31,199.9500023,7.973753281
9/1/1935,4.9,5.2000003,5,5.4,30,153.7500023,6.141732402
10/1/1935,2.9,3,2.9,3.1000001,31,92.22500078,3.661417364
11/1/1935,2,2,1.9,1.9,30,58.5,2.283464567
12/1/1935,1.5,1.5,1.4,1.4,31,44.95,1.749343832
1/1/1936,1.3000001,1.4,1.2,1.2,31,39.52500078,1.545931759
2/1/1936,1.4,1.5,1.3000001,1.5,29,41.32500073,1.636482978
3/1/1936,2.4,2.6000001,2.4,2.7,31,78.27500078,3.132545972
4/1/1936,3.5,3.8,3.5,4,30,111,4.448818898
5/1/1936,4.8,5.1,4.7000003,5.3,31,154.2250023,6.143044741
6/1/1936,5.8,6.2000003,5.8,6.4,30,181.5000023,7.244094606
7/1/1936,6.8,7.2000003,6.9,7.5,31,220.1000023,8.787401697
8/1/1936,6.2000003,6.6,6.2000003,6.8,31,199.9500047,7.973753403
9/1/1936,4.9,5.2000003,4.9,5.2000003,30,151.5000045,6.023622283
10/1/1936,3.1000001,3.2,3.1000001,3.3,31,98.42500155,3.905511852
11/1/1936,2.3,2.3,2.3,2.4,30,69.75,2.755905512
12/1/1936,1.2,1.3000001,1.2,1.3000001,31,38.75000155,1.54593184
1/1/1937,1.4,1.4,1.3000001,1.3000001,31,41.85000155,1.627296669
2/1/1937,1.6,1.7,1.6,1.7,28,46.2,1.837270341
3/1/1937,2,2.2,2.1000001,2.4,31,67.42500078,2.725721825
4/1/1937,3.2,3.4,3.2,3.5,30,99.75,3.976377953
5/1/1937,4.9,5.3,5.1,5.6,31,161.975,6.509186352
6/1/1937,5.6,6.1,5.6,6.2000003,30,176.2500023,7.047244213
7/1/1937,6.8,7.3,7,7.6,31,222.425,8.909448819
8/1/1937,6.4,6.8,6.4,7,31,206.15,8.217847769
9/1/1937,4.9,5.1,5,5.4,30,153,6.102362205
10/1/1937,3.2,3.3,3.2,3.5,31,102.3,4.06824147
11/1/1937,1.9,2,1.8000001,2,30,57.75000075,2.283464606
12/1/1937,1.3000001,1.4,1.3000001,1.3000001,31,41.07500233,1.627296669
1/1/1938,1.2,1.2,1.1,1.2,31,36.425,1.423884514
2/1/1938,1.2,1.4,1.2,1.3000001,28,35.7000007,1.433070903
3/1/1938,1.6,1.8000001,1.6,1.8000001,31,52.70000155,2.115485646
4/1/1938,3,3.3,3.1000001,3.4,30,96.00000075,3.858267756
5/1/1938,4.4,4.7000003,4.6,4.9,31,144.1500023,5.776903009
6/1/1938,5.8,6.2000003,5.9,6.4,30,182.2500023,7.283464685
7/1/1938,6.6,7,6.8,7.3,31,214.675,8.583989501
8/1/1938,5.8,6.2000003,6,6.5,31,189.8750023,7.607611671
9/1/1938,4.7000003,5,4.8,5.2000003,30,147.7500045,5.905511929
10/1/1938,2.7,2.8,2.7,2.8,31,85.25,3.37664042
11/1/1938,2,2,1.9,2,30,59.25,2.322834646
12/1/1938,1.2,1.2,1.2,1.3000001,31,37.97500078,1.505249385
1/1/1939,1.3000001,1.3000001,1.2,1.3000001,31,39.52500233,1.54593184
2/1/1939,1.6,1.7,1.6,1.6,28,45.5,1.800524934
3/1/1939,2.1000001,2.3,2.3,2.5,31,71.30000078,2.888451444
4/1/1939,3.6000001,3.9,3.9,4.2000003,30,117.000003,4.724409567
5/1/1939,4.6,5,4.8,5.2000003,31,151.9000023,6.102362327
6/1/1939,6.1,6.5,6.1,6.7000003,30,190.5000023,7.598425315
7/1/1939,6.8,7.2000003,7,7.6,31,221.6500023,8.868766526
8/1/1939,6.2000003,6.6,6.3,6.8,31,200.7250023,8.014435696
9/1/1939,4.4,4.6,4.4,4.8,30,136.5,5.433070866
10/1/1939,3,3.1000001,2.9,3.1000001,31,93.77500155,3.702099819
11/1/1939,2.3,2.4,2.2,2.4,30,69.75,2.755905512
12/1/1939,1.4,1.4,1.3000001,1.5,31,43.40000078,1.708661458
1/1/1940,1.1,1.2,1,1.1,31,34.1,1.342519685
2/1/1940,1.2,1.4,1.2,1.4,29,37.7,1.522309711
3/1/1940,2.2,2.4,2.2,2.5,31,72.075,2.888451444
4/1/1940,3.2,3.5,3.2,3.6000001,30,101.2500008,4.05511815
5/1/1940,5,5.4,5.2000003,5.7000003,31,165.0750047,6.63123384
6/1/1940,6.3,6.9,6.6,7.2000003,30,202.5000023,8.149606417
7/1/1940,6.6,7.1,6.8,7.5,31,217,8.706036745
8/1/1940,6.1,6.5,6.3,6.9,31,199.95,8.014435696
9/1/1940,4,4.3,4.1,4.5,30,126.75,5.078740157
10/1/1940,2.9,3.1000001,3,3.2,31,94.55000078,3.783464608
11/1/1940,1.7,1.8000001,1.7,1.8000001,30,52.5000015,2.086614252
12/1/1940,1.2,1.2,1.2,1.3000001,31,37.97500078,1.505249385
1/1/1941,1.1,1.2,1.1,1.2,31,35.65,1.423884514
2/1/1941,1.2,1.3000001,1.3000001,1.4,28,36.4000014,1.469816346
3/1/1941,2,2.2,2.1000001,2.4,31,67.42500078,2.725721825
4/1/1941,2.8,3,2.9,3.1000001,30,88.50000075,3.543307126
5/1/1941,4.3,4.7000003,4.4,4.9,31,141.8250023,5.69553818
6/1/1941,5.4,5.9,5.5,6,30,171,6.850393701
7/1/1941,6.4,6.8,6.6,7.2000003,31,209.2500023,8.38057755
8/1/1941,5.3,5.7000003,5.4,5.9,31,172.8250023,6.916010621
9/1/1941,4.5,4.7000003,4.5,4.8,30,138.7500023,5.511811142
10/1/1941,2.7,2.9,2.8,2.9,31,87.575,3.498687664
11/1/1941,1.8000001,1.9,1.9,2,30,57.00000075,2.283464567
12/1/1941,1.1,1.2,1.1,1.1,31,34.875,1.3832021
1/1/1942,1.3000001,1.3000001,1.1,1.2,31,37.97500155,1.46456697
2/1/1942,1.5,1.6,1.5,1.5,28,42.7,1.690288714
3/1/1942,2.4,2.5,2.4,2.5,31,75.95,3.010498688
4/1/1942,2.9,3.2,3,3.3,30,93,3.74015748
5/1/1942,4.3,4.6,4.2000003,4.5,31,136.4000023,5.410761277
6/1/1942,5.9,6.3,5.9,6.4,30,183.75,7.322834646
7/1/1942,6.9,7.3,7.1,7.7000003,31,224.7500023,8.99081377
8/1/1942,6,6.4,6.2000003,6.7000003,31,196.0750047,7.851706281
9/1/1942,4.7000003,5,4.8,5.2000003,30,147.7500045,5.905511929
10/1/1942,3.2,3.3,3.2,3.4,31,101.525,4.027559055
11/1/1942,1.9,2,1.8000001,1.9,30,57.00000075,2.244094528
12/1/1942,1.2,1.3000001,1.2,1.3000001,31,38.75000155,1.54593184
1/1/1943,1.3000001,1.4,1.3000001,1.3000001,31,41.07500233,1.627296669
2/1/1943,1.7,1.8000001,1.7,1.8000001,28,49.0000014,1.947506635
3/1/1943,2.1000001,2.2,2.1000001,2.4,31,68.20000155,2.725721825
4/1/1943,3.3,3.6000001,3.4,3.8,30,105.7500008,4.251968543
5/1/1943,4.9,5.2000003,4.9,5.3,31,157.3250023,6.265091986
6/1/1943,5.5,5.9,5.5,5.9,30,171,6.811023622
7/1/1943,6.6,7.1,6.8,7.4,31,216.225,8.665354331
8/1/1943,5.9,6.3,6.1,6.5,31,192.2,7.688976378
9/1/1943,5,5.3,5.1,5.5,30,156.75,6.25984252
10/1/1943,3,3.1000001,3,3.2,31,95.32500078,3.783464608
11/1/1943,2,2.1000001,2,2.2,30,62.25000075,2.480315
12/1/1943,1.4,1.4,1.3000001,1.4,31,42.62500078,1.667979043
1/1/1944,1.4,1.5,1.3000001,1.4,31,43.40000078,1.708661458
2/1/1944,1.5,1.6,1.5,1.5,29,44.225,1.750656168
3/1/1944,2.4,2.5,2.4,2.6000001,31,76.72500078,3.051181143
4/1/1944,3.1000001,3.4,3.1000001,3.4,30,97.5000015,3.897637835
5/1/1944,4.7000003,5.1,4.8,5.2000003,31,153.4500047,6.143044741
6/1/1944,5.3,5.7000003,5.2000003,5.8,30,165.0000045,6.574803386
7/1/1944,6.7000003,7.1,6.8,7.5,31,217.7750023,8.706036745
8/1/1944,6.3,6.6,6.4,6.9,31,203.05,8.095800525
9/1/1944,4.9,5.2000003,5,5.3,30,153.0000023,6.102362323
10/1/1944,3.2,3.4,3.3,3.5,31,103.85,4.149606299
11/1/1944,1.6,1.6,1.5,1.6,30,47.25,1.850393701
12/1/1944,1.4,1.4,1.3000001,1.4,31,42.62500078,1.667979043
1/1/1945,1.3000001,1.4,1.2,1.3000001,31,40.30000155,1.586614214
2/1/1945,1.5,1.6,1.4,1.6,28,42.7,1.690288714
3/1/1945,2.1000001,2.2,2,2.3,31,66.65000078,2.644356955
4/1/1945,3.7,4,3.6000001,4,30,114.7500008,4.566929173
5/1/1945,4.4,4.7000003,4.4,4.8,31,141.8250023,5.654855765
6/1/1945,5.8,6.2000003,5.8,6.3,30,180.7500023,7.204724528
7/1/1945,7.1,7.4,7.2000003,7.9,31,229.4000023,9.153543429
8/1/1945,6,6.3,6.1,6.6,31,193.75,7.729658793
9/1/1945,4.8,5.1,4.9,5.2000003,30,150.0000023,5.984252087
10/1/1945,2.9,3.1000001,2.9,3.2,31,93.77500078,3.742782193
11/1/1945,1.7,1.8000001,1.6,1.7,30,51.00000075,2.007874055
12/1/1945,1.2,1.2,1.1,1.1,31,35.65,1.3832021
1/1/1946,1.5,1.5,1.4,1.5,31,45.725,1.790026247
2/1/1946,1.8000001,1.8000001,1.8000001,1.9,28,51.1000021,2.020997449
3/1/1946,2.2,2.4,2.3,2.5,31,72.85,2.929133858
4/1/1946,3.7,4,3.7,4.2000003,30,117.0000023,4.685039488
5/1/1946,4.6,5,4.8,5.2000003,31,151.9000023,6.102362327
6/1/1946,5.9,6.4,6,6.6,30,186.75,7.480314961
7/1/1946,6.5,6.9,6.7000003,7.3,31,212.3500023,8.502624794
8/1/1946,6.1,6.5,6.2000003,6.8,31,198.4000023,7.933070988
9/1/1946,4.8,5,4.8,5.1,30,147.75,5.866141732
10/1/1946,2.7,2.8,2.7,2.9,31,86.025,3.417322835
11/1/1946,1.6,1.6,1.5,1.6,30,47.25,1.850393701
12/1/1946,1.1,1.2,1.1,1.2,31,35.65,1.423884514
1/1/1947,1.4,1.5,1.4,1.5,31,44.95,1.790026247
2/1/1947,1.6,1.8000001,1.7,1.9,28,49.0000007,1.984252005
3/1/1947,2.4,2.6000001,2.4,2.7,31,78.27500078,3.132545972
4/1/1947,3.3,3.6000001,3.4,3.7,30,105.0000008,4.212598465
5/1/1947,5,5.4,5.2000003,5.7000003,31,165.0750047,6.63123384
6/1/1947,5.6,6,5.6,6.2000003,30,175.5000023,7.007874134
7/1/1947,6.6,7,6.8,7.5,31,216.225,8.665354331
8/1/1947,5.7000003,6,5.9,6.4,31,186.0000023,7.44488189
9/1/1947,5.1,5.3,5.1,5.5,30,157.5,6.25984252
10/1/1947,2.8,2.9,2.8,3.1000001,31,89.90000078,3.580052534
11/1/1947,1.7,1.7,1.6,1.7,30,50.25,1.968503937
12/1/1947,1.3000001,1.3000001,1.2,1.3000001,31,39.52500233,1.54593184
1/1/1948,1.6,1.7,1.5,1.6,31,49.6,1.952755906
2/1/1948,1.7,1.7,1.6,1.7,29,48.575,1.902887139
3/1/1948,2.1000001,2.3,2.1000001,2.3,31,68.20000155,2.725721825
4/1/1948,3.1000001,3.3,3,3.4,30,96.00000075,3.818897638
5/1/1948,4.3,4.6,4.3,4.7000003,31,138.7250023,5.532808521
6/1/1948,5.5,6,5.6,6.2000003,30,174.7500023,7.007874134
7/1/1948,6.7000003,7.1,6.9,7.5,31,218.5500023,8.74671916
8/1/1948,6,6.4,6.1,6.6,31,194.525,7.770341207
9/1/1948,4.9,5.2000003,4.9,5.3,30,152.2500023,6.062992244
10/1/1948,3,3.2,3.1000001,3.3,31,97.65000078,3.905511852
11/1/1948,2,2.1000001,1.9,2.1000001,30,60.7500015,2.401574882
12/1/1948,1.3000001,1.3000001,1.2,1.3000001,31,39.52500233,1.54593184
1/1/1949,1.3000001,1.3000001,1.4,1.2,31,40.30000155,1.586614214
2/1/1949,1.6,1.6,1.6,1.6,28,44.8,1.763779528
3/1/1949,1.9,2,1.9,2.1000001,31,61.22500078,2.440944923
4/1/1949,3.8,4.1,3.9,4.3,30,120.75,4.842519685
5/1/1949,4.4,4.6,4.4,4.9,31,141.825,5.654855643
6/1/1949,6.1,6.6,6.2000003,6.8,30,192.7500023,7.716535551
7/1/1949,6.8,7.2000003,7,7.6,31,221.6500023,8.868766526
8/1/1949,5.7000003,6.1,5.8,6.4,31,186.0000023,7.44488189
9/1/1949,4.9,5.2000003,5,5.4,30,153.7500023,6.141732402
10/1/1949,3.2,3.3,3.1000001,3.3,31,99.97500078,3.946194266
11/1/1949,2.1000001,2.2,2.1000001,2.2,30,64.5000015,2.559055157
12/1/1949,1.4,1.4,1.3000001,1.4,31,42.62500078,1.667979043
1/1/1950,1.3000001,1.4,1.2,1.2,31,39.52500078,1.545931759
2/1/1950,1.8000001,1.9,1.8000001,2,28,52.5000014,2.094488226
3/1/1950,2.3,2.4,2.2,2.5,31,72.85,2.888451444
4/1/1950,3.7,4,3.7,4,30,115.5,4.606299213
5/1/1950,4.9,5.2000003,4.9,5.3,31,157.3250023,6.265091986
6/1/1950,5.9,6.4,6,6.6,30,186.75,7.480314961
7/1/1950,6.8,7.2000003,6.9,7.6,31,220.8750023,8.828084112
8/1/1950,6.2000003,6.6,6.3,6.8,31,200.7250023,8.014435696
9/1/1950,4.3,4.5,4.3,4.6,30,132.75,5.275590551
10/1/1950,3,3.2,3,3.3,31,96.875,3.864829396
11/1/1950,1.6,1.8000001,1.6,1.8000001,30,51.0000015,2.047244173
12/1/1950,1.1,1.2,1.1,1.2,31,35.65,1.423884514
1/1/1951,1.2,1.3000001,1.1,1.2,31,37.20000078,1.46456697
2/1/1951,1.6,1.8000001,1.6,1.7,28,46.9000007,1.874015785
3/1/1951,2.4,2.6000001,2.3,2.6000001,31,76.72500155,3.051181184
4/1/1951,3.3,3.5,3.4,3.7,30,104.25,4.173228346
5/1/1951,4.6,4.9,4.6,5,31,148.025,5.898950131
6/1/1951,5.8,6.3,6,6.6,30,185.25,7.440944882
7/1/1951,6.8,7.2000003,6.9,7.6,31,220.8750023,8.828084112
8/1/1951,5.9,6.2000003,6,6.5,31,190.6500023,7.607611671
9/1/1951,5,5.3,5,5.5,30,156,6.220472441
10/1/1951,2.9,3,2.8,3,31,90.675,3.580052493
11/1/1951,1.8000001,1.8000001,1.7,1.8000001,30,53.25000225,2.086614252
12/1/1951,1.2,1.2,1.1,1.1,31,35.65,1.3832021
1/1/1952,1.2,1.2,1,1.1,31,34.875,1.342519685
2/1/1952,1.6,1.7,1.6,1.7,29,47.85,1.902887139
3/1/1952,1.8000001,1.9,1.8000001,1.9,31,57.35000155,2.278215264
4/1/1952,3.2,3.5,3.3,3.6000001,30,102.0000008,4.094488228
5/1/1952,5,5.3,5,5.4,31,160.425,6.387139108
6/1/1952,5.3,5.8,5.4,6,30,168.75,6.771653543
7/1/1952,6.6,7,6.7000003,7.4,31,214.6750023,8.583989623
8/1/1952,6.1,6.5,6.2000003,6.8,31,198.4000023,7.933070988
9/1/1952,4.8,5,4.8,5.2000003,30,148.5000023,5.905511929
10/1/1952,3.4,3.6000001,3.5,3.8,31,110.8250008,4.434383243
11/1/1952,2,2,1.8000001,1.9,30,57.75000075,2.244094528
12/1/1952,1.1,1.1,1,1.1,31,33.325,1.30183727
1/1/1953,1.2,1.3000001,1.1,1.2,31,37.20000078,1.46456697
2/1/1953,1.8000001,2,1.8000001,1.9,28,52.5000014,2.094488226
3/1/1953,2.4,2.6000001,2.4,2.7,31,78.27500078,3.132545972
4/1/1953,3.3,3.6000001,3.4,3.7,30,105.0000008,4.212598465
5/1/1953,3.9,4.1,3.9,4.2000003,31,124.7750023,4.963254715
6/1/1953,5.3,5.8,5.4,5.9,30,168,6.732283465
7/1/1953,6.9,7.3,7.1,7.8,31,225.525,9.031496063
8/1/1953,5.6,6,5.7000003,6.2000003,31,182.1250047,7.282152475
9/1/1953,4.8,5.1,4.8,5.3,30,150,5.984251969
10/1/1953,3.1000001,3.2,3,3.2,31,96.87500078,3.824146982
11/1/1953,1.7,1.8000001,1.7,1.8000001,30,52.5000015,2.086614252
12/1/1953,1.4,1.5,1.3000001,1.4,31,43.40000078,1.708661458
1/1/1954,1.4,1.4,1.3000001,1.3000001,31,41.85000155,1.627296669
2/1/1954,1.7,1.8000001,1.8000001,1.9,28,50.4000014,2.020997449
3/1/1954,2,2.2,2,2.2,31,65.1,2.603674541
4/1/1954,3.6000001,3.9,3.7,4.1,30,114.7500008,4.606299213
5/1/1954,5.1,5.4,5.2000003,5.7000003,31,165.8500047,6.63123384
6/1/1954,5.6,6,5.6,6.2000003,30,175.5000023,7.007874134
7/1/1954,6.8,7.2000003,6.9,7.5,31,220.1000023,8.787401697
8/1/1954,5.6,6,5.7000003,6.3,31,182.9000023,7.322834768
9/1/1954,4.8,5,4.8,5.2000003,30,148.5000023,5.905511929
10/1/1954,3.3,3.4,3.3,3.5,31,104.625,4.149606299
11/1/1954,1.7,1.8000001,1.8000001,1.9,30,54.0000015,2.165354409
12/1/1954,1.3000001,1.3000001,1.2,1.3000001,31,39.52500233,1.54593184
1/1/1955,1.2,1.1,1.1,1.1,31,34.875,1.342519685
2/1/1955,1.8000001,1.8000001,1.7,1.8000001,28,49.7000021,1.947506635
3/1/1955,2.4,2.5,2.4,2.6000001,31,76.72500078,3.051181143
4/1/1955,3.1000001,3.3,3.1000001,3.4,30,96.7500015,3.858267756
5/1/1955,4.4,4.7000003,4.5,4.8,31,142.6000023,5.69553818
6/1/1955,5.8,6.2000003,5.9,6.5,30,183.0000023,7.322834764
7/1/1955,6.4,6.8,6.5,7.1,31,207.7,8.299212598
8/1/1955,6.2000003,6.6,6.4,6.9,31,202.2750023,8.095800525
9/1/1955,4.9,5.2000003,4.9,5.3,30,152.2500023,6.062992244
10/1/1955,3.2,3.4,3.2,3.5,31,103.075,4.108923885
11/1/1955,1.8000001,1.9,1.7,1.9,30,54.75000075,2.165354331
12/1/1955,1.2,1.2,1,1.1,31,34.875,1.342519685
1/1/1956,1.1,1.2,1,1.1,31,34.1,1.342519685
2/1/1956,1.7,1.8000001,1.6,1.7,29,49.30000073,1.94094492
3/1/1956,2.6000001,2.8,2.6000001,2.9,31,84.47500155,3.376640461
4/1/1956,3.1000001,3.4,3.2,3.5,30,99.00000075,3.976377953
5/1/1956,4.3,4.6,4.4,4.8,31,140.275,5.614173228
6/1/1956,6,6.5,6,6.6,30,188.25,7.519685039
7/1/1956,6.5,6.9,6.6,7.2000003,31,210.8000023,8.421259965
8/1/1956,5.8,6.2000003,5.9,6.4,31,188.3250023,7.526246841
9/1/1956,4.8,5.1,4.8,5.2000003,30,149.2500023,5.944882008
10/1/1956,2.9,3,2.8,3,31,90.675,3.580052493
11/1/1956,2.1000001,2.2,2,2.1000001,30,63.0000015,2.480315
12/1/1956,1.5,1.6,1.4,1.6,31,47.275,1.871391076
1/1/1957,1.3000001,1.3000001,1.2,1.2,31,38.75000155,1.505249385
2/1/1957,1.5,1.6,1.5,1.6,28,43.4,1.727034121
3/1/1957,2,2.2,2,2.3,31,65.875,2.644356955
4/1/1957,3.1000001,3.3,3.2,3.5,30,98.25000075,3.937007874
5/1/1957,3.9,4.2000003,4,4.4,31,127.8750023,5.125984374
6/1/1957,6.1,6.6,6.2000003,6.8,30,192.7500023,7.716535551
7/1/1957,6.6,7,6.7000003,7.4,31,214.6750023,8.583989623
8/1/1957,5.9,6.3,6.1,6.6,31,192.975,7.729658793
9/1/1957,4.6,4.9,4.7000003,5.1,30,144.7500023,5.787401693
10/1/1957,2.5,2.6000001,2.5,2.7,31,79.82500078,3.173228387
11/1/1957,1.7,1.8000001,1.7,1.8000001,30,52.5000015,2.086614252
12/1/1957,1.2,1.3000001,1.2,1.3000001,31,38.75000155,1.54593184
1/1/1958,1.3000001,1.4,1.2,1.3000001,31,40.30000155,1.586614214
2/1/1958,1.3000001,1.4,1.3000001,1.5,28,38.5000014,1.543307123
3/1/1958,1.8000001,1.9,1.7,1.9,31,56.57500078,2.237532808
4/1/1958,2.9,3.2,2.9,3.2,30,91.5,3.661417323
5/1/1958,4.7000003,5.1,4.9,5.4,31,155.7750023,6.265091864
6/1/1958,5.3,5.7000003,5.3,5.9,30,166.5000023,6.653543425
7/1/1958,6.3,6.8,6.5,7.1,31,206.925,8.299212598
8/1/1958,5.9,6.3,6.1,6.6,31,192.975,7.729658793
9/1/1958,4.6,4.8,4.6,5,30,142.5,5.669291339
10/1/1958,3.3,3.4,3.3,3.6000001,31,105.4000008,4.190288755
11/1/1958,1.9,2,1.9,2,30,58.5,2.322834646
12/1/1958,1.5,1.6,1.4,1.6,31,47.275,1.871391076
1/1/1959,1.2,1.3000001,1.1,1.2,31,37.20000078,1.46456697
2/1/1959,1.5,1.6,1.4,1.5,28,42,1.653543307
3/1/1959,2.5,2.8,2.5,2.9,31,82.925,3.335958005
4/1/1959,3.8,4.1,3.9,4.3,30,120.75,4.842519685
5/1/1959,4.3,4.6,4.3,4.7000003,31,138.7250023,5.532808521
6/1/1959,6.1,6.7000003,6.3,7,30,195.7500023,7.874015866
7/1/1959,7,7.4,7.2000003,7.9,31,228.6250023,9.153543429
8/1/1959,5.8,6.1,5.9,6.5,31,188.325,7.526246719
9/1/1959,4.2000003,4.5,4.2000003,4.6,30,131.2500045,5.236220591
10/1/1959,3,3.2,3,3.3,31,96.875,3.864829396
11/1/1959,2.2,2.3,2.2,2.3,30,67.5,2.677165354
12/1/1959,1.5,1.6,1.4,1.5,31,46.5,1.830708661
1/1/1960,1.3000001,1.3000001,1.1,1.2,31,37.97500155,1.46456697
2/1/1960,1.4,1.5,1.4,1.5,29,42.05,1.674540682
3/1/1960,2.3,2.5,2.3,2.6000001,31,75.17500078,3.010498728
4/1/1960,3.3,3.6000001,3.4,3.8,30,105.7500008,4.251968543
5/1/1960,4.6,4.9,4.6,5.1,31,148.8,5.939632546
6/1/1960,6.4,6.9,6.6,7.2000003,30,203.2500023,8.149606417
7/1/1960,6.8,7.3,7,7.7000003,31,223.2000023,8.950131356
8/1/1960,6.1,6.5,6.3,6.8,31,199.175,7.973753281
9/1/1960,5,5.3,5,5.4,30,155.25,6.181102362
10/1/1960,3,3.1000001,3,3.2,31,95.32500078,3.783464608
11/1/1960,1.5,1.6,1.5,1.6,30,46.5,1.850393701
12/1/1960,1.3000001,1.3000001,1.2,1.3000001,31,39.52500233,1.54593184
1/1/1961,1.3000001,1.4,1.4,1.5,31,43.40000078,1.749343832
2/1/1961,1.5,1.7,1.6,1.7,28,45.5,1.837270341
3/1/1961,2.1000001,2.2,2.1000001,2.4,31,68.20000155,2.725721825
4/1/1961,3.5,3.7,3.5,3.9,30,109.5,4.37007874
5/1/1961,4.3,4.6,4.4,4.9,31,141.05,5.654855643
6/1/1961,6.2000003,6.7000003,6.4,7,30,197.2500045,7.913385945
7/1/1961,6.9,7.3,7.1,7.7000003,31,224.7500023,8.99081377
8/1/1961,5.6,6,5.8,6.3,31,183.675,7.36351706
9/1/1961,4.5,4.7000003,4.5,4.8,30,138.7500023,5.511811142
10/1/1961,3.1000001,3.2,3,3.3,31,97.65000078,3.864829396
11/1/1961,1.8000001,1.9,1.8000001,1.9,30,55.5000015,2.204724449
12/1/1961,1.1,1.1,1.1,1.2,31,34.875,1.3832021
1/1/1962,1.3000001,1.4,1.3000001,1.3000001,31,41.07500233,1.627296669
2/1/1962,1.2,1.3000001,1.2,1.4,28,35.7000007,1.433070903
3/1/1962,1.9,2.1000001,1.9,2.1000001,31,62.00000155,2.481627378
4/1/1962,3.8,4.1,3.8,4.2000003,30,119.2500023,4.763779646
5/1/1962,4.1,4.5,4.2000003,4.6,31,134.8500023,5.410761277
6/1/1962,5.9,6.3,6,6.6,30,186,7.440944882
7/1/1962,6.7000003,7.1,6.9,7.5,31,218.5500023,8.74671916
8/1/1962,5.9,6.3,6,6.6,31,192.2,7.688976378
9/1/1962,4.8,5.1,4.9,5.3,30,150.75,6.023622047
10/1/1962,2.9,3.1000001,2.9,3.2,31,93.77500078,3.742782193
11/1/1962,1.8000001,1.9,1.8000001,2,30,56.2500015,2.244094528
12/1/1962,1.4,1.5,1.4,1.4,31,44.175,1.749343832
1/1/1963,1.5,1.6,1.4,1.5,31,46.5,1.830708661
2/1/1963,1.5,1.7,1.6,1.8000001,28,46.2000007,1.874015785
3/1/1963,2.1000001,2.3,2.1000001,2.4,31,68.97500155,2.76640424
4/1/1963,2.6000001,2.8,2.6000001,2.9,30,81.7500015,3.267716575
5/1/1963,4.1,4.5,4.3,4.8,31,137.175,5.532808399
6/1/1963,5.1,5.5,5.1,5.6,30,159.75,6.377952756
7/1/1963,6.5,6.9,6.7000003,7.3,31,212.3500023,8.502624794
8/1/1963,5.7000003,6.1,5.9,6.4,31,186.7750023,7.485564304
9/1/1963,4.4,4.7000003,4.5,4.9,30,138.7500023,5.55118122
10/1/1963,2.7,2.9,2.8,3,31,88.35,3.539370079
11/1/1963,1.5,1.6,1.5,1.6,30,46.5,1.850393701
12/1/1963,1.2,1.3000001,1.3000001,1.4,31,40.30000155,1.627296669
1/1/1964,1.3000001,1.4,1.2,1.3000001,31,40.30000155,1.586614214
2/1/1964,1.9,2.1000001,1.9,2,29,57.27500073,2.283464605
3/1/1964,2.2,2.3,2.2,2.4,31,70.525,2.807086614
4/1/1964,3.2,3.5,3.3,3.6000001,30,102.0000008,4.094488228
5/1/1964,4.3,4.6,4.4,4.8,31,140.275,5.614173228
6/1/1964,5.5,5.9,5.6,6.2000003,30,174.0000023,6.968504055
7/1/1964,6.7000003,7.1,6.9,7.6,31,219.3250023,8.787401575
8/1/1964,5.9,6.2000003,6,6.5,31,190.6500023,7.607611671
9/1/1964,4.6,4.8,4.6,5,30,142.5,5.669291339
10/1/1964,3.3,3.5,3.4,3.7,31,107.725,4.312335958
11/1/1964,1.6,1.7,1.6,1.7,30,49.5,1.968503937
12/1/1964,1.1,1.2,1,1.1,31,34.1,1.342519685
1/1/1965,1,1.1,0.90000004,1,31,31.00000031,1.220472457
2/1/1965,1.8000001,1.9,1.9,2,28,53.2000007,2.131233596
3/1/1965,2.2,2.3,2.3,2.5,31,72.075,2.888451444
4/1/1965,2.7,2.9,2.8,3.2,30,87,3.503937008
5/1/1965,4.5,4.7000003,4.5,4.9,31,144.1500023,5.736220594
6/1/1965,5.3,5.7000003,5.4,5.9,30,167.2500023,6.692913504
7/1/1965,6.4,6.8,6.6,7.2000003,31,209.2500023,8.38057755
8/1/1965,5.5,5.9,5.6,6.1,31,179.025,7.160104987
9/1/1965,4.3,4.5,4.3,4.6,30,132.75,5.275590551
10/1/1965,3.3,3.5,3.4,3.7,31,107.725,4.312335958
11/1/1965,1.5,1.6,1.5,1.6,30,46.5,1.850393701
12/1/1965,1.2,1.3000001,1.2,1.3000001,31,38.75000155,1.54593184
1/1/1966,1.2,1.3000001,1.2,1.2,31,37.97500078,1.505249385
2/1/1966,1.6,1.7,1.6,1.7,28,46.2,1.837270341
3/1/1966,2.5,2.7,2.6000001,2.8,31,82.15000078,3.295275631
4/1/1966,3.8,4,3.9,4.3,30,120,4.803149606
5/1/1966,5,5.4,5.3,5.8,31,166.625,6.712598425
6/1/1966,5.9,6.3,6.1,6.7000003,30,187.5000023,7.519685157
7/1/1966,6.5,7,6.7000003,7.4,31,213.9000023,8.583989623
8/1/1966,6.1,6.4,6.3,6.8,31,198.4,7.933070866
9/1/1966,4.5,4.7000003,4.6,5,30,141.0000023,5.629921378
10/1/1966,3.1000001,3.2,3.2,3.4,31,99.97500078,3.98687664
11/1/1966,1.7,1.8000001,1.7,1.8000001,30,52.5000015,2.086614252
12/1/1966,1.1,1.1,1.1,1.2,31,34.875,1.3832021
1/1/1967,1.2,1.3000001,1.2,1.3000001,31,38.75000155,1.54593184
2/1/1967,1.6,1.8000001,1.7,1.9,28,49.0000007,1.984252005
3/1/1967,2,2.2,2.1000001,2.3,31,66.65000078,2.685039411
4/1/1967,2.3,2.5,2.4,2.5,30,72.75,2.913385827
5/1/1967,4.5,4.8,4.6,5,31,146.475,5.858267717
6/1/1967,5.3,5.7000003,5.4,5.9,30,167.2500023,6.692913504
7/1/1967,6.7000003,7.1,6.8,7.5,31,217.7750023,8.706036745
8/1/1967,6,6.4,6.2000003,6.8,31,196.8500023,7.892388573
9/1/1967,4.3,4.6,4.4,4.8,30,135.75,5.433070866
10/1/1967,3.2,3.3,3.2,3.5,31,102.3,4.06824147
11/1/1967,1.7,1.8000001,1.8000001,1.9,30,54.0000015,2.165354409
12/1/1967,1.2,1.2,1.1,1.2,31,36.425,1.423884514
1/1/1968,1.3000001,1.4,1.3000001,1.3000001,31,41.07500233,1.627296669
2/1/1968,1.4,1.5,1.3000001,1.6,29,42.05000073,1.67454072
3/1/1968,2.2,2.3,2.2,2.5,31,71.3,2.847769029
4/1/1968,3.4,3.6000001,3.5,3.8,30,107.2500008,4.291338622
5/1/1968,4.5,4.8,4.7000003,5.1,31,148.0250023,5.939632668
6/1/1968,6,6.4,6.1,6.7000003,30,189.0000023,7.559055236
7/1/1968,6.5,6.9,6.7000003,7.4,31,213.1250023,8.543307209
8/1/1968,5.2000003,5.5,5.3,5.7000003,31,168.1750047,6.712598547
9/1/1968,4.6,4.9,4.6,5,30,143.25,5.708661417
10/1/1968,2.9,3,3,3.2,31,93.775,3.742782152
11/1/1968,1.5,1.6,1.5,1.6,30,46.5,1.850393701
12/1/1968,1.2,1.2,1.1,1.2,31,36.425,1.423884514
1/1/1969,1,1.1,1,1.1,31,32.55,1.30183727
2/1/1969,1.2,1.3000001,1.2,1.3000001,28,35.0000014,1.396325533
3/1/1969,2.1000001,2.2,2.1000001,2.3,31,67.42500155,2.685039411
4/1/1969,3.2,3.5,3.3,3.6000001,30,102.0000008,4.094488228
5/1/1969,4.7000003,5.2000003,4.9,5.4,31,156.5500047,6.3057744
6/1/1969,4.9,5.3,5.1,5.6,30,156.75,6.299212598
7/1/1969,6.5,6.9,6.7000003,7.4,31,213.1250023,8.543307209
8/1/1969,6.2000003,6.6,6.4,7,31,203.0500023,8.13648294
9/1/1969,4.8,5.1,4.8,5.2000003,30,149.2500023,5.944882008
10/1/1969,2.7,2.8,2.6000001,2.8,31,84.47500078,3.335958046
11/1/1969,2,2.1000001,1.9,2.1000001,30,60.7500015,2.401574882
12/1/1969,1.2,1.2,1.1,1.3000001,31,37.20000078,1.46456697
1/1/1970,1.1,1.1,1,1.1,31,33.325,1.30183727
2/1/1970,1.7,1.8000001,1.8000001,1.9,28,50.4000014,2.020997449
3/1/1970,2.3,2.4,2.3,2.6000001,31,74.40000078,2.969816314
4/1/1970,3.2,3.4,3.2,3.5,30,99.75,3.976377953
5/1/1970,4.9,5.2000003,5,5.5,31,159.6500023,6.38713923
6/1/1970,5.7000003,6.2000003,5.8,6.4,30,180.7500045,7.244094606
7/1/1970,6.7000003,7.1,6.9,7.5,31,218.5500023,8.74671916
8/1/1970,6.1,6.5,6.4,6.9,31,200.725,8.05511811
9/1/1970,4.9,5.1,4.8,5.2000003,30,150.0000023,5.944882008
10/1/1970,3.1000001,3.2,3.1000001,3.3,31,98.42500155,3.905511852
11/1/1970,1.7,1.8000001,1.6,1.8000001,30,51.7500015,2.047244173
12/1/1970,1.1,1.2,1,1.1,31,34.1,1.342519685
1/1/1971,1.2,1.4,1.2,1.3000001,31,39.52500078,1.586614214
2/1/1971,1.6,1.8000001,1.7,1.8000001,28,48.3000014,1.947506635
3/1/1971,2.4,2.4,2.4,2.6000001,31,75.95000078,3.010498728
4/1/1971,3.3,3.3,3.3,3.6000001,30,101.2500008,4.015748071
5/1/1971,3.9,4.1,3.9,4.3,31,125.55,5.003937008
6/1/1971,5.8,6.1,5.8,6.4,30,180.75,7.204724409
7/1/1971,6.7000003,7.1,6.9,7.6,31,219.3250023,8.787401575
8/1/1971,5.9,6.3,6.2000003,6.7000003,31,194.5250047,7.811023866
9/1/1971,4.6,4.8,4.6,4.9,30,141.75,5.62992126
10/1/1971,3,2.8,2.9,3.1000001,31,91.45000078,3.580052534
11/1/1971,1.8000001,1.7,1.7,1.8000001,30,52.5000015,2.047244134
12/1/1971,1.2,1.1,1.2,1.2,31,36.425,1.423884514
1/1/1972,1.3000001,1.1,1.3000001,1.3000001,31,38.75000233,1.505249425
2/1/1972,1.7,1.9,1.7,1.9,29,52.2,2.093175853
3/1/1972,2.7,3.1000001,2.8,3.1000001,31,90.67500155,3.661417404
4/1/1972,3.2,3.5,3.3,3.6000001,30,102.0000008,4.094488228
5/1/1972,4.8,5.2000003,4.9,5.4,31,157.3250023,6.3057744
6/1/1972,5.8,6.3,6,6.6,30,185.25,7.440944882
7/1/1972,6.7000003,7.1,6.9,7.6,31,219.3250023,8.787401575
8/1/1972,5.8,6.2000003,6,6.5,31,189.8750023,7.607611671
9/1/1972,4.3,4.5,4.3,4.7000003,30,133.5000023,5.314960748
10/1/1972,2.4,2.6000001,2.5,2.7,31,79.05000078,3.173228387
11/1/1972,1.4,1.4,1.4,1.5,30,42.75,1.692913386
12/1/1972,1.2,1,1.1,1.2,31,34.875,1.342519685
1/1/1973,1.1,1.1,1,1,31,32.55,1.261154856
2/1/1973,1.2,1.4,1.3000001,1.4,28,37.1000007,1.506561717
3/1/1973,1.7,1.7,1.8000001,2,31,55.80000078,2.237532849
4/1/1973,3.2,3.4,3.3,3.6000001,30,101.2500008,4.05511815
5/1/1973,5.1,5.3,5.2000003,5.6,31,164.3000023,6.549868888
6/1/1973,6,6.5,6.2000003,6.8,30,191.2500023,7.677165472
7/1/1973,6.6,7,6.9,7.5,31,217,8.706036745
8/1/1973,5.9,6.2000003,6,6.5,31,190.6500023,7.607611671
9/1/1973,4.4,4.8,4.4,4.8,30,138,5.511811024
10/1/1973,3,3,3,3.2,31,94.55,3.742782152
11/1/1973,1.3000001,1.6,1.4,1.5,30,43.50000075,1.771653543
12/1/1973,1,1.3000001,0.90000004,1.1,31,33.32500109,1.342519742
1/1/1974,1.1,1.1,1.1,1.1,31,34.1,1.342519685
2/1/1974,1.8000001,1.7,1.7,1.8000001,28,49.0000014,1.910761192
3/1/1974,1.9,2.2,2,2.3,31,65.1,2.644356955
4/1/1974,3,3.2,3,3.4,30,94.5,3.779527559
5/1/1974,4.8,5.1,4.9,5.4,31,156.55,6.265091864
6/1/1974,6.1,6.6,6.4,7,30,195.75,7.874015748
7/1/1974,6.2000003,6.8,6.5,7.1,31,206.1500023,8.299212598
8/1/1974,5.7000003,6.2000003,5.9,6.4,31,187.5500047,7.526246841
9/1/1974,5,5.3,5.1,5.5,30,156.75,6.25984252
10/1/1974,3.1000001,3,3.1000001,3.3,31,96.87500155,3.824147022
11/1/1974,1.8000001,1.7,1.7,1.8000001,30,52.5000015,2.047244134
12/1/1974,1,1.2,1,1.1,31,33.325,1.342519685
1/1/1975,1.3000001,1.2,1.3000001,1.3000001,31,39.52500233,1.54593184
2/1/1975,1.4,1.5,1.3000001,1.4,28,39.2000007,1.543307123
3/1/1975,1.7,1.8000001,1.7,2,31,55.80000078,2.237532849
4/1/1975,2.7,2.5,2.6000001,2.9,30,80.25000075,3.149606339
5/1/1975,4.5,4.9,4.6,5,31,147.25,5.898950131
6/1/1975,5.7000003,6.2000003,5.8,6.4,30,180.7500045,7.244094606
7/1/1975,6.4,6.8,6.6,7.2000003,31,209.2500023,8.38057755
8/1/1975,5.5,5.9,5.6,6.1,31,179.025,7.160104987
9/1/1975,4.8,5.1,4.9,5.3,30,150.75,6.023622047
10/1/1975,2.7,2.9,2.7,3,31,87.575,3.498687664
11/1/1975,1.9,1.8000001,1.8000001,1.9,30,55.5000015,2.165354409
12/1/1975,1.3000001,1.4,1.2,1.3000001,31,40.30000155,1.586614214
1/1/1976,1.6,1.5,1.4,1.5,31,46.5,1.790026247
2/1/1976,1.6,1.5,1.6,1.7,29,46.4,1.826771654
3/1/1976,2.4,2.2,2.4,2.6000001,31,74.40000078,2.929133899
4/1/1976,3,3.1000001,3.1000001,3.4,30,94.5000015,3.779527638
5/1/1976,5,5.3,5.1,5.6,31,162.75,6.509186352
6/1/1976,5.7000003,6.2000003,5.8,6.4,30,180.7500045,7.244094606
7/1/1976,6.4,6.8,6.6,7.2000003,31,209.2500023,8.38057755
8/1/1976,4.9,5.4,5,5.5,31,161.2,6.468503937
9/1/1976,4.2000003,4.5,4.2000003,4.6,30,131.2500045,5.236220591
10/1/1976,3.1000001,3.2,3.2,3.4,31,99.97500078,3.98687664
11/1/1976,1.8000001,2.1000001,1.9,2,30,58.5000015,2.362204764
12/1/1976,1.8000001,1.6,1.7,1.8000001,31,53.47500155,2.07480319
1/1/1977,1.3000001,1.1,1.3000001,1.3000001,31,38.75000233,1.505249425
2/1/1977,2,2.1000001,2,2.1000001,28,57.4000014,2.278215297
3/1/1977,2.1000001,2,2.1000001,2.3,31,65.87500155,2.603674581
4/1/1977,3.7,4.1,3.8,4.2000003,30,118.5000023,4.763779646
5/1/1977,3.7,3.7,3.7,4,31,117.025,4.637795276
6/1/1977,5.9,6.4,6.1,6.7000003,30,188.2500023,7.559055236
7/1/1977,6.7000003,7.1,7,7.6,31,220.1000023,8.82808399
8/1/1977,5.6,6.1,5.9,6.4,31,186,7.485564304
9/1/1977,4.3,4.6,4.4,4.8,30,135.75,5.433070866
10/1/1977,3.2,3.3,3.2,3.5,31,102.3,4.06824147
11/1/1977,1.9,2,2,2.1000001,30,60.00000075,2.401574843
12/1/1977,1.2,1.5,1.2,1.3000001,31,40.30000078,1.627296629
1/1/1978,1,1.3000001,0.90000004,1,31,32.55000109,1.301837327
2/1/1978,1.2,1.4,1.2,1.3000001,28,35.7000007,1.433070903
3/1/1978,1.9,2.4,2,2.3,31,66.65,2.725721785
4/1/1978,2.7,2.9,2.7,3,30,84.75,3.385826772
5/1/1978,4.3,4.7000003,4.4,4.8,31,141.0500023,5.654855765
6/1/1978,5.5,6,5.6,6.2000003,30,174.7500023,7.007874134
7/1/1978,6.4,6.9,6.6,7.3,31,210.8,8.461942257
8/1/1978,5.8,6.2000003,5.9,6.5,31,189.1000023,7.566929256
9/1/1978,3.8,4.1,3.9,4.2000003,30,120.0000023,4.803149724
10/1/1978,3.4,3.5,3.4,3.7,31,108.5,4.312335958
11/1/1978,2,1.6,1.8000001,1.9,30,54.75000075,2.086614213
12/1/1978,1.4,1.1,1.2,1.3000001,31,38.75000078,1.46456697
1/1/1979,1.2,1.2,1.2,1.3000001,31,37.97500078,1.505249385
2/1/1979,1.3000001,1.4,1.4,1.5,28,39.2000007,1.580052493
3/1/1979,1.9,2.2,2,2.3,31,65.1,2.644356955
4/1/1979,3.1000001,3.4,3.1000001,3.4,30,97.5000015,3.897637835
5/1/1979,4.6,5.1,4.7000003,5.2000003,31,151.9000047,6.102362449
6/1/1979,6.1,6.5,6.3,6.8,30,192.75,7.716535433
7/1/1979,6.3,6.9,6.6,7.2000003,31,209.2500023,8.421259965
8/1/1979,5.3,5.7000003,5.4,5.9,31,172.8250023,6.916010621
9/1/1979,4.7000003,5.2000003,4.9,5.3,30,150.7500045,6.062992244
10/1/1979,2.8,3.2,2.8,3.1000001,31,92.22500078,3.702099778
11/1/1979,1.8000001,1.8000001,1.7,1.8000001,30,53.25000225,2.086614252
12/1/1979,1.4,1.5,1.3000001,1.4,31,43.40000078,1.708661458
1/1/1980,1.3000001,1.4,1.3000001,1.4,31,41.85000155,1.667979043
2/1/1980,1.2,1.7,1.3000001,1.5,29,41.32500073,1.712598463
3/1/1980,1.8000001,2,1.9,2.1000001,31,60.45000155,2.440944923
4/1/1980,3.1000001,3.4,3.2,3.6000001,30,99.7500015,4.015748071
5/1/1980,4,4.2000003,4,4.4,31,128.6500023,5.125984374
6/1/1980,5.4,5.9,5.5,6.1,30,171.75,6.88976378
7/1/1980,6.4,6.9,6.7000003,7.4,31,212.3500023,8.543307209
8/1/1980,5.8,6.1,6,6.5,31,189.1,7.566929134
9/1/1980,4.5,4.8,4.6,4.9,30,141,5.62992126
10/1/1980,3.3,3.4,3.2,3.4,31,103.075,4.06824147
11/1/1980,1.9,2,1.8000001,2,30,57.75000075,2.283464606
12/1/1980,1.4,1.5,1.3000001,1.4,31,43.40000078,1.708661458
1/1/1981,1.2,1.4,1.1,1.2,31,37.975,1.505249344
2/1/1981,1.5,1.7,1.5,1.7,28,44.8,1.800524934
3/1/1981,1.7,2,1.8000001,2.1000001,31,58.90000155,2.400262549
4/1/1981,3.4,3.7,3.5,3.9,30,108.75,4.37007874
5/1/1981,4.3,4.9,4.4,4.9,31,143.375,5.776902887
6/1/1981,6.1,6.8,6.3,6.9,30,195.75,7.874015748
7/1/1981,6.8,7.2000003,7.1,7.7000003,31,223.2000047,8.950131478
8/1/1981,6,6.4,6.2000003,6.8,31,196.8500023,7.892388573
9/1/1981,4.6,4.9,4.7000003,5.1,30,144.7500023,5.787401693
10/1/1981,2.7,2.7,2.6000001,2.8,31,83.70000078,3.295275631
11/1/1981,1.5,1.9,1.5,1.6,30,48.75,1.968503937
12/1/1981,1,1.5,1,1.2,31,36.425,1.505249344
1/1/1982,1.1,1,1,1.1,31,32.55,1.261154856
2/1/1982,1.6,1.7,1.7,1.8000001,28,47.6000007,1.910761192
3/1/1982,1.8000001,1.8000001,1.9,2.1000001,31,58.90000233,2.359580134
4/1/1982,3.1000001,3.2,3.1000001,3.4,30,96.0000015,3.818897677
5/1/1982,4.7000003,5,4.8,5.2000003,31,152.6750047,6.102362327
6/1/1982,5.1,5.5,5.3,5.8,30,162.75,6.535433071
7/1/1982,6.1,6.5,6.4,6.9,31,200.725,8.05511811
8/1/1982,5.6,5.9,5.8,6.3,31,182.9,7.322834646
9/1/1982,3.8,4.1,3.8,4.2000003,30,119.2500023,4.763779646
10/1/1982,2.6000001,2.8,2.5,2.7,31,82.15000078,3.254593176
11/1/1982,1.6,1.4,1.5,1.6,30,45.75,1.771653543
12/1/1982,1.2,1.2,1.2,1.2,31,37.2,1.464566929
1/1/1983,1,1.2,1,1.1,31,33.325,1.342519685
2/1/1983,1.1,1.6,1.1,1.3000001,28,35.7000007,1.46981631
3/1/1983,1.5,1.9,1.5,1.8000001,31,51.92500078,2.115485605
4/1/1983,2.5,2.8,2.5,2.8,30,79.5,3.188976378
5/1/1983,4.2000003,4.7000003,4.3,4.7000003,31,138.725007,5.573491058
6/1/1983,5.4,5.9,5.6,6.1,30,172.5,6.929133858
7/1/1983,5.9,6.2000003,6.1,6.8,31,193.7500023,7.770341329
8/1/1983,5.1,5.5,5.4,5.8,31,168.95,6.793963255
9/1/1983,4.4,4.6,4.5,4.9,30,138,5.511811024
10/1/1983,2.8,2.8,2.9,3.1000001,31,89.90000078,3.580052534
11/1/1983,1.5,1.5,1.4,1.6,30,45,1.771653543
12/1/1983,1.1,1.2,1.1,1.2,31,35.65,1.423884514
1/1/1984,1.1,1.2,1,1.1,31,34.1,1.342519685
2/1/1984,1.6,1.8000001,1.6,1.7,29,48.57500073,1.94094492
3/1/1984,2.2,2.4,2.2,2.5,31,72.075,2.888451444
4/1/1984,2.9,3.2,2.9,3.2,30,91.5,3.661417323
5/1/1984,4.8,5.3,5,5.5,31,159.65,6.427821522
6/1/1984,5.5,6,5.6,6.2000003,30,174.7500023,7.007874134
7/1/1984,6.3,6.9,6.7000003,7.3,31,210.8000023,8.502624794
8/1/1984,5.5,6,5.7000003,6.2000003,31,181.3500047,7.282152475
9/1/1984,4.8,5,4.8,5.2000003,30,148.5000023,5.905511929
10/1/1984,2.4,2.6000001,2.4,2.6000001,31,77.50000155,3.091863598
11/1/1984,1.5,1.6,1.4,1.6,30,45.75,1.811023622
12/1/1984,1.1,1.1,1.1,1.1,31,34.1,1.342519685
1/1/1985,1.1,1.2,1.1,1.2,31,35.65,1.423884514
2/1/1985,1.6,1.7,1.7,1.8000001,28,47.6000007,1.910761192
3/1/1985,1.9,2,1.9,2.2,31,62,2.481627297
4/1/1985,3.6000001,3.9,3.7,4.1,30,114.7500008,4.606299213
5/1/1985,4.6,5,4.8,5.2000003,31,151.9000023,6.102362327
6/1/1985,6.1,6.6,6.3,7,30,195,7.834645669
7/1/1985,6.4,6.9,6.7000003,7.3,31,211.5750023,8.502624794
8/1/1985,5.7000003,6.1,5.9,6.5,31,187.5500023,7.526246719
9/1/1985,3.8,4.2000003,3.9,4.2000003,30,120.7500045,4.842519921
10/1/1985,2.8,3,2.8,3.1000001,31,90.67500078,3.620734949
11/1/1985,1.5,1.6,1.4,1.5,30,45,1.771653543
12/1/1985,1.1,1.4,1.2,1.2,31,37.975,1.545931759
1/1/1986,1.2,1.4,1.2,1.3000001,31,39.52500078,1.586614214
2/1/1986,1.2,1.4,1.2,1.4,28,36.4,1.469816273
3/1/1986,2,2.3,2.1000001,2.4,31,68.20000078,2.76640424
4/1/1986,3.1000001,3.3,3.2,3.5,30,98.25000075,3.937007874
5/1/1986,4.5,4.9,4.6,5.1,31,148.025,5.939632546
6/1/1986,5.7000003,6.3,6,6.6,30,184.5000023,7.440944882
7/1/1986,6.1,6.6,6.4,7,31,202.275,8.13648294
8/1/1986,5.9,6.3,6.2000003,6.7000003,31,194.5250047,7.811023866
9/1/1986,3.9,4.1,3.9,4.2000003,30,120.7500023,4.803149724
10/1/1986,2.8,2.9,2.8,3,31,89.125,3.539370079
11/1/1986,1.9,1.9,1.8000001,2,30,57.00000075,2.244094528
12/1/1986,1.2,1.2,1.2,1.4,31,38.75,1.545931759
1/1/1987,1.1,1.1,1,1.1,31,33.325,1.30183727
2/1/1987,1.4,1.5,1.5,1.6,28,42,1.690288714
3/1/1987,1.9,2.1000001,2,2.2,31,63.55000078,2.562992167
4/1/1987,3.8,4.1,3.9,4.3,30,120.75,4.842519685
5/1/1987,4.3,4.6,4.5,4.9,31,141.825,5.695538058
6/1/1987,5.9,6.4,6.2000003,6.8,30,189.7500023,7.637795394
7/1/1987,5.9,6.3,6.2000003,6.8,31,195.3000023,7.851706159
8/1/1987,5.8,6.2000003,6.1,6.7000003,31,192.2000047,7.729659037
9/1/1987,4.7000003,5,4.9,5.3,30,149.2500023,5.984251969
10/1/1987,3.1000001,3.4,3.2,3.5,31,102.3000008,4.108923885
11/1/1987,1.5,1.6,1.4,1.6,30,45.75,1.811023622
12/1/1987,0.90000004,1.2,0.90000004,0.90000004,31,30.22500093,1.220472473
1/1/1988,1.1,1.3000001,1,1.1,31,34.87500078,1.38320214
2/1/1988,1.9,2,1.9,2.1000001,29,57.27500073,2.283464605
3/1/1988,2.4,2.6000001,2.5,2.7,31,79.05000078,3.173228387
4/1/1988,3,3.3,3.2,3.5,30,97.5,3.937007874
5/1/1988,4.3,4.7000003,4.5,4.9,31,142.6000023,5.736220594
6/1/1988,5.5,6,5.7000003,6.4,30,177.0000023,7.12598437
7/1/1988,6.7000003,7.3,7.1,7.7000003,31,223.2000047,8.99081377
8/1/1988,5.7000003,6.1,6,6.6,31,189.1000023,7.607611549
9/1/1988,4.8,5,4.9,5.3,30,150,5.984251969
10/1/1988,3.3,3.5,3.4,3.7,31,107.725,4.312335958
11/1/1988,1.4,1.8000001,1.4,1.5,30,45.75000075,1.85039374
12/1/1988,1.2,1.2,1.1,1.2,31,36.425,1.423884514
1/1/1989,1.2,1.1,1.1,1.1,31,34.875,1.342519685
2/1/1989,1.7,1.5,1.7,1.8000001,28,46.9000007,1.837270378
3/1/1989,2,2.5,2.1000001,2.5,31,70.52500078,2.888451484
4/1/1989,3.5,4.1,3.7,4.1,30,115.5,4.68503937
5/1/1989,4.4,4.8,4.5,4.9,31,144.15,5.776902887
6/1/1989,5.5,6.1,5.7000003,6.4,30,177.7500023,7.165354449
7/1/1989,6.7000003,7.2000003,7,7.7000003,31,221.650007,8.909449063
8/1/1989,5.4,5.9,5.6,6.1,31,178.25,7.160104987
9/1/1989,4.4,4.7000003,4.6,4.9,30,139.5000023,5.590551299
10/1/1989,2.8,2.9,2.9,3.1000001,31,90.67500078,3.620734949
11/1/1989,1.9,2,1.9,2,30,58.5,2.322834646
12/1/1989,1.3000001,1.6,1.4,1.5,31,44.95000078,1.830708661
1/1/1990,1.1,1.3000001,1,1.1,31,34.87500078,1.38320214
2/1/1990,1.5,1.4,1.5,1.5,28,41.3,1.6167979
3/1/1990,2.3,2.5,2.4,2.7,31,76.725,3.091863517
4/1/1990,3.1000001,3.8,3.3,3.7,30,104.2500008,4.251968504
5/1/1990,4.3,4.6,4.4,4.8,31,140.275,5.614173228
6/1/1990,5.6,6.2000003,5.9,6.5,30,181.5000023,7.322834764
7/1/1990,6.5,7,6.8,7.4,31,214.675,8.624671916
8/1/1990,5.3,5.9,5.6,6.1,31,177.475,7.160104987
9/1/1990,4.4,4.8,4.5,5,30,140.25,5.62992126
10/1/1990,3.2,3.4,3.3,3.5,31,103.85,4.149606299
11/1/1990,1.9,1.9,1.8000001,2,30,57.00000075,2.244094528
12/1/1990,1.5,1.1,1.4,1.4,31,41.85,1.586614173
1/1/1991,1.4,1.3000001,1.3000001,1.4,31,41.85000155,1.627296669
2/1/1991,1.8000001,2.1000001,1.8000001,2,28,53.9000021,2.167979076
3/1/1991,1.6,1.7,1.6,1.9,31,52.7,2.115485564
4/1/1991,2.9,3.2,3,3.3,30,93,3.74015748
5/1/1991,4,4.3,4.1,4.4,31,130.2,5.207349081
6/1/1991,5.5,5.9,5.7000003,6.3,30,175.5000023,7.047244213
7/1/1991,6.5,7.1,6.8,7.5,31,216.225,8.706036745
8/1/1991,5.4,5.9,5.7000003,6.2000003,31,179.8000047,7.24147006
9/1/1991,4.9,5.2000003,5,5.4,30,153.7500023,6.141732402
10/1/1991,3.3,3.5,3.4,3.6000001,31,106.9500008,4.271653584
11/1/1991,1.7,1.9,1.7,1.8000001,30,53.25000075,2.125984291
12/1/1991,1.2,1.2,1.2,1.3000001,31,37.97500078,1.505249385
1/1/1992,1,1,1,1.1,31,31.775,1.261154856
2/1/1992,1.3000001,1.7,1.3000001,1.5,29,42.05000145,1.712598463
3/1/1992,1.9,2.3,2,2.3,31,65.875,2.68503937
4/1/1992,3.3,4,3.6000001,4,30,111.7500008,4.566929173
5/1/1992,5,5.6,5.4,5.8,31,168.95,6.834645669
6/1/1992,5.5,6,5.6,6.2000003,30,174.7500023,7.007874134
7/1/1992,5.9,6.6,6.2000003,6.8,31,197.6250023,7.973753403
8/1/1992,6.1,6.5,6.2000003,6.7000003,31,197.6250047,7.892388696
9/1/1992,4.8,5.1,4.9,5.2000003,30,150.0000023,5.984252087
10/1/1992,3,3.3,3.1000001,3.3,31,98.42500078,3.946194266
11/1/1992,1.6,1.8000001,1.6,1.7,30,50.25000075,2.007874055
12/1/1992,1.2,1.1,1.1,1.1,31,34.875,1.342519685
1/1/1993,1.2,1.1,1.1,1.1,31,34.875,1.342519685
2/1/1993,1.5,1.5,1.5,1.6,28,42.7,1.690288714
3/1/1993,2,2.6000001,2.1000001,2.5,31,71.30000155,2.92913394
4/1/1993,3,3.4,3,3.4,30,96,3.858267717
5/1/1993,4.1,4.9,4.3,4.8,31,140.275,5.695538058
6/1/1993,5.1,5.8,5.2000003,5.8,30,164.2500023,6.614173346
7/1/1993,6,6.7000003,6.3,6.8,31,199.9500023,8.055118232
8/1/1993,5.5,6,5.7000003,6.3,31,182.1250023,7.322834768
9/1/1993,4.8,5,4.9,5.3,30,150,5.984251969
10/1/1993,2.8,3.1000001,2.9,3.1000001,31,92.22500155,3.702099819
11/1/1993,2.1000001,1.9,2.1000001,2.2,30,62.2500015,2.440944921
12/1/1993,1.3000001,1.3000001,1.2,1.3000001,31,39.52500233,1.54593184
1/1/1994,1.2,1.4,1.1,1.3000001,31,38.75000078,1.545931799
2/1/1994,1.4,1.5,1.5,1.6,28,42,1.690288714
3/1/1994,2.4,2.7,2.6000001,2.9,31,82.15000078,3.335958046
4/1/1994,3.1000001,3.6000001,3.2,3.6000001,30,101.2500023,4.094488268
5/1/1994,4.1,4.8,4.3,4.8,31,139.5,5.654855643
6/1/1994,6,6.5,6.2000003,6.9,30,192.0000023,7.716535551
7/1/1994,6.7000003,7.2000003,7,7.7000003,31,221.650007,8.909449063
8/1/1994,6.1,6.4,6.3,6.9,31,199.175,7.973753281
9/1/1994,4.4,4.8,4.5,4.9,30,139.5,5.590551181
10/1/1994,2.8,2.9,2.9,3,31,89.9,3.580052493
11/1/1994,1.5,1.3000001,1.4,1.4,30,42.00000075,1.614173268
12/1/1994,1.1,1.1,1.1,1.2,31,34.875,1.3832021
1/1/1995,0.7,1.2,0.7,0.7,31,25.575,1.057742782
2/1/1995,1.4,1.8000001,1.6,1.8000001,28,46.2000014,1.910761228
3/1/1995,1.9,2.1000001,1.9,2.2,31,62.77500078,2.522309752
4/1/1995,2.8,3.2,2.8,3.1000001,30,89.25000075,3.582677205
5/1/1995,3.6000001,4.1,3.7,4,31,119.3500008,4.800524934
6/1/1995,4.9,5.5,5,5.4,30,156,6.25984252
7/1/1995,6,6.3,6.2000003,6.8,31,196.0750023,7.851706159
8/1/1995,5.8,6.2000003,6,6.6,31,190.6500023,7.648294085
9/1/1995,4.6,4.8,4.6,5,30,142.5,5.669291339
10/1/1995,3.1000001,3.3,3.2,3.4,31,100.7500008,4.027559055
11/1/1995,2,2.1000001,2,2.2,30,62.25000075,2.480315
12/1/1995,1.1,1.2,1.1,1.2,31,35.65,1.423884514
1/1/1996,1.2,1.2,1.1,1.2,31,36.425,1.423884514
2/1/1996,1.3000001,1.3000001,1.3000001,1.4,29,38.42500218,1.522309787
3/1/1996,2.1000001,2.2,2.1000001,2.4,31,68.20000155,2.725721825
4/1/1996,3,3.3,3.1000001,3.4,30,96.00000075,3.858267756
5/1/1996,4.3,4.7000003,4.3,4.8,31,140.2750023,5.61417335
6/1/1996,5.8,6.3,6,6.5,30,184.5,7.401574803
7/1/1996,6.6,7.1,6.9,7.5,31,217.775,8.74671916
8/1/1996,5.9,6.3,6.1,6.6,31,192.975,7.729658793
9/1/1996,4.5,4.8,4.5,4.8,30,139.5,5.551181102
10/1/1996,2.8,2.9,2.8,3,31,89.125,3.539370079
11/1/1996,1.5,1.6,1.5,1.6,30,46.5,1.850393701
12/1/1996,1.1,1.2,1.1,1.2,31,35.65,1.423884514
1/1/1997,0.90000004,1,0.90000004,1,31,29.45000062,1.179790043
2/1/1997,1.6,1.7,1.6,1.7,28,46.2,1.837270341
3/1/1997,2.1000001,2.3,2,2.3,31,67.42500078,2.68503937
4/1/1997,3.2,3.4,3.2,3.5,30,99.75,3.976377953
5/1/1997,4.8,5.2000003,4.9,5.4,31,157.3250023,6.3057744
6/1/1997,5.4,5.9,5.5,6.1,30,171.75,6.88976378
7/1/1997,6.4,6.8,6.5,7.1,31,207.7,8.299212598
8/1/1997,5.5,5.9,5.7000003,6.2000003,31,180.5750047,7.24147006
9/1/1997,4.3,4.6,4.3,4.7000003,30,134.2500023,5.354330827
10/1/1997,2.9,3,2.8,3,31,90.675,3.580052493
11/1/1997,1.5,1.6,1.5,1.6,30,46.5,1.850393701
12/1/1997,1.1,1.1,1,1.1,31,33.325,1.30183727
1/1/1998,1,1.1,1,1.1,31,32.55,1.30183727
2/1/1998,1.1,1.3000001,1.2,1.3000001,28,34.3000014,1.396325533
3/1/1998,1.9,2.1000001,1.9,2.2,31,62.77500078,2.522309752
4/1/1998,3,3.2,3,3.3,30,93.75,3.74015748
5/1/1998,3.9,4.2000003,3.8,4.2000003,31,124.7750047,4.963254837
6/1/1998,5.4,5.8,5.4,5.9,30,168.75,6.732283465
7/1/1998,6.4,6.8,6.6,7.3,31,210.025,8.421259843
8/1/1998,5.8,6.1,6,6.5,31,189.1,7.566929134
9/1/1998,4.2000003,4.4,4.2000003,4.6,30,130.5000045,5.196850512
10/1/1998,2.8,2.9,2.7,2.9,31,87.575,3.458005249
11/1/1998,1.6,1.7,1.6,1.7,30,49.5,1.968503937
12/1/1998,1.3000001,1.3000001,1.2,1.3000001,31,39.52500233,1.54593184
1/1/1999,1.2,1.3000001,1.1,1.2,31,37.20000078,1.46456697
2/1/1999,1.4,1.6,1.5,1.6,28,42.7,1.727034121
3/1/1999,1.9,2.1000001,2,2.2,31,63.55000078,2.562992167
4/1/1999,3,3.2,3.1000001,3.4,30,95.25000075,3.818897677
5/1/1999,4.4,4.7000003,4.4,4.9,31,142.6000023,5.69553818
6/1/1999,5.7000003,6.1,5.8,6.4,30,180.0000023,7.204724409
7/1/1999,6.4,6.8,6.6,7.2000003,31,209.2500023,8.38057755
8/1/1999,5.6,6,5.7000003,6.3,31,182.9000023,7.322834768
9/1/1999,4.5,4.8,4.6,5,30,141.75,5.669291339
10/1/1999,3.2,3.3,3.2,3.4,31,101.525,4.027559055
11/1/1999,1.8000001,1.9,1.7,1.9,30,54.75000075,2.165354331
12/1/1999,1.4,1.5,1.3000001,1.4,31,43.40000078,1.708661458
1/1/2000,1,1.1,1,1.1,31,32.55,1.30183727
2/1/2000,1.2,1.3000001,1.3000001,1.4,29,37.70000145,1.522309787
3/1/2000,2,2.2,2.1000001,2.3,31,66.65000078,2.685039411
4/1/2000,3.2,3.5,3.4,3.7,30,103.5,4.173228346
5/1/2000,4.6,5,4.7000003,5.2000003,31,151.1250047,6.061680034
6/1/2000,5.8,6.2000003,6,6.6,30,184.5000023,7.401574921
7/1/2000,6.3,6.7000003,6.6,7.2000003,31,207.7000047,8.339895257
8/1/2000,5.7000003,6.1,5.9,6.5,31,187.5500023,7.526246719
9/1/2000,4.6,4.9,4.7000003,5,30,144.0000023,5.748031614
10/1/2000,2.7,2.8,2.7,3,31,86.8,3.458005249
11/1/2000,1.8000001,1.9,1.8000001,1.8000001,30,54.75000225,2.165354409
12/1/2000,1.3000001,1.3000001,1.2,1.3000001,31,39.52500233,1.54593184
1/1/2001,1.3000001,1.3000001,1.2,1.3000001,31,39.52500233,1.54593184
2/1/2001,1.4,1.5,1.4,1.5,28,40.6,1.6167979
3/1/2001,2,2.2,2.1000001,2.4,31,67.42500078,2.725721825
4/1/2001,3.1000001,3.4,3.2,3.5,30,99.00000075,3.976377953
5/1/2001,5.3,5.6,5.4,5.9,31,172.05,6.875328084
6/1/2001,6,6.5,6.2000003,6.8,30,191.2500023,7.677165472
7/1/2001,6.5,6.9,6.7000003,7.3,31,212.3500023,8.502624794
8/1/2001,5.9,6.3,6.1,6.6,31,192.975,7.729658793
9/1/2001,4.7000003,5,4.8,5.2000003,30,147.7500045,5.905511929
10/1/2001,2.9,3,2.9,3.2,31,93,3.702099738
11/1/2001,1.5,1.6,1.5,1.7,30,47.25,1.88976378
12/1/2001,1.1,1.1,1.1,1.1,31,34.1,1.342519685
1/1/2002,1.2,1.3000001,1.2,1.2,31,37.97500078,1.505249385
2/1/2002,1.8000001,1.9,1.8000001,1.9,28,51.8000014,2.057742819
3/1/2002,2.2,2.3,2.2,2.5,31,71.3,2.847769029
4/1/2002,3.1000001,3.4,3.2,3.6000001,30,99.7500015,4.015748071
5/1/2002,4.4,4.8,4.6,5,31,145.7,5.858267717
6/1/2002,5.8,6.4,6.1,6.7000003,30,187.5000023,7.559055236
7/1/2002,6.7000003,7.2000003,7,7.7000003,31,221.650007,8.909449063
8/1/2002,5.8,6.2000003,6,6.5,31,189.8750023,7.607611671
9/1/2002,4.5,4.8,4.6,5,30,141.75,5.669291339
10/1/2002,2.8,2.9,2.8,3,31,89.125,3.539370079
11/1/2002,1.6,1.6,1.5,1.7,30,48,1.88976378
12/1/2002,1.1,1.1,1.1,1.1,31,34.1,1.342519685
1/1/2003,1.2,1.3000001,1.2,1.3000001,31,38.75000155,1.54593184
2/1/2003,1.3000001,1.4,1.3000001,1.4,28,37.8000014,1.506561717
3/1/2003,2.1000001,2.3,2.1000001,2.4,31,68.97500155,2.76640424
4/1/2003,2.6000001,2.9,2.7,3,30,84.00000075,3.385826772
5/1/2003,4.4,4.8,4.5,4.9,31,144.15,5.776902887
6/1/2003,5.7000003,6.2000003,5.9,6.5,30,182.2500045,7.322834764
7/1/2003,6.6,7.1,6.9,7.6,31,218.55,8.787401575
8/1/2003,5.5,5.9,5.7000003,6.2000003,31,180.5750047,7.24147006
9/1/2003,4.5,4.8,4.6,5,30,141.75,5.669291339
10/1/2003,3.2,3.4,3.2,3.5,31,103.075,4.108923885
11/1/2003,1.6,1.6,1.5,1.7,30,48,1.88976378
12/1/2003,1.1,1.1,1,1.1,31,33.325,1.30183727
1/1/2004,1.1,1.1,1.1,1.1,31,34.1,1.342519685
2/1/2004,1.3000001,1.4,1.3000001,1.4,29,39.15000145,1.560367492
3/1/2004,2.3,2.6000001,2.4,2.8,31,78.27500078,3.173228387
4/1/2004,3.1000001,3.4,3.2,3.6000001,30,99.7500015,4.015748071
5/1/2004,4.3,4.7000003,4.4,4.9,31,141.8250023,5.69553818
6/1/2004,5.6,6,5.7000003,6.4,30,177.7500023,7.12598437
7/1/2004,6.4,6.8,6.6,7.3,31,210.025,8.421259843
8/1/2004,5.5,5.9,5.6,6.2000003,31,179.8000023,7.200787524
9/1/2004,4.4,4.6,4.4,4.8,30,136.5,5.433070866
10/1/2004,2.5,2.7,2.6000001,2.8,31,82.15000078,3.295275631
11/1/2004,1.5,1.6,1.5,1.6,30,46.5,1.850393701
12/1/2004,1.1,1.2,1.1,1.2,31,35.65,1.423884514
1/1/2005,0.90000004,0.90000004,0.8,0.90000004,31,27.12500093,1.057742815
2/1/2005,1.1,1.2,1.2,1.3000001,28,33.6000007,1.359580089
3/1/2005,1.7,1.9,1.8000001,2.1000001,31,58.12500155,2.359580134
4/1/2005,3,3.2,3,3.3,30,93.75,3.74015748
5/1/2005,4.1,4.5,4.3,4.7000003,31,136.4000023,5.492126106
6/1/2005,5.3,5.7000003,5.4,6,30,168.0000023,6.732283583
7/1/2005,6.7000003,7.2000003,7,7.7000003,31,221.650007,8.909449063
8/1/2005,5.7000003,6.1,5.9,6.4,31,186.7750023,7.485564304
9/1/2005,4.3,4.6,4.4,4.7000003,30,135.0000023,5.393700906
10/1/2005,2.8,2.9,2.8,3,31,89.125,3.539370079
11/1/2005,1.8000001,1.9,1.8000001,1.9,30,55.5000015,2.204724449
12/1/2005,1,1.1,1,1.1,31,32.55,1.30183727
1/1/2006,1.2,1.3000001,1.2,1.2,31,37.97500078,1.505249385
2/1/2006,1.7,1.8000001,1.7,1.8000001,28,49.0000014,1.947506635
3/1/2006,1.7,1.9,1.7,2,31,56.575,2.278215223
4/1/2006,2.7,2.9,2.7,3.1000001,30,85.50000075,3.42519689
5/1/2006,4.5,4.9,4.6,5.1,31,148.025,5.939632546
6/1/2006,5.7000003,6.3,6,6.6,30,184.5000023,7.440944882
7/1/2006,6.6,7.1,6.9,7.5,31,217.775,8.74671916
8/1/2006,5.5,5.9,5.7000003,6.3,31,181.3500023,7.282152353
9/1/2006,4.4,4.7000003,4.5,4.8,30,138.0000023,5.511811142
10/1/2006,2.7,2.8,2.8,3,31,87.575,3.498687664
11/1/2006,1.4,1.5,1.4,1.5,30,43.5,1.732283465
12/1/2006,1.3000001,1.4,1.3000001,1.4,31,41.85000155,1.667979043
1/1/2007,1.4,1.4,1.3000001,1.4,31,42.62500078,1.667979043
2/1/2007,1.3000001,1.5,1.4,1.5,28,39.9000007,1.6167979
3/1/2007,2.2,2.4,2.3,2.6000001,31,73.62500078,2.969816314
4/1/2007,3.1000001,3.3,3.2,3.5,30,98.25000075,3.937007874
5/1/2007,4.8,5.1,4.9,5.4,31,156.55,6.265091864
6/1/2007,5.8,6.3,6,6.7000003,30,186.0000023,7.480315079
7/1/2007,6.7000003,7.1,6.9,7.6,31,219.3250023,8.787401575
8/1/2007,5.7000003,6.1,5.9,6.4,31,186.7750023,7.485564304
9/1/2007,4.2000003,4.5,4.3,4.7000003,30,132.7500045,5.314960748
10/1/2007,2.7,2.8,2.7,2.9,31,86.025,3.417322835
11/1/2007,1.8000001,1.9,1.8000001,1.9,30,55.5000015,2.204724449
12/1/2007,1.2,1.2,1.1,1.2,31,36.425,1.423884514
1/1/2008,1,1,0.90000004,1,31,30.22500031,1.179790043
2/1/2008,1.4,1.5,1.4,1.5,29,42.05,1.674540682
3/1/2008,2.1000001,2.3,2.1000001,2.4,31,68.97500155,2.76640424
4/1/2008,3.2,3.4,3.3,3.6000001,30,101.2500008,4.05511815
5/1/2008,4.2000003,4.5,4.3,4.8,31,137.9500023,5.532808399
6/1/2008,5.8,6.2000003,5.9,6.5,30,183.0000023,7.322834764
7/1/2008,6.4,6.8,6.6,7.3,31,210.025,8.421259843
8/1/2008,5.8,6.2000003,6,6.5,31,189.8750023,7.607611671
9/1/2008,4.6,4.8,4.6,5,30,142.5,5.669291339
10/1/2008,2.9,3.1000001,3,3.2,31,94.55000078,3.783464608
11/1/2008,1.7,1.7,1.6,1.8000001,30,51.00000075,2.007874055
12/1/2008,1.2,1.2,1.1,1.2,31,36.425,1.423884514
1/1/2009,1.4,1.4,1.3000001,1.4,31,42.62500078,1.667979043
2/1/2009,1.4,1.5,1.4,1.5,28,40.6,1.6167979
3/1/2009,2,2.1000001,2,2.3,31,65.10000078,2.603674581
4/1/2009,3.1000001,3.4,3.2,3.5,30,99.00000075,3.976377953
5/1/2009,4.8,5.2000003,4.9,5.4,31,157.3250023,6.3057744
6/1/2009,5.3,5.7000003,5.4,5.9,30,167.2500023,6.692913504
7/1/2009,6.6,7,6.8,7.4,31,215.45,8.624671916
8/1/2009,5.6,6,5.8,6.3,31,183.675,7.36351706
9/1/2009,4.6,4.9,4.7000003,5.1,30,144.7500023,5.787401693
10/1/2009,2.6000001,2.7,2.6000001,2.8,31,82.92500155,3.295275631
11/1/2009,1.8000001,1.9,1.7,1.9,30,54.75000075,2.165354331
12/1/2009,0.90000004,0.90000004,0.8,0.90000004,31,27.12500093,1.057742815
1/1/2010,1.1,1.2,1.1,1.1,31,34.875,1.3832021
2/1/2010,1.4,1.5,1.4,1.5,28,40.6,1.6167979
3/1/2010,2,2.2,2,2.3,31,65.875,2.644356955
4/1/2010,3,3.2,2.9,3.3,30,93,3.700787402
5/1/2010,4,4.3,4,4.4,31,129.425,5.166666667
6/1/2010,5.7000003,6.2000003,5.8,6.4,30,180.7500045,7.244094606
7/1/2010,6.6,7.1,6.9,7.5,31,217.775,8.74671916
8/1/2010,5.4,5.8,5.7000003,6.2000003,31,179.0250047,7.200787646
9/1/2010,4.8,5.1,4.8,5.3,30,150,5.984251969
10/1/2010,2.8,2.9,2.8,3.1000001,31,89.90000078,3.580052534
11/1/2010,1.7,1.8000001,1.7,1.8000001,30,52.5000015,2.086614252
12/1/2010,1.2,1.2,1.2,1.3000001,31,37.97500078,1.505249385
1/1/2011,1.1,1.2,1.1,1.1,31,34.875,1.3832021
2/1/2011,1.5,1.6,1.5,1.6,28,43.4,1.727034121
3/1/2011,1.8000001,2,1.9,2.1000001,31,60.45000155,2.440944923
4/1/2011,2.9,3.1000001,2.9,3.2,30,90.75000075,3.622047283
5/1/2011,4.1,4.3,4,4.4,31,130.2,5.166666667
6/1/2011,5.3,5.8,5.4,6,30,168.75,6.771653543
7/1/2011,6.5,6.9,6.6,7.3,31,211.575,8.461942257
8/1/2011,5.9,6.3,6.1,6.7000003,31,193.7500023,7.770341329
9/1/2011,5,5.2000003,5,5.5,30,155.2500023,6.18110248
10/1/2011,3,3.2,3,3.2,31,96.1,3.824146982
11/1/2011,1.7,1.8000001,1.6,1.7,30,51.00000075,2.007874055
12/1/2011,1.5,1.5,1.4,1.4,31,44.95,1.749343832
1/1/2012,1.5,1.5,1.4,1.5,31,45.725,1.790026247
2/1/2012,1.6,1.8000001,1.6,1.7,29,48.57500073,1.94094492
3/1/2012,2.2,2.4,2.2,2.5,31,72.075,2.888451444
4/1/2012,3.2,3.5,3.3,3.6000001,30,102.0000008,4.094488228
5/1/2012,4.7000003,5,4.9,5.4,31,155.0000023,6.224409449
6/1/2012,5.7000003,6.2000003,5.8,6.5,30,181.5000045,7.283464685
7/1/2012,6.6,7.1,6.9,7.5,31,217.775,8.74671916
8/1/2012,6,6.4,6.2000003,6.8,31,196.8500023,7.892388573
9/1/2012,4.6,4.8,4.7000003,5.2000003,30,144.7500045,5.787401811
10/1/2012,3,3.1000001,3,3.2,31,95.32500078,3.783464608
11/1/2012,1.7,1.8000001,1.6,1.8000001,30,51.7500015,2.047244173
12/1/2012,0.90000004,0.90000004,0.8,0.90000004,31,27.12500093,1.057742815
1/1/2013,1.4,1.4,1.1,1.2,31,39.525,1.505249344
2/1/2013,1.6,1.7,1.6,1.7,28,46.2,1.837270341
3/1/2013,2.4,2.6000001,2.4,2.7,31,78.27500078,3.132545972
4/1/2013,3.4,3.7,3.5,3.9,30,108.75,4.37007874
5/1/2013,4.4,4.8,4.5,5,31,144.925,5.817585302
6/1/2013,5.8,6.3,6,6.7000003,30,186.0000023,7.480315079
7/1/2013,6.9,7.3,7.2000003,7.8,31,226.3000023,9.0721786
8/1/2013,5.8,6.1,5.9,6.4,31,187.55,7.485564304
9/1/2013,4.4,4.6,4.4,4.7000003,30,135.7500023,5.393700906
10/1/2013,3,3.1000001,2.9,3.1000001,31,93.77500155,3.702099819
11/1/2013,1.8000001,1.8000001,1.8000001,1.9,30,54.75000225,2.165354409
12/1/2013,1.3000001,1.3000001,1.2,1.2,31,38.75000155,1.505249385
1/1/2014,1.6,1.7,1.5,1.6,31,49.6,1.952755906
2/1/2014,1.6,1.7,1.7,1.8000001,28,47.6000007,1.910761192
3/1/2014,2.1000001,2.3,2.2,2.5,31,70.52500078,2.847769029
4/1/2014,3.4,3.7,3.5,3.8,30,108,4.330708661
5/1/2014,4.5,4.8,4.7000003,5.2000003,31,148.8000047,5.980315205
6/1/2014,5.9,6.4,6.1,6.8,30,189,7.598425197
7/1/2014,6.7000003,7.1,6.9,7.6,31,219.3250023,8.787401575
8/1/2014,5.4,5.8,5.5,6.1,31,176.7,7.078740157
9/1/2014,4.4,4.7000003,4.5,4.9,30,138.7500023,5.55118122
10/1/2014,2.8,3,2.9,3.2,31,92.225,3.702099738
11/1/2014,1.5,1.6,1.5,1.6,30,46.5,1.850393701
12/1/2014,1.1,1.2,1.1,1.2,31,35.65,1.423884514
1/1/2015,1.4,1.4,1.3000001,1.4,31,42.62500078,1.667979043
2/1/2015,1.7,1.9,1.7,2,28,51.1,2.057742782
3/1/2015,2.4,2.6000001,2.5,2.8,31,79.82500078,3.213910802
4/1/2015,3.3,3.6000001,3.3,3.7,30,104.2500008,4.173228386
5/1/2015,4.2000003,4.5,4.3,4.7000003,31,137.1750047,5.492126106
6/1/2015,6.1,6.5,6.3,7,30,194.25,7.795275591
7/1/2015,6.6,7,6.7000003,7.3,31,213.9000023,8.543307209
8/1/2015,5.9,6.2000003,6,6.5,31,190.6500023,7.607611671
9/1/2015,4.5,4.7000003,4.6,5,30,141.0000023,5.629921378
10/1/2015,2.8,3,2.9,3.1000001,31,91.45000078,3.661417364
11/1/2015,1.6,1.7,1.6,1.7,30,49.5,1.968503937
12/1/2015,1.1,1.2,1.1,1.2,31,35.65,1.423884514
1/1/2016,1.2,1.3000001,1.2,1.3000001,31,38.75000155,1.54593184
2/1/2016,1.7,1.9,1.8000001,1.9,29,52.92500073,2.131233634
3/1/2016,2.1000001,2.3,2.2,2.5,31,70.52500078,2.847769029
4/1/2016,3.3,3.6000001,3.3,3.7,30,104.2500008,4.173228386
5/1/2016,4.5,4.9,4.6,5,31,147.25,5.898950131
6/1/2016,6.1,6.6,6.3,6.9,30,194.25,7.795275591
7/1/2016,6.6,7,6.8,7.5,31,216.225,8.665354331
8/1/2016,5.9,6.2000003,6.1,6.7000003,31,192.9750047,7.729659037
9/1/2016,4.6,4.8,4.6,5,30,142.5,5.669291339
10/1/2016,2.7,2.8,2.7,2.9,31,86.025,3.417322835
11/1/2016,1.6,1.8000001,1.7,1.8000001,30,51.7500015,2.086614252
12/1/2016,1.2,1.3000001,1.2,1.3000001,31,38.75000155,1.54593184
1/1/2017,1.2,1.3000001,1.2,1.2,31,37.97500078,1.505249385
2/1/2017,1.4,1.5,1.5,1.6,28,42,1.690288714
3/1/2017,2.2,2.4,2.2,2.5,31,72.075,2.888451444
4/1/2017,2.9,3.2,3,3.3,30,93,3.74015748
5/1/2017,4.6,4.9,4.6,5.1,31,148.8,5.939632546
6/1/2017,6,6.5,6.2000003,6.8,30,191.2500023,7.677165472
7/1/2017,6.9,7.4,7.2000003,7.9,31,227.8500023,9.153543429
8/1/2017,5.9,6.3,6.1,6.6,31,192.975,7.729658793
9/1/2017,4.5,4.8,4.5,4.9,30,140.25,5.590551181
10/1/2017,2.9,3.1000001,2.9,3.1000001,31,93.00000155,3.702099819
11/1/2017,1.6,1.7,1.7,1.8000001,30,51.00000075,2.047244134
12/1/2017,1.5,1.5,1.4,1.5,31,45.725,1.790026247
1/1/2018,1.3000001,1.4,1.3000001,1.4,31,41.85000155,1.667979043
2/1/2018,1.7,1.8000001,1.7,1.8000001,28,49.0000014,1.947506635
3/1/2018,2,2.2,2,2.3,31,65.875,2.644356955
4/1/2018,3.3,3.5,3.4,3.8,30,105,4.212598425
5/1/2018,4.3,4.7000003,4.4,4.9,31,141.8250023,5.69553818
6/1/2018,5.9,6.5,6.2000003,6.8,30,190.5000023,7.677165472
7/1/2018,6.9,7.3,7.2000003,7.9,31,227.0750023,9.112861014
8/1/2018,5.7000003,6,5.9,6.5,31,186.7750023,7.485564304
9/1/2018,4.5,4.8,4.6,5.1,30,142.5,5.708661417
10/1/2018,2.9,3,2.9,3.1000001,31,92.22500078,3.661417364
11/1/2018,1.8000001,1.8000001,1.7,1.8000001,30,53.25000225,2.086614252
12/1/2018,1.1,1.2,1.1,1.2,31,35.65,1.423884514
1/1/2019,1.5,1.5,1.4,1.5,31,45.725,1.790026247
2/1/2019,1.5,1.6,1.5,1.5,28,42.7,1.690288714
3/1/2019,2,2.1000001,2.1000001,2.3,31,65.87500155,2.644357037
4/1/2019,3.2,3.5,3.3,3.7,30,102.75,4.133858268
5/1/2019,4,4.3,4,4.4,31,129.425,5.166666667
6/1/2019,5.9,6.4,6,6.6,30,186.75,7.480314961
7/1/2019,6.6,7.1,6.9,7.5,31,217.775,8.74671916
8/1/2019,6.1,6.5,6.2000003,6.8,31,198.4000023,7.933070988
9/1/2019,4.3,4.6,4.3,4.7000003,30,134.2500023,5.354330827
10/1/2019,3.1000001,3.2,3,3.2,31,96.87500078,3.824146982
11/1/2019,1.9,2,1.9,2.1000001,30,59.25000075,2.362204764
12/1/2019,1.3000001,1.3000001,1.2,1.3000001,31,39.52500233,1.54593184
1/1/2020,1.2,1.3000001,1.2,1.3000001,31,38.75000155,1.54593184
2/1/2020,1.9,2,1.9,2,29,56.55,2.245406824
3/1/2020,1.9,2,2,2.3,31,63.55,2.562992126
4/1/2020,3,3.3,3.2,3.6000001,30,98.25000075,3.976377992
5/1/2020,4.6,5,4.8,5.3,31,152.675,6.143044619
6/1/2020,5.8,6.3,5.9,6.6,30,184.5,7.401574803
7/1/2020,6.7000003,7.2000003,7,7.7000003,31,221.650007,8.909449063
8/1/2020,6.1,6.6,6.3,7,31,201.5,8.095800525
9/1/2020,4.8,5.1,4.9,5.4,30,151.5,6.062992126
10/1/2020,3.3,3.5,3.4,3.7,31,107.725,4.312335958
11/1/2020,2,2,1.9,2,30,59.25,2.322834646
12/1/2020,1.5,1.5,1.4,1.5,31,45.725,1.790026247
