Date,Runoff Average (acre-ft/day),TNC_Nat,DNC_Nat,Yearly_VIC,Yearly_TNC
1950-01,2134.353835,4055.057539,,56250.50545,143564.7468
1950-02,1918.013654,4772.490814,,,
1950-03,14112.48314,6034.716819,,,
1950-04,12101.75686,9103.026631,,,
1950-05,8909.449644,24079.61589,,,
1950-06,8176.797912,29493.33992,,,
1950-07,8133.47278,13735.50752,,,
1950-08,259.9524066,5631.693198,,,
1950-09,0,4789.743992,,,
1950-10,223.1818717,3798.439828,,,
1950-11,213.8260049,17611.57493,,,
1950-12,67.21734307,20459.53968,,,
1951-01,270.4408732,12065.80439,,38455.73436,148560.6265
1951-02,1930.75887,10754.39201,,,
1951-03,13516.82465,9533.485144,,,
1951-04,7327.264702,13923.81798,,,
1951-05,5647.323697,34274.78626,,,
1951-06,1021.729861,29100.36751,,,
1951-07,332.422763,14085.731,,,
1951-08,39.49032462,5454.060341,,,
1951-09,8.912472421,3792.824573,,,
1951-10,2.828926938,3190.251061,,,
1951-11,6639.840343,4311.316018,,,
1951-12,1717.896877,8073.790206,,,
1952-01,2257.455166,8537.283251,,93781.33047,222026.3549
1952-02,1087.982998,7106.754505,,,
1952-03,9888.904542,7217.41254,,,
1952-04,7353.355918,14849.86846,,,
1952-05,29855.99544,48687.22824,,,
1952-06,29860.71213,55853.30044,,,
1952-07,10589.69249,39718.90841,,,
1952-08,1311.450203,15123.68682,,,
1952-09,138.7029772,9893.414377,,,
1952-10,515.3832726,5807.121596,,,
1952-11,544.4535389,4124.620489,,,
1952-12,377.2417976,5106.755734,,,
1953-01,874.2864999,5117.666272,,72706.44987,117656.7843
1953-02,4106.434652,5411.380958,,,
1953-03,3555.591711,6025.076503,,,
1953-04,24113.8939,7459.889141,,,
1953-05,10831.58395,21567.44428,,,
1953-06,25472.30089,31656.14975,,,
1953-07,2640.164434,17931.14631,,,
1953-08,180.216944,7238.192832,,,
1953-09,414.8122036,4479.791321,,,
1953-10,74.24120221,3213.369217,,,
1953-11,283.0194699,3570.365587,,,
1953-12,159.9040167,3986.31216,,,
1954-01,207.0216303,4123.324352,,20673.0458,124877.7604
1954-02,1984.245443,5314.936941,,,
1954-03,4020.310384,6926.981414,,,
1954-04,5666.877991,12962.75918,,,
1954-05,2707.201654,29669.26649,,,
1954-06,817.6296359,31064.89429,,,
1954-07,1468.272618,14844.40614,,,
1954-08,976.7509333,5300.780616,,,
1954-09,166.0058237,3870.565828,,,
1954-10,105.5644813,2815.481198,,,
1954-11,2311.418571,3524.057982,,,
1954-12,241.7466389,4460.305925,,,
1955-01,199.0183368,4194.771242,,18256.29126,125324.2934
1955-02,1322.425161,4990.103773,,,
1955-03,3042.431625,6461.020908,,,
1955-04,5333.048626,7829.948839,,,
1955-05,4565.277175,24116.89492,,,
1955-06,1015.166873,32089.81679,,,
1955-07,721.2669231,14410.00081,,,
1955-08,456.9087311,6169.504246,,,
1955-09,269.6428826,4175.459425,,,
1955-10,37.08484997,2993.914168,,,
1955-11,74.12253585,2860.236126,,,
1955-12,1219.897541,15032.62215,,,
1956-01,382.1385621,11835.38008,,21399.84309,193460.6837
1956-02,666.7171011,8572.12675,,,
1956-03,1672.902585,9581.484853,,,
1956-04,6331.148423,14006.58855,,,
1956-05,6026.322797,39749.08143,,,
1956-06,3191.180158,48760.3759,,,
1956-07,408.5997016,29073.43337,,,
1956-08,39.03029228,10861.5914,,,
1956-09,368.3233662,6903.029429,,,
1956-10,210.5229072,4922.721545,,,
1956-11,1976.329393,4974.263867,,,
1956-12,126.627802,4220.606506,,,
1957-01,902.9124778,4344.967093,,31501.15115,103407.8298
1957-02,2867.971464,4880.392274,,,
1957-03,8981.130229,6761.43896,,,
1957-04,3728.008741,8706.151742,,,
1957-05,6596.444312,21202.5004,,,
1957-06,1135.466554,29048.08565,,,
1957-07,334.2722234,10542.261,,,
1957-08,444.1858831,4512.684608,,,
1957-09,2918.220327,3275.732122,,,
1957-10,1154.140374,2947.24533,,,
1957-11,1312.243754,3659.16588,,,
1957-12,1126.154814,3527.204705,,,
1958-01,2751.304072,3304.248005,,98028.76497,152986.0016
1958-02,6061.353667,5599.603273,,,
1958-03,13035.29447,7427.57142,,,
1958-04,11253.37764,10876.34757,,,
1958-05,15072.76481,33336.55547,,,
1958-06,21672.49685,41650.80319,,,
1958-07,21661.66293,22671.8166,,,
1958-08,3497.544711,10336.56228,,,
1958-09,483.9800426,6394.818868,,,
1958-10,759.2345708,4237.884538,,,
1958-11,1024.508515,3637.840778,,,
1958-12,755.2426983,3511.949624,,,
1959-01,514.2372365,3593.58289,,57120.84177,90689.5081
1959-02,1562.296466,5098.080112,,,
1959-03,5438.482567,7061.845739,,,
1959-04,27244.12002,10354.13485,,,
1959-05,11676.45109,21061.65705,,,
1959-06,4604.771937,21411.24141,,,
1959-07,4789.163569,7138.101642,,,
1959-08,325.1014048,3307.824862,,,
1959-09,30.31550404,3665.481926,,,
1959-10,452.2812726,2699.233825,,,
1959-11,154.4519211,2704.948942,,,
1959-12,329.1687806,2593.374848,,,
1960-01,479.5845563,3000.570063,,43008.28426,97162.97862
1960-02,2422.461588,4629.301137,,,
1960-03,16301.89547,6988.26537,,,
1960-04,5947.149765,9011.347103,,,
1960-05,7336.832033,21569.64989,,,
1960-06,7357.59442,25954.53268,,,
1960-07,2023.55494,8674.605028,,,
1960-08,335.309995,4199.834415,,,
1960-09,85.83258478,2957.674591,,,
1960-10,285.3277848,2697.757823,,,
1960-11,384.9251584,3372.363844,,,
1960-12,47.81597044,4107.076672,,,
1961-01,101.0770611,3221.322015,,79473.36524,96623.5503
1961-02,6559.00129,3818.844975,,,
1961-03,13257.75121,5594.622884,,,
1961-04,6489.470157,8370.433981,,,
1961-05,21302.30895,21028.80662,,,
1961-06,23685.72061,25388.59405,,,
1961-07,6840.217489,9761.11957,,,
1961-08,813.9040814,4712.857015,,,
1961-09,313.1483742,3759.024987,,,
1961-10,3.637565529,3418.53392,,,
1961-11,20.40853865,3479.497674,,,
1961-12,86.71990793,4069.892603,,,
1962-01,2706.985639,3151.750881,,37430.36238,150142.5457
1962-02,2118.236548,6676.421115,,,
1962-03,6769.48577,6338.905386,,,
1962-04,13865.74023,13658.24197,,,
1962-05,4306.252081,30846.24484,,,
1962-06,1172.581908,37040.4079,,,
1962-07,265.6222303,22617.72511,,,
1962-08,242.8640245,9217.314848,,,
1962-09,1765.479286,6791.044808,,,
1962-10,1493.90168,5279.314813,,,
1962-11,551.0754761,4601.286984,,,
1962-12,2172.137511,3923.88707,,,
1963-01,3799.823058,8271.769908,,142909.4981,194715.3111
1963-02,3350.431254,6600.476678,,,
1963-03,8860.823019,8106.421468,,,
1963-04,10676.82936,10211.91341,,,
1963-05,27607.34578,36512.18617,,,
1963-06,66862.60675,59563.91488,,,
1963-07,17210.47199,28488.51307,,,
1963-08,2410.101412,11507.53043,,,
1963-09,209.8686104,8404.698338,,,
1963-10,175.2142352,5506.963121,,,
1963-11,1086.335391,5862.653511,,,
1963-12,659.647241,5678.270076,,,
1964-01,1884.684852,5038.849536,,78821.23707,114945.6749
1964-02,394.058016,4718.730462,,,
1964-03,13617.9938,5451.755499,,,
1964-04,19800.47148,8030.030253,,,
1964-05,29899.56124,19980.70474,,,
1964-06,10470.0401,29408.42854,,,
1964-07,1270.80043,12744.16839,,,
1964-08,14.09474703,6596.38419,,,
1964-09,335.3319256,4318.057251,,,
1964-10,0.151235481,3074.764961,,,
1964-11,870.3288918,3983.771266,,,
1964-12,263.720346,11600.02984,,,
1965-01,494.5250473,7356.610165,,83443.95001,177701.4692
1965-02,2840.16125,6494.465761,,,
1965-03,21357.36527,7109.991566,,,
1965-04,13323.37999,10780.17386,,,
1965-05,15279.48248,32119.13587,,,
1965-06,14855.05703,41116.53143,,,
1965-07,8652.314461,27492.39027,,,
1965-08,1392.82352,15717.72233,,,
1965-09,160.7586736,9393.99358,,,
1965-10,1387.587091,5224.66322,,,
1965-11,323.3138087,6920.943393,,,
1965-12,3377.181373,7974.847776,,,
1966-01,2084.999057,6499.300844,,186270.049,118964.5013
1966-02,19481.44854,5678.609313,,,
1966-03,18476.04437,7559.039617,,,
1966-04,83546.41592,11389.36122,,,
1966-05,12757.73376,26600.65228,,,
1966-06,33849.44756,25919.98612,,,
1966-07,8813.202912,12169.9281,,,
1966-08,5746.274438,5796.268003,,,
1966-09,864.4985764,4085.96175,,,
1966-10,44.3113089,3296.202241,,,
1966-11,335.682638,3984.980793,,,
1966-12,269.9899589,5984.211023,,,
1967-01,2993.983945,7314.538633,,68569.74972,235310.8053
1967-02,3004.007312,6523.598641,,,
1967-03,18954.31925,8274.124733,,,
1967-04,16976.63499,10531.51234,,,
1967-05,11834.80079,42481.2256,,,
1967-06,6838.705193,66769.09898,,,
1967-07,4458.593003,45002.13372,,,
1967-08,342.0210738,18249.30082,,,
1967-09,0.78967404,12175.47019,,,
1967-10,1123.489724,6534.456019,,,
1967-11,1069.706032,5769.93411,,,
1967-12,972.6987319,5685.411472,,,
1968-01,269.6222808,5108.180996,,178300.3403,100121.4693
1968-02,8398.394746,5411.808358,,,
1968-03,28006.56656,6434.383876,,,
1968-04,11104.26167,7987.632179,,,
1968-05,22110.0089,20190.72863,,,
1968-06,76109.81313,24757.29957,,,
1968-07,17034.95445,10315.10913,,,
1968-08,3719.184778,4619.653497,,,
1968-09,532.3918909,3230.990712,,,
1968-10,1292.156582,2996.746,,,
1968-11,2681.138032,4221.851114,,,
1968-12,7041.84727,4847.085196,,,
1969-01,1442.424018,13657.5956,,117053.9932,262474.1847
1969-02,2072.498985,7896.1285,,,
1969-03,20190.60508,8131.956945,,,
1969-04,18490.96359,16812.98464,,,
1969-05,6397.212025,58340.21848,,,
1969-06,7399.184487,66423.95916,,,
1969-07,44067.55386,43888.73779,,,
1969-08,5488.980579,18016.15952,,,
1969-09,301.3148628,10205.57672,,,
1969-10,359.8660176,6753.949249,,,
1969-11,10686.50688,6784.435721,,,
1969-12,156.8828546,5562.482377,,,
1970-01,167.8813292,8296.429931,,62766.79232,144601.6515
1970-02,5758.693243,6835.485882,,,
1970-03,5768.910812,7717.619187,,,
1970-04,9462.61551,9150.762241,,,
1970-05,31751.87345,27109.33636,,,
1970-06,1598.838595,33821.8744,,,
1970-07,1517.009202,21458.52048,,,
1970-08,1095.568594,8309.031232,,,
1970-09,1061.121526,6133.19636,,,
1970-10,2154.074507,3702.553447,,,
1970-11,1628.494889,5161.815222,,,
1970-12,801.7106654,6905.026769,,,
1971-01,535.7219953,6494.276272,,59816.00698,143780.9101
1971-02,2946.83148,5896.77506,,,
1971-03,12832.79927,7209.141682,,,
1971-04,15534.88686,9874.551989,,,
1971-05,4867.853987,25665.88211,,,
1971-06,13932.27232,32951.30788,,,
1971-07,6393.419938,22862.68885,,,
1971-08,112.1078275,11360.91227,,,
1971-09,2.599715668,6703.941061,,,
1971-10,2102.493584,4684.060759,,,
1971-11,409.0109784,4452.392617,,,
1971-12,146.0090301,5624.979522,,,
1972-01,4115.500688,5234.048182,,194353.8141,116645.6069
1972-02,5941.366652,5533.175455,,,
1972-03,17631.97681,7954.258716,,,
1972-04,11985.96886,8099.076832,,,
1972-05,13072.08547,23129.13373,,,
1972-06,32850.6963,29787.94354,,,
1972-07,43384.15992,12498.65615,,,
1972-08,2894.846454,5550.727243,,,
1972-09,4031.175485,5364.503217,,,
1972-10,1105.626247,4204.998549,,,
1972-11,454.6062376,4379.54436,,,
1972-12,56885.80498,4909.540934,,,
1973-01,834.2871111,4361.82916,,111905.0783,154446.7165
1973-02,1241.670128,5697.755024,,,
1973-03,4967.111429,6532.569604,,,
1973-04,11794.67584,11084.0939,,,
1973-05,44355.03107,29981.9301,,,
1973-06,25359.42933,37950.49302,,,
1973-07,10635.2331,24903.13962,,,
1973-08,615.0830651,10244.52585,,,
1973-09,1647.04804,5485.964811,,,
1973-10,4502.246958,4562.312298,,,
1973-11,5661.039644,6965.910162,,,
1973-12,292.2225677,6676.192975,,,
1974-01,844.6113006,7575.538508,,46489.37305,159970.921
1974-02,922.1839915,6209.854802,,,
1974-03,4909.294751,7837.24642,,,
1974-04,5525.915624,11067.61309,,,
1974-05,10762.60723,32407.96132,,,
1974-06,17898.99153,35741.31877,,,
1974-07,2538.173759,27494.12213,,,
1974-08,164.1741346,13119.761,,,
1974-09,916.6027088,6619.462845,,,
1974-10,354.1305551,3711.620049,,,
1974-11,257.3952966,4060.107095,,,
1974-12,1395.292179,4126.315016,,,
1975-01,8586.226131,3990.233062,,181593.0949,159251.2538
1975-02,9686.628516,5073.893858,,,
1975-03,12746.32322,6894.308041,,,
1975-04,28228.48275,9842.853461,,,
1975-05,45228.653,31031.09957,,,
1975-06,47023.56538,43759.93163,,,
1975-07,21489.77551,22822.59218,,,
1975-08,4411.700068,10581.41037,,,
1975-09,1734.232808,7660.539494,,,
1975-10,901.7883818,6609.280481,,,
1975-11,837.0855239,5982.793299,,,
1975-12,718.633571,5002.318342,,,
1976-01,929.8790743,4139.854625,,48782.39127,83179.00547
1976-02,1745.435183,4363.958811,,,
1976-03,7293.585195,5362.869537,,,
1976-04,9838.669678,6790.426962,,,
1976-05,15646.98834,17268.49507,,,
1976-06,4158.578728,18410.36963,,,
1976-07,2311.627428,8472.580677,,,
1976-08,212.8941961,5105.478555,,,
1976-09,434.9678816,4562.537216,,,
1976-10,1586.698012,2886.117035,,,
1976-11,1230.223371,3091.997872,,,
1976-12,3392.844184,2724.319478,,,
1977-01,162.2669382,2842.065959,,139825.2255,80790.22177
1977-02,1199.373557,3320.339593,,,
1977-03,5920.460086,4346.667068,,,
1977-04,4220.177151,6649.277998,,,
1977-05,17137.77308,13205.38339,,,
1977-06,7022.622791,24113.15386,,,
1977-07,3009.27887,7553.968366,,,
1977-08,19.01488138,3665.745141,,,
1977-09,20.18648931,2597.511201,,,
1977-10,111.9765828,2346.825458,,,
1977-11,68297.98587,2947.8421,,,
1977-12,32704.10923,7201.441634,,,
1978-01,8480.293502,6825.0034,,318773.2042,219155.2241
1978-02,13319.01441,8063.658864,,,
1978-03,2840.90636,12070.51109,,,
1978-04,14000.91499,14409.72507,,,
1978-05,91455.31528,43506.99548,,,
1978-06,49961.60156,57604.91493,,,
1978-07,87097.62521,32466.79403,,,
1978-08,38053.71504,15221.14287,,,
1978-09,6459.393656,12519.76405,,,
1978-10,1236.467667,6333.067408,,,
1978-11,3848.926527,5090.867872,,,
1978-12,2019.030041,5042.779059,,,
1979-01,57.4802152,6896.040475,,121059.1161,158258.5598
1979-02,1862.812038,6015.284914,,,
1979-03,15354.09329,7162.204208,,,
1979-04,17111.23084,11498.47066,,,
1979-05,22126.27481,33921.14539,,,
1979-06,28908.24071,39495.92878,,,
1979-07,28920.35988,23043.39439,,,
1979-08,2863.964068,10256.10249,,,
1979-09,437.3378756,5765.453004,,,
1979-10,2079.28878,4439.731971,,,
1979-11,582.6811413,5154.840056,,,
1979-12,755.3524313,4609.963422,,,
1980-01,948.041084,9851.672975,,33667.17225,221829.0935
1980-02,3182.513798,9445.199849,,,
1980-03,6971.996503,8863.50559,,,
1980-04,5544.818028,15255.92871,,,
1980-05,505.5861161,42689.70004,,,
1980-06,1179.44966,55256.23012,,,
1980-07,2415.532494,39955.76326,,,
1980-08,182.3813041,15902.51224,,,
1980-09,339.3136731,9907.538612,,,
1980-10,2846.833679,5679.292355,,,
1980-11,2285.523279,4625.874364,,,
1980-12,7265.182633,4395.875423,,,
1981-01,52006.15688,5194.358305,,360428.6729,122902.8152
1981-02,4584.939417,5565.771224,,,
1981-03,12478.14806,6884.211664,,,
1981-04,14025.32873,10323.7628,,,
1981-05,89647.05499,25183.11975,,,
1981-06,136159.7093,28900.06483,,,
1981-07,37912.58662,12955.94215,,,
1981-08,9755.493651,5498.619986,,,
1981-09,1753.28883,3886.457356,,,
1981-10,190.1860161,3853.791437,,,
1981-11,1494.142535,6896.88049,,,
1981-12,421.637847,7759.835173,,,
1982-01,468.5076107,9688.796293,,117490.5886,279698.5808
1982-02,8524.884649,8697.984593,,,
1982-03,26741.4615,8366.798398,,,
1982-04,8450.592011,16698.61462,,,
1982-05,10311.92443,50472.65044,,,
1982-06,41964.6183,72766.84772,,,
1982-07,17948.48447,42945.79515,,,
1982-08,860.0151863,17255.81373,,,
1982-09,141.2750315,16571.28283,,,
1982-10,702.559138,11503.21405,,,
1982-11,1213.753509,12631.12917,,,
1982-12,162.5127769,12099.65378,,,
1983-01,1084.753187,14849.07633,,250412.5517,301292.7243
1983-02,7357.754686,10100.19164,,,
1983-03,11659.98506,12132.38917,,,
1983-04,31673.22061,18360.58968,,,
1983-05,68528.41785,58101.976,,,
1983-06,39159.25338,79259.29645,,,
1983-07,53265.41694,44675.54876,,,
1983-08,32609.83014,19572.53468,,,
1983-09,3847.684994,11988.99828,,,
1983-10,747.7751274,8903.890019,,,
1983-11,236.7804635,10078.89249,,,
1983-12,241.6792521,13269.34085,,,
1984-01,851.2803228,11938.84603,,32558.62511,173071.6717
1984-02,1000.108262,8727.105878,,,
1984-03,8761.591735,9235.659993,,,
1984-04,4851.247019,10953.07484,,,
1984-05,5327.789418,33711.18877,,,
1984-06,1526.034578,32896.11517,,,
1984-07,2089.808283,25199.37018,,,
1984-08,654.1826064,12328.65729,,,
1984-09,592.384986,8897.46811,,,
1984-10,1838.813244,5507.328042,,,
1984-11,725.8778513,6281.908415,,,
1984-12,4339.506805,7394.948938,,,
1985-01,188.9609747,5925.781599,,26888.37796,134553.3678
1985-02,1324.493331,4958.438943,,,
1985-03,1341.368982,6717.992125,,,
1985-04,12747.74074,12231.66993,,,
1985-05,7130.317866,23994.46509,,,
1985-06,1671.705962,29597.39478,,,
1985-07,1539.180077,16027.23078,,,
1985-08,1.767312781,7628.932863,,,
1985-09,177.8417448,7337.927161,,,
1985-10,76.4379915,6443.577932,,,
1985-11,109.8773971,6215.584707,,,
1985-12,578.685579,7474.371883,,,
1986-01,298.7688528,7751.563671,,29511.90922,223575.5531
1986-02,3465.980853,14405.94413,,,
1986-03,6168.418756,17930.90834,,,
1986-04,5313.008341,22074.92746,,,
1986-05,6830.543018,48686.61249,,,
1986-06,3723.021812,53006.17929,,,
1986-07,1204.576394,27236.17159,,,
1986-08,13.67568485,12270.20297,,,
1986-09,273.267265,7903.239501,,,
1986-10,166.693379,5274.110151,,,
1986-11,277.5530451,3639.304842,,,
1986-12,1776.401819,3396.388708,,,
1987-01,180.5204355,4053.896226,,167066.1971,99592.47623
1987-02,2550.2612,4319.68354,,,
1987-03,20725.42908,5345.493627,,,
1987-04,36016.60379,7803.185442,,,
1987-05,49200.84144,19181.15474,,,
1987-06,20105.17378,26282.96682,,,
1987-07,31989.49977,11427.58266,,,
1987-08,4011.286736,5358.093894,,,
1987-09,436.6499869,3790.012569,,,
1987-10,529.7910482,3433.726012,,,
1987-11,965.867462,4192.959235,,,
1987-12,354.2723556,4403.721466,,,
1988-01,897.9683133,4922.563237,,43693.7752,112908.9708
1988-02,1672.816032,5582.213062,,,
1988-03,8246.96972,6928.405819,,,
1988-04,8901.944793,8145.833977,,,
1988-05,10775.24132,22728.05043,,,
1988-06,6233.104215,29090.74004,,,
1988-07,3699.367348,13861.78923,,,
1988-08,618.4225991,5980.005012,,,
1988-09,123.3673927,4181.511036,,,
1988-10,2021.809946,3352.72224,,,
1988-11,108.5456081,3559.377269,,,
1988-12,394.2179154,4575.759449,,,
1989-01,606.476018,3503.819329,,30264.08181,130005.791
1989-02,4307.071772,4182.848382,,,
1989-03,4014.905543,7138.110868,,,
1989-04,5113.939927,11818.11087,,,
1989-05,5645.28709,27726.6997,,,
1989-06,3566.187046,35065.33944,,,
1989-07,661.8897583,15025.81888,,,
1989-08,47.89342711,6550.095174,,,
1989-09,48.54516223,5646.569277,,,
1989-10,3676.610699,4735.712147,,,
1989-11,1577.140352,4518.357842,,,
1989-12,998.1350153,4094.309128,,,
1990-01,3709.619163,4142.779459,,153752.5867,95270.95544
1990-02,15201.68504,4695.430456,,,
1990-03,5481.712214,6347.884321,,,
1990-04,23696.3763,8748.253677,,,
1990-05,27769.52904,19356.76504,,,
1990-06,36025.55686,24861.0014,,,
1990-07,33072.65304,9469.560013,,,
1990-08,4735.68911,4650.694136,,,
1990-09,1577.345712,3913.597962,,,
1990-10,465.9952312,2915.549429,,,
1990-11,884.3442886,3369.257078,,,
1990-12,1132.080702,2800.182473,,,
1991-01,449.2241057,2584.060158,,41750.49253,123348.8691
1991-02,2454.986071,3124.101983,,,
1991-03,8032.476757,6864.282074,,,
1991-04,6445.577195,9029.897991,,,
1991-05,11949.52883,23982.46021,,,
1991-06,2282.304613,35939.16915,,,
1991-07,1738.79449,16201.27799,,,
1991-08,797.7907954,7898.695695,,,
1991-09,1522.004163,5161.082539,,,
1991-10,713.2488417,3895.941109,,,
1991-11,921.8000115,4389.546977,,,
1991-12,4442.756649,4278.353243,,,
1992-01,952.8929918,3673.00846,,105782.3083,95524.82996
1992-02,5314.291721,5102.960225,,,
1992-03,5255.855007,6877.575914,,,
1992-04,12787.9278,9323.084391,,,
1992-05,23543.1607,22147.77407,,,
1992-06,42189.6031,21077.57643,,,
1992-07,14571.97913,9293.548369,,,
1992-08,580.5862294,4328.128853,,,
1992-09,4.638808018,2901.251206,,,
1992-10,76.06623819,2933.890546,,,
1992-11,139.4224841,3565.384146,,,
1992-12,365.8840917,4300.647354,,,
1993-01,1374.578246,7241.272305,,43247.58821,186700.9178
1993-02,3017.776668,6008.477433,,,
1993-03,3573.956952,8127.070739,,,
1993-04,13036.19606,13790.67152,,,
1993-05,7028.433146,40919.61957,,,
1993-06,8961.906861,47846.80544,,,
1993-07,1636.345153,30440.63025,,,
1993-08,65.48464509,13087.4421,,,
1993-09,92.17507895,6336.90519,,,
1993-10,64.77449106,4324.23268,,,
1993-11,670.9240367,4929.266789,,,
1993-12,3725.036877,3648.5238,,,
1994-01,2691.823467,3847.899953,,146525.284,93550.25417
1994-02,4651.159252,4154.277053,,,
1994-03,17240.07062,5942.620695,,,
1994-04,12771.16398,7696.259983,,,
1994-05,44419.34682,20270.14755,,,
1994-06,46706.94842,23384.74237,,,
1994-07,11212.14458,7975.832193,,,
1994-08,3338.477669,4018.798687,,,
1994-09,6.532294947,3077.016729,,,
1994-10,1366.409665,2834.505023,,,
1994-11,798.3869536,4814.415613,,,
1994-12,1322.820264,5533.738324,,,
1995-01,753.5629668,8720.093769,,117675.0904,245426.9915
1995-02,5182.549191,6857.638066,,,
1995-03,29445.53421,11637.82402,,,
1995-04,14651.47731,14247.02365,,,
1995-05,14558.92716,42160.86081,,,
1995-06,32598.46604,68843.69001,,,
1995-07,13815.96092,45620.98291,,,
1995-08,2580.837287,20236.85648,,,
1995-09,632.5685472,10492.65701,,,
1995-10,623.4015019,5756.260872,,,
1995-11,1387.687111,4983.983487,,,
1995-12,1444.118166,5869.120454,,,
1996-01,724.2899428,5992.100847,,43017.22952,183065.8663
1996-02,1804.714707,8301.370941,,,
1996-03,7788.903393,8816.532245,,,
1996-04,8681.559318,13610.88205,,,
1996-05,5306.047935,38384.49954,,,
1996-06,11628.42465,50386.71073,,,
1996-07,3898.6644,21211.61162,,,
1996-08,267.2505695,8810.965194,,,
1996-09,143.5874349,6285.198017,,,
1996-10,307.8779511,4330.952344,,,
1996-11,145.5213773,6862.507989,,,
1996-12,2320.387833,10072.53474,,,
1997-01,1207.678386,16589.37996,,100154.9779,184136.8641
1997-02,7228.018386,10581.99754,,,
1997-03,10509.43562,14121.28172,,,
1997-04,19313.20389,16584.83716,,,
1997-05,13423.39746,40137.31889,,,
1997-06,29945.94416,36553.35384,,,
1997-07,4051.288719,21697.6677,,,
1997-08,905.2042976,9699.67177,,,
1997-09,480.565143,5733.557093,,,
1997-10,2490.429762,3658.667575,,,
1997-11,9347.755361,4333.683388,,,
1997-12,1252.05675,4445.447489,,,
1998-01,1587.574469,4883.627688,,55161.63989,167578.2982
1998-02,1577.743706,7913.644832,,,
1998-03,8431.577798,8359.802237,,,
1998-04,2472.395513,11980.23491,,,
1998-05,9456.974717,31978.37069,,,
1998-06,18892.71283,47470.14643,,,
1998-07,6940.278033,22245.92875,,,
1998-08,326.6067617,10560.2085,,,
1998-09,83.12056783,8101.222277,,,
1998-10,482.2569391,5266.853551,,,
1998-11,2676.145837,4559.648582,,,
1998-12,2234.252713,4258.609714,,,
1999-01,778.684857,4824.124633,,68664.24293,105628.2336
1999-02,2863.256043,5426.827096,,,
1999-03,10097.24969,6948.715883,,,
1999-04,7680.706599,8658.179493,,,
1999-05,6499.091126,24292.77061,,,
1999-06,23255.08544,25275.15361,,,
1999-07,13347.2035,11600.98698,,,
1999-08,1346.995387,5226.638664,,,
1999-09,251.8350228,3731.170489,,,
1999-10,1242.870448,3045.959382,,,
1999-11,790.4950092,3417.192814,,,
1999-12,510.7697994,3180.513973,,,
2000-01,21025.08954,5490.875045,,114619.6797,103996.4591
2000-02,5991.446157,5413.34732,,,
2000-03,19753.35564,7074.346165,,,
2000-04,3709.131784,10292.85423,,,
2000-05,26619.33964,25358.43031,,,
2000-06,21976.32377,24583.14047,,,
2000-07,9605.874603,9004.444498,,,
2000-08,2696.991262,4120.445398,,,
2000-09,345.5886185,3232.560168,,,
2000-10,224.7480758,2950.274204,,,
2000-11,1803.798262,3625.221819,,,
2000-12,867.9923752,2850.519425,,,
2001-01,1206.601162,3105.90938,,96257.4499,88359.1275
2001-02,3892.156861,3932.925909,,,
2001-03,16084.60634,6479.030683,,,
2001-04,7792.62821,9506.082841,,,
2001-05,7390.467562,24463.85535,,,
2001-06,18136.20772,17592.01,,,
2001-07,35966.95284,7314.396004,,,
2001-08,1591.051665,3793.38803,,,
2001-09,3.929883565,2739.49462,,,
2001-10,39.15512496,2226.172222,,,
2001-11,3161.940619,3038.618714,,,
2001-12,991.7519201,4167.243752,,,
2002-01,691.486118,3783.674999,,165336.0859,89667.76513
2002-02,3379.363127,3968.038446,,,
2002-03,12947.97832,5519.862296,,,
2002-04,18252.25465,7755.85021,,,
2002-05,30590.05696,20642.19703,,,
2002-06,78617.6671,21141.71916,,,
2002-07,15664.96345,8694.784292,,,
2002-08,2249.203923,4021.521184,,,
2002-09,0,2486.255902,,,
2002-10,1262.588497,2200.17414,,,
2002-11,307.2175464,3726.651871,,,
2002-12,1373.306218,5727.035606,,,
2003-01,1693.495326,4645.929214,,50736.18963,101218.1314
2003-02,1719.975859,5152.488015,,,
2003-03,7264.833252,6692.932364,,,
2003-04,7018.025489,7972.18474,,,
2003-05,17319.37096,24372.94967,,,
2003-06,11075.9323,23233.83927,,,
2003-07,1663.761783,11153.22334,,,
2003-08,185.8324974,5113.109734,,,
2003-09,868.812499,3475.018287,,,
2003-10,639.2738736,2820.986453,,,
2003-11,408.1881266,2670.641206,,,
2003-12,878.687666,3914.829107,,,
2004-01,592.2348858,3482.238413,,11981.47254,102885.0739
2004-02,721.4220678,5048.148873,,,
2004-03,2962.14787,8197.167309,,,
2004-04,3170.102718,9547.345135,,,
2004-05,1360.575444,22557.31645,,,
2004-06,253.4639204,23190.36596,,,
2004-07,101.0395724,9530.616927,,,
2004-08,139.5479424,4203.508829,,,
2004-09,3.607809305,2737.727066,,,
2004-10,1178.842054,3376.86332,,,
2004-11,932.0818736,4676.890418,,,
2004-12,566.4063851,6336.885207,,,
2005-01,1094.899073,7713.773959,,63091.15365,182074.0924
2005-02,2431.789029,7767.85589,,,
2005-03,17468.14384,9803.559248,,,
2005-04,5592.410457,12410.65945,,,
2005-05,9547.844569,40079.51006,,,
2005-06,7997.414018,44702.51172,,,
2005-07,4869.314002,27572.5209,,,
2005-08,1499.842705,10285.16918,,,
2005-09,142.8094174,5605.057711,,,
2005-10,328.8094649,3974.701967,,,
2005-11,2485.14874,4174.682282,,,
2005-12,9632.72834,7984.089996,,,
,,7825.128915,,0,230622.2342
,,8323.982509,,,
,,9028.161993,,,
,,16501.84852,,,
,,57211.21598,,,
,,72395.80571,,,
,,32042.39305,,,
,,9401.526613,,,
,,5851.703139,,,
,,3954.931729,,,
,,4449.382164,,,
,,3636.153842,,,
,,4202.767654,,0,74438.40916
,,4377.518932,,,
,,6387.176689,,,
,,7475.897762,,,
,,16978.58768,,,
,,15118.66768,,,
,,6437.05944,,,
,,3454.216248,,,
,,2312.422241,,,
,,2013.441719,,,
,,2759.516457,,,
,,2921.136655,,,
,,6649.437961,,0,126881.596
,,5120.465799,,,
,,7797.988,,,
,,11057.05432,,,
,,28402.49762,,,
,,33669.00199,,,
,,13710.97256,,,
,,4898.462083,,,
,,3738.703595,,,
,,2944.847158,,,
,,4602.689604,,,
,,4289.475294,,,
,,4581.142761,,0,125447.2798
,,5746.439138,,,
,,8271.076772,,,
,,10585.57935,,,
,,30683.75634,,,
,,32271.48321,,,
,,12781.91981,,,
,,5449.496986,,,
,,3362.877386,,,
,,3490.718835,,,
,,3891.535898,,,
,,4331.253364,,,
,,5096.091756,,0,162492.3805
,,6260.616672,,,
,,8003.327298,,,
,,11350.26666,,,
,,29115.46478,,,
,,44693.58545,,,
,,19923.23445,,,
,,6754.93187,,,
,,4778.76096,,,
,,5906.916906,,,
,,6887.279849,,,
,,13721.90382,,,
,,11423.18347,,0,221206.3937
,,9450.68805,,,
,,12934.22448,,,
,,17622.17944,,,
,,40185.01408,,,
,,62010.28593,,,
,,34853.80744,,,
,,12239.24378,,,
,,7597.990638,,,
,,4812.092654,,,
,,3969.697673,,,
,,4107.986068,,,
,,4165.732975,,0,85762.94
,,4415.408972,,,
,,6218.138779,,,
,,7935.421189,,,
,,17952.72036,,,
,,18813.73712,,,
,,6905.782984,,,
,,4092.558547,,,
,,2827.089832,,,
,,2569.149576,,,
,,3307.982626,,,
,,6559.217035,,,
,,4403.080472,,0,87751.73258
,,4882.570215,,,
,,6360.819799,,,
,,7813.154798,,,
,,20792.41918,,,
,,20782.08978,,,
,,7979.888362,,,
,,3721.596313,,,
,,2687.314983,,,
,,2523.109952,,,
,,2724.289023,,,
,,3081.3997,,,
,,2667.174732,,0,72324.11938
,,3450.738433,,,
,,6040.302366,,,
,,7813.168095,,,
,,17779.15448,,,
,,16312.47541,,,
,,5736.991019,,,
,,3108.1869,,,
,,2226.608802,,,
,,2149.088279,,,
,,2373.415393,,,
,,2666.81547,,,
,,2649.247572,,0,78280.64205
,,3430.405868,,,
,,6255.99222,,,
,,7426.281227,,,
,,17195.90498,,,
,,18024.1948,,,
,,7840.789688,,,
,,4174.722019,,,
,,2347.974189,,,
,,1988.920115,,,
,,3027.760108,,,
,,3918.449263,,,
,,4969.631446,,0,130734.9034
,,5990.766174,,,
,,8953.272611,,,
,,12190.85673,,,
,,28753.96013,,,
,,32465.2043,,,
,,13929.71601,,,
,,5392.765741,,,
,,3614.613335,,,
,,4642.515549,,,
,,4603.284763,,,
,,5228.316637,,,
,,26232.4874,,0,341178.2899
,,10733.9127,,,
,,16651.61724,,,
,,29921.80328,,,
,,80807.42843,,,
,,90448.79321,,,
,,44443.1023,,,
,,12560.33475,,,
,,10517.9739,,,
,,7537.967774,,,
,,5502.65863,,,
,,5820.210254,,,
,,5973.41499,,0,118231.5073
,,5151.18942,,,
,,6867.563982,,,
,,11540.80874,,,
,,26574.18493,,,
,,30968.65602,,,
,,11037.74675,,,
,,5260.195102,,,
,,4149.387235,,,
,,3197.662366,,,
,,3080.606247,,,
,,4430.091554,,,
,,5671.12594,,0,187188.0034
,,8324.605583,,,
,,9080.278012,,,
,,17864.39194,,,
,,40745.70102,,,
,,53386.70543,,,
,,24649.6709,,,
,,9201.90838,,,
,,6089.809855,,,
,,4194.892021,,,
,,4048.382857,,,
,,3930.531451,,,
,,4107.137286,,0,92117.16449
,,4436.755379,,,
,,5174.570534,,,
,,7325.565833,,,
,,21148.88742,,,
,,22444.50831,,,
,,11041.19166,,,
,,4259.759859,,,
,,3248.046428,,,
,,2766.123391,,,
,,3005.94314,,,
,,3158.675254,,,
,,4782.390825,,0,103228.1006
,,4610.658764,,,
,,5577.479924,,,
,,7446.472659,,,
,,20579.18429,,,
,,26234.2664,,,
,,9449.28892,,,
,,4161.008523,,,
,,2895.98225,,,
,,3793.660667,,,
,,4345.939398,,,
,,9351.767971,,,
,,8795.011996,,0,87472.07414
,,6457.154009,,,
,,7644.857205,,,
,,8164.489698,,,
,,21710.81609,,,
,,19825.28207,,,
,,10069.41919,,,
,,4805.043888,,,
